месяц,число,ИВБО-01-22,время,№                      ауд,Ссылка,ИВБО-02-22,время,№                      ауд,Ссылка,ИВБО-03-22,время,№                      ауд,Ссылка,ИВБО-04-22,время,№                      ауд,Ссылка,месяц,число,ИВБО-05-22,время,№                      ауд,Ссылка,ИВБО-06-22,время,№                      ауд,Ссылка,ИВБО-07-22,время,№                      ауд,Ссылка,ИВБО-08-22,время,№                      ауд,Ссылка,месяц,число,ИКБО-05-22,время,№                      ауд,Ссылка,ИКБО-04-22,время,№                      ауд,Ссылка,ИКБО-14-22,время,№                      ауд,Ссылка,ИКБО-15-22,время,№                      ауд,Ссылка,месяц,число,ИКБО-22-22,время,№                      ауд,Ссылка,ИКБО-35-22,время,№                      ауд,Ссылка,ИКБО-06-22,время,№                      ауд,Ссылка,ИКБО-07-22,время,№                      ауд,Ссылка,месяц,число,ИКБО-11-22,время,№                      ауд,Ссылка,ИКБО-12-22,время,№                      ауд,Ссылка,ИКБО-26-22,время,№                      ауд,Ссылка,ИКБО-27-22,время,№                      ауд,Ссылка,месяц,число,ИКБО-28-22,время,№                      ауд,Ссылка,ИКБО-32-22,время,№                      ауд,Ссылка,ИКБО-08-22,время,№                      ауд,Ссылка,ИКБО-09-22,время,№                      ауд,Ссылка,месяц,число,ИКБО-17-22,время,№                      ауд,Ссылка,ИКБО-18-22,время,№                      ауд,Ссылка,ИКБО-19-22,время,№                      ауд,Ссылка,ИКБО-21-22,время,№                      ауд,Ссылка,месяц,число,ИКБО-23-22,время,№                      ауд,Ссылка,ИКБО-29-22,время,№                      ауд,Ссылка,ИКБО-25-22,время,№                      ауд,Ссылка,ИКБО-31-22,время,№                      ауд,Ссылка,месяц,число,ИКБО-37-22,время,№                      ауд,Ссылка,ИКБО-01-22,время,№                      ауд,Ссылка,ИКБО-02-22,время,№                      ауд,Ссылка,ИКБО-16-22,время,№                      ауд,Ссылка,месяц,число,ИКБО-20-22,время,№                      ауд,Ссылка,ИКБО-30-22,время,№                      ауд,Ссылка,ИКБО-36-22,время,№                      ауд,Ссылка,ИКБО-38-22,время,№                      ауд,Ссылка,месяц,число,ИКБО-10-22,время,№                      ауд,Ссылка,ИКБО-24-22,время,№                      ауд,Ссылка,ИКБО-34-22,время,№                      ауд,Ссылка,ИКБО-03-22,время,№                      ауд,Ссылка,месяц,число,ИКБО-13-22,время,№                      ауд,Ссылка,ИКБО-33-22,время,№                      ауд,Ссылка,ИМБО-01-22,время,№                      ауд,Ссылка,ИМБО-02-22,время,№                      ауд,Ссылка,месяц,число,ИНБО-05-22,время,№                      ауд,Ссылка,ИНБО-06-22,время,№                      ауд,Ссылка,ИНБО-10-22,время,№                      ауд,Ссылка,ИНБО-11-22,время,№                      ауд,Ссылка,месяц,число,ИНБО-01-22,время,№                      ауд,Ссылка,ИНБО-02-22,время,№                      ауд,Ссылка,ИНБО-03-22,время,№                      ауд,Ссылка,ИНБО-04-22,время,№                      ауд,Ссылка,месяц,число,ИНБО-09-22,время,№                      ауд,Ссылка,ИНБО-07-22,время,№                      ауд,Ссылка,ИНБО-08-22,время,№                      ауд,Ссылка,ИНБО-12-22,время,№                      ауд,Ссылка
Я            Н           В          А          Р          Ь,09 пн,Консультация,10-30,А-18,,Консультация,10-30,А-18,,Консультация,10-30,А-18,,Консультация,10-30,А-18,,Я            Н           В          А          Р          Ь,09 пн,Консультация,10-30,А-18,,Консультация,10-30,А-13,,Консультация,10-30,А-13,,Консультация,10-30,А-13,,Я            Н           В          А          Р          Ь,09 пн,Консультация,10-30,А-17,,Консультация,10-30,А-17,,Консультация,10-30,А-17,,Консультация,10-30,А-17,,Я            Н           В          А          Р          Ь,09 пн,Консультация,10-30,А-17,,Консультация,10-30,А-17,,Консультация,9-00,А-17,,Консультация,9-00,А-17,,Я            Н           В          А          Р          Ь,09 пн,Консультация,9-00,А-17,,Консультация,9-00,А-17,,Консультация,9-00,А-17,,,,,,Я            Н           В          А          Р          Ь,09 пн,,,,,,,,,Консультация,9-00,А-18,,Консультация,9-00,А-18,,Я            Н           В          А          Р          Ь,09 пн,Консультация,9-00,А-18,,Консультация,9-00,А-18,,Консультация,9-00,А-18,,Консультация,12-00,А-18,,Я            Н           В          А          Р          Ь,09 пн,Консультация,12-00,А-18,,Консультация,12-00,А-18,,Консультация,12-00,А-18,,Консультация,12-00,А-18,,Я            Н           В          А          Р          Ь,09 пн,Консультация,12-00,А-18,,Консультация,13-30,А-17,,Консультация,13-30,А-17,,Консультация,13-30,А-17,,Я            Н           В          А          Р          Ь,09 пн,Консультация,13-30,А-17,,Консультация,13-30,А-17,,Консультация,13-30,А-17,,Консультация,13-30,А-17,,Я            Н           В          А          Р          Ь,09 пн,Консультация,13-30,А-18,,Консультация,13-30,А-18,,Консультация,13-30,А-18,,Консультация,13-30,А-18,,Я            Н           В          А          Р          Ь,09 пн,Консультация,13-30,А-18,,Консультация,13-30,А-18,,Консультация,15-00,А-18,,Консультация,15-00,А-18,,Я            Н           В          А          Р          Ь,09 пн,Консультация,15-00,А-18,,Консультация,15-00,А-18,,Консультация,15-00,А-18,,Консультация,15-00,А-18,,Я            Н           В          А          Р          Ь,09 пн,,,,,,,,,,,,,Консультация,10-30,А-13,,Я            Н           В          А          Р          Ь,09 пн,Консультация,10-30,А-13,,Консультация,10-30,А-13,,Консультация,10-30,А-13,,Консультация,10-30,А-13,
,,Информатика,,,,Информатика,,,,Информатика,,,,Информатика,,,,,,Информатика,,,,История,,,,История,,,,История,,,,,,История,,,,История,,,,История,,,,История,,,,,,История,,,,История,,,,История,,,,История,,,,,,История,,,,История,,,,История,,,,,,,,,,,,,,,,,,Информатика,,,,Информатика,,,,,,Информатика,,,,Информатика,,,,Информатика,,,,Информатика,,,,,,Информатика,,,,Информатика,,,,Информатика,,,,Информатика,,,,,,Информатика,,,,История,,,,История,,,,История,,,,,,История,,,,История,,,,История,,,,История,,,,,,Информатика,,,,Информатика,,,,Информатика,,,,Информатика,,,,,,Информатика,,,,Информатика,,,,Информатика,,,,Информатика,,,,,,Информатика,,,,Информатика,,,,Информатика,,,,Информатика,,,,,,,,,,,,,,,,,,История,,,,,,История,,,,История,,,,История,,,,История,,,
,,Воронов Г.Б.,,,,Воронов Г.Б.,,,,Воронов Г.Б.,,,,Воронов Г.Б.,,,,,,Воронов Г.Б.,,,,Клейтман А.Л.,,,,Клейтман А.Л.,,,,Клейтман А.Л.,,,,,,Павлова О.Ф.,,,,Павлова О.Ф.,,,,Павлова О.Ф.,,,,Павлова О.Ф.,,,,,,Павлова О.Ф.,,,,Павлова О.Ф.,,,,Павлова О.Ф.,,,,Павлова О.Ф.,,,,,,Павлова О.Ф.,,,,Павлова О.Ф.,,,,Павлова О.Ф.,,,,,,,,,,,,,,,,,,Воронов Г.Б.,,,,Воронов Г.Б.,,,,,,Воронов Г.Б.,,,,Воронов Г.Б.,,,,Воронов Г.Б.,,,,Смирнов С.С.,,,,,,Смирнов С.С.,,,,Смирнов С.С.,,,,Смирнов С.С.,,,,Смирнов С.С.,,,,,,Смирнов С.С.,,,,Мельтюхов М.И.,,,,Мельтюхов М.И.,,,,Мельтюхов М.И.,,,,,,Мельтюхов М.И.,,,,Мельтюхов М.И.,,,,Мельтюхов М.И.,,,,Мельтюхов М.И.,,,,,,Смирнов С.С.,,,,Смирнов С.С.,,,,Смирнов С.С.,,,,Смирнов С.С.,,,,,,Смирнов С.С.,,,,Смирнов С.С.,,,,Норица В.М.,,,,Норица В.М.,,,,,,Норица В.М.,,,,Норица В.М.,,,,Норица В.М.,,,,Норица В.М.,,,,,,,,,,,,,,,,,,Клейтман А.Л.,,,,,,Клейтман А.Л.,,,,Клейтман А.Л.,,,,Клейтман А.Л.,,,,Клейтман А.Л.,,,
,"10
вт",,,,,,,,,,,,,,,,,,"10
вт",,,,,Экзамен,9-00,А-208,,,,,,Экзамен,9-00,А-325,,,"10
вт",,,,,,,,,Экзамен,9-00,А-203,,,,,,,"10
вт",,,,,,,,,Экзамен,9-00,А-328,,Экзамен,12-00,А-325,,,"10
вт",Экзамен,12-00,А-203,,Экзамен,12-00,А-328,,Экзамен,12-00,А-208,,,,,,,"10
вт",,,,,,,,,Экзамен,9-00,А-17,,Экзамен,9-00,А-17,,,"10
вт",Экзамен,10-40,А-17,,Экзамен,10-40,А-17,,Экзамен,12-40,А-17,,Экзамен,12-40,А-17,,,"10
вт",,,,,,,,,Экзамен,14-20,А-17,,Экзамен,14-20,А-17,,,"10
вт",,,,,,,,,,,,,,,,,,"10
вт",,,,,,,,,,,,,,,,,,"10
вт",,,,,,,,,,,,,,,,,,"10
вт",,,,,,,,,,,,,,,,,,"10
вт",,,,,,,,,,,,,,,,,,"10
вт",Консультация,10-30,А-5,,Консультация,10-30,А-5,,Консультация,10-30,А-5,,Экзамен,9-00,А-218,,,"10
вт",Экзамен,12-00,А-218,,,,,,,,,,,,,
,,,,,,,,,,,,,,,,,,,,,,,,История,,,,,,,,История,,,,,,,,,,,,,,История,,,,,,,,,,,,,,,,,,История,,,,История,,,,,,История,,,,История,,,,История,,,,,,,,,,,,,,,,,,Информатика,,,,Информатика,,,,,,Информатика,,,,Информатика,,,,Информатика,,,,Информатика,,,,,,,,,,,,,,Информатика,,,,Информатика,,,,,,,,,,,,,,,,,,,,,,,,,,,,,,,,,,,,,,,,,,,,,,,,,,,,,,,,,,,,,,,,,,,,,,,,,,,,,,,,,,,,,,,,,,,,,,,,История,,,,История,,,,История,,,,История,,,,,,История,,,,,,,,,,,,,,,
,,,,,,,,,,,,,,,,,,,,,,,,Гриценко С.А.,,,,,,,,Мельтюхов М.И.,,,,,,,,,,,,,,Савка О.Г.,,,,,,,,,,,,,,,,,,Павлова О.Ф.,,,,Мельтюхов М.И.,,,,,,Савка О.Г.,,,,Павлова О.Ф.,,,,Гриценко С.А.,,,,,,,,,,,,,,,,,,,,,,,,,,,,,,,,,,,,,,,,,,,,,,,,,,,,,,,,,,,,,,,,,,,,,,,,,,,,,,,,,,,,,,,,,,,,,,,,,,,,,,,,,,,,,,,,,,,,,,,,,,,,,,,,,,,,,,,,,,,,,,,,,,,,,,,,,,Климочкина А.Ю.,,,,Климочкина А.Ю.,,,,Климочкина А.Ю.,,,,Клейтман А.Л.,,,,,,Клейтман А.Л.,,,,,,,,,,,,,,,
,"11
ср",Экзамен,9-00,А-17,,Экзамен,9-00,А-17,,Экзамен,10-40,А-17,,Экзамен,10-40,А-17,,,"11
ср",Экзамен,12-40,А-17,,,,,,,,,,,,,,,"11
ср",Экзамен,9-00,А-328,,Экзамен,12-00,А-328,,,,,,Экзамен,9-00,А-203,,,"11
ср",,,,,,,,,,,,,,,,,,"11
ср",,,,,,,,,,,,,Консультация,13-00,А-11,,,"11
ср",Консультация,13-00,А-11,,Консультация,13-00,А-11,,,,,,,,,,,"11
ср",,,,,,,,,,,,,,,,,,"11
ср",Экзамен,12-40,А-17,,Экзамен,14-20,А-17,,,,,,,,,,,"11
ср",Экзамен,14-20,А-17,,,,,,,,,,,,,,,"11
ср",,,,,Экзамен,9-00,А-220,,,,,,,,,,,"11
ср",,,,,,,,,,,,,,,,,,"11
ср",,,,,,,,,,,,,,,,,,"11
ср",,,,,,,,,,,,,,,,,,"11
ср",,,,,Экзамен,12-00,А-220,,Экзамен,9-00,А-325,,Консультация,13-00,А-11,,,"11
ср",Консультация,13-00,А-11,,Экзамен,9-00,А-219,,Экзамен,12-00,А-219,,Экзамен,12-00,А-203,
,,Информатика,,,,Информатика,,,,Информатика,,,,Информатика,,,,,,Информатика,,,,,,,,,,,,,,,,,,История,,,,История,,,,,,,,История,,,,,,,,,,,,,,,,,,,,,,,,,,,,,,,,,,,,Информатика,,,,,,Информатика,,,,Информатика,,,,,,,,,,,,,,,,,,,,,,,,,,,,,,,,Информатика,,,,Информатика,,,,,,,,,,,,,,Информатика,,,,,,,,,,,,,,,,,,,,,,История,,,,,,,,,,,,,,,,,,,,,,,,,,,,,,,,,,,,,,,,,,,,,,,,,,,,,,,,,,,,,,,,,,,,,,,,История,,,,История,,,,Информатика,,,,,,Информатика,,,,История,,,,История,,,,История,,,
,,,,,,,,,,,,,,,,,,,,,,,,,,,,,,,,,,,,,,Павлова О.Ф.,,,,Павлова О.Ф.,,,,,,,,Савка О.Г.,,,,,,,,,,,,,,,,,,,,,,,,,,,,,,,,,,,,Смирнов С.С.,,,,,,Смирнов С.С.,,,,Смирнов С.С.,,,,,,,,,,,,,,,,,,,,,,,,,,,,,,,,,,,,,,,,,,,,,,,,,,,,,,,,,,,,,,,,,,,,,,,,Климочкина А.Ю.,,,,,,,,,,,,,,,,,,,,,,,,,,,,,,,,,,,,,,,,,,,,,,,,,,,,,,,,,,,,,,,,,,,,,,,,Климочкина А.Ю.,,,,Гриценко С.А.,,,,Смирнов С.С.,,,,,,Смирнов С.С.,,,,Клейтман А.Л.,,,,Клейтман А.Л.,,,,Савка О.Г.,,,
,"12
чт",,,,,,,,,,,,,,,,,,"12
чт",,,,,,,,,Экзамен,9-00,А-219,,,,,,,"12
чт",,,,,,,,,,,,,,,,,,"12
чт",Экзамен,9-00,А-325,,Экзамен,12-00,А-219,,,,,,,,,,,"12
чт",,,,,,,,,,,,,,,,,,"12
чт",,,,,,,,,Консультация,9-00,А-13,,Консультация,9-00,А-13,,,"12
чт",Консультация,9-00,А-13,,Консультация,9-00,А-13,,Консультация,9-00,А-13,,Консультация,10-30,А-13,,,"12
чт",Консультация,10-30,А-13,,Консультация,10-30,А-13,,Консультация,10-30,А-13,,Консультация,10-30,А-13,,,"12
чт",Консультация,10-30,А-13,,,,,,,,,,,,,,,"12
чт",,,,,,,,,,,,,,,,,,"12
чт",Экзамен,14-20,А-17,,Экзамен,14-20,А-17,,Экзамен,12-40,А-17,,Экзамен,12-40,А-17,,,"12
чт",Экзамен,10-40,А-17,,Экзамен,10-40,А-17,,Экзамен,9-00,А-17,,Экзамен,9-00,А-17,,,"12
чт",,,,,,,,,,,,,,,,,,"12
чт",Экзамен,12-00,А-325,,,,,,,,,,,,,,,"12
чт",,,,,,,,,,,,,,,,
,,,,,,,,,,,,,,,,,,,,,,,,,,,,История,,,,,,,,,,,,,,,,,,,,,,,,,,,,История,,,,История,,,,,,,,,,,,,,,,,,,,,,,,,,,,,,,,,,,,,,,,История,,,,История,,,,,,История,,,,История,,,,История,,,,История,,,,,,История,,,,История,,,,История,,,,История,,,,,,История,,,,,,,,,,,,,,,,,,,,,,,,,,,,,,,,,,,,Информатика,,,,Информатика,,,,Информатика,,,,Информатика,,,,,,Информатика,,,,Информатика,,,,Информатика,,,,Информатика,,,,,,,,,,,,,,,,,,,,,,,,История,,,,,,,,,,,,,,,,,,,,,,,,,,,,,,,,,
,,,,,,,,,,,,,,,,,,,,,,,,,,,,Клейтман А.Л.,,,,,,,,,,,,,,,,,,,,,,,,,,,,Павлова О.Ф.,,,,Клейтман А.Л.,,,,,,,,,,,,,,,,,,,,,,,,,,,,,,,,,,,,,,,,Гриценко С.А.,,,,Гриценко С.А.,,,,,,Гриценко С.А.,,,,Гриценко С.А.,,,,Гриценко С.А.,,,,Гриценко С.А.,,,,,,Гриценко С.А.,,,,Гриценко С.А.,,,,Гриценко С.А.,,,,Гриценко С.А.,,,,,,Гриценко С.А.,,,,,,,,,,,,,,,,,,,,,,,,,,,,,,,,,,,,,,,,,,,,,,,,,,,,,,,,,,,,,,,,,,,,,,,,,,,,,,,,,,,,,,,,,,Павлова О.Ф.,,,,,,,,,,,,,,,,,,,,,,,,,,,,,,,,,
,"13
пт",,,,,,,,,,,,,,,,,,"13
пт",,,,,,,,,,,,,,,,,,"13
пт",,,,,,,,,,,,,,,,,,"13
пт",,,,,,,,,Консультация,10-30,А-18,,Консультация,10-30,А-18,,,"13
пт",Консультация,10-30,А-18,,Консультация,10-30,А-18,,Консультация,10-30,А-18,,,,,,,"13
пт",Экзамен,14-20,А-17,,Экзамен,14-20,А-17,,Экзамен,12-00,А-218,,Экзамен,9-00,А-325,,,"13
пт",Экзамен,12-00,А-325,,Экзамен,9-00,А-204,,Экзамен,9-00,А-205,,Экзамен,9-00,А-218,,,"13
пт",,,,,,,,,,,,,Экзамен,12-00,А-205,,,"13
пт",,,,,Экзамен,9-00,А-203,,Экзамен,12-00,А-203,,Экзамен,12-00,А-204,,,"13
пт",,,,,,,,,,,,,,,,,,"13
пт",,,,,,,,,,,,,,,,,,"13
пт",,,,,,,,,,,,,,,,,,"13
пт",Экзамен,12-40,А-17,,Экзамен,12-40,А-17,,Экзамен,10-40,А-17,,Экзамен,10-40,А-17,,,"13
пт",,,,,,,,,,,,,Экзамен,9-00,А-17,,,"13
пт",Экзамен,9-00,А-17,,,,,,,,,,,,,
,,,,,,,,,,,,,,,,,,,,,,,,,,,,,,,,,,,,,,,,,,,,,,,,,,,,,,,,,,,,,,,,Информатика,,,,Информатика,,,,,,Информатика,,,,Информатика,,,,Информатика,,,,,,,,,,Информатика,,,,Информатика,,,,История,,,,История,,,,,,История,,,,История,,,,История,,,,История,,,,,,,,,,,,,,,,,,История,,,,,,,,,,История,,,,История,,,,История,,,,,,,,,,,,,,,,,,,,,,,,,,,,,,,,,,,,,,,,,,,,,,,,,,,,,,,,,,,,Информатика,,,,Информатика,,,,Информатика,,,,Информатика,,,,,,,,,,,,,,,,,,Информатика,,,,,,Информатика,,,,,,,,,,,,,,,
,,,,,,,,,,,,,,,,,,,,,,,,,,,,,,,,,,,,,,,,,,,,,,,,,,,,,,,,,,,,,,,,Смольянинова В.А.,,,,Смольянинова В.А.,,,,,,Смольянинова В.А.,,,,Смольянинова В.А.,,,,Смольянинова В.А.,,,,,,,,,,,,,,,,,,Клейтман А.Л.,,,,Павлова О.Ф.,,,,,,Павлова О.Ф.,,,,Гриценко С.А.,,,,Мельтюхов М.И.,,,,Клейтман А.Л.,,,,,,,,,,,,,,,,,,Мельтюхов М.И.,,,,,,,,,,Савка О.Г.,,,,Савка О.Г.,,,,Гриценко С.А.,,,,,,,,,,,,,,,,,,,,,,,,,,,,,,,,,,,,,,,,,,,,,,,,,,,,,,,,,,,,,,,,,,,,,,,,,,,,,,,,,,,,,,,,,,,,,,,,,,,,,,,,,,,,,,,
,"14
сб",Консультация,9-00,А-11,,Консультация,9-00,А-11,,Консультация,9-00,А-11,,Консультация,9-00,А-11,,,"14
сб",Консультация,9-00,А-11,,Консультация,10-30,А-11,,Консультация,10-30,А-11,,Консультация,10-30,А-11,,,"14
сб",,,,,,,,,,,,,,,,,,"14
сб",,,,,,,,,Экзамен,9-00,А-17,,Экзамен,9-00,А-17,,,"14
сб",Экзамен,10-40,А-17,,Экзамен,10-40,А-17,,Экзамен,12-40,А-17,,Экзамен,12-40,А-17,,,"14
сб",,,,,,,,,,,,,,,,,,"14
сб",,,,,,,,,,,,,,,,,,"14
сб",Экзамен,9-00,А-210,,Экзамен,12-00,А-210,,Экзамен,9-00,А-328,,,,,,,"14
сб",Экзамен,12-00,А-328,,,,,,,,,,,,,,,"14
сб",Экзамен,9-00,А-324,,,,,,Экзамен,9-00,А-325,,Экзамен,12-00,А-325,,,"14
сб",Консультация,13-30,А-11,,Консультация,13-30,А-11,,Консультация,13-30,А-11,,Консультация,13-30,А-11,,,"14
сб",Консультация,13-30,А-11,,Консультация,13-30,А-11,,Консультация,15-00,А-11,,Консультация,15-00,А-11,,,"14
сб",Консультация,15-00,А-11,,Консультация,15-00,А-11,,Консультация,15-00,А-11,,Консультация,15-00,А-11,,,"14
сб",Консультация,12-00,А-11,,Консультация,12-00,А-11,,Консультация,12-00,А-11,,Консультация,12-00,А-11,,,"14
сб",Консультация,12-00,А-11,,Консультация,10-30,А-11,,Консультация,10-30,А-11,,Консультация,10-30,А-11,
,,Линейная алгебра и аналитическая геометрия,,,,Линейная алгебра и аналитическая геометрия,,,,Линейная алгебра и аналитическая геометрия,,,,Линейная алгебра и аналитическая геометрия,,,,,,Линейная алгебра и аналитическая геометрия,,,,Линейная алгебра и аналитическая геометрия,,,,Линейная алгебра и аналитическая геометрия,,,,Линейная алгебра и аналитическая геометрия,,,,,,,,,,,,,,,,,,,,,,,,,,,,,,,,Информатика,,,,Информатика,,,,,,Информатика,,,,Информатика,,,,Информатика,,,,Информатика,,,,,,,,,,,,,,,,,,,,,,,,,,,,,,,,,,,,,,,,,,История,,,,История,,,,История,,,,,,,,,,История,,,,,,,,,,,,,,,,,,История,,,,,,,,История,,,,История,,,,,,Линейная алгебра и аналитическая геометрия,,,,Линейная алгебра и аналитическая геометрия,,,,Линейная алгебра и аналитическая геометрия,,,,Линейная алгебра и аналитическая геометрия,,,,,,Линейная алгебра и аналитическая геометрия,,,,Линейная алгебра и аналитическая геометрия,,,,Линейная алгебра и аналитическая геометрия,,,,Линейная алгебра и аналитическая геометрия,,,,,,Линейная алгебра и аналитическая геометрия,,,,Линейная алгебра и аналитическая геометрия,,,,Линейная алгебра и аналитическая геометрия,,,,Линейная алгебра и аналитическая геометрия,,,,,,Линейная алгебра и аналитическая геометрия,,,,Линейная алгебра и аналитическая геометрия,,,,Линейная алгебра и аналитическая геометрия,,,,Линейная алгебра и аналитическая геометрия,,,,,,Линейная алгебра и аналитическая геометрия,,,,Линейная алгебра и аналитическая геометрия,,,,Линейная алгебра и аналитическая геометрия,,,,Линейная алгебра и аналитическая геометрия,,,
,,Горшунова Т.А.,,,,Горшунова Т.А.,,,,Горшунова Т.А.,,,,Горшунова Т.А.,,,,,,Горшунова Т.А.,,,,Пронина Е.В.,,,,Пронина Е.В.,,,,Пронина Е.В.,,,,,,,,,,,,,,,,,,,,,,,,,,,,,,,,,,,,,,,,,,,,,,,,,,,,,,,,,,,,,,,,,,,,,,,,,,,,,,,,,,,,,,,,,,,,,,,,Климочкина А.Ю.,,,,Климочкина А.Ю.,,,,Павлова О.Ф.,,,,,,,,,,Павлова О.Ф.,,,,,,,,,,,,,,,,,,Гриценко С.А.,,,,,,,,Клейтман А.Л.,,,,Клейтман А.Л.,,,,,,Пихтилькова О.А.,,,,Пихтилькова О.А.,,,,Пихтилькова О.А.,,,,Пихтилькова О.А.,,,,,,Пихтилькова О.А.,,,,Пихтилькова О.А.,,,,Пихтилькова О.А.,,,,Пихтилькова О.А.,,,,,,Пихтилькова О.А.,,,,Пихтилькова О.А.,,,,Пихтилькова О.А.,,,,Пихтилькова О.А.,,,,,,Пронина Е.В.,,,,Пронина Е.В.,,,,Пронина Е.В.,,,,Пронина Е.В.,,,,,,Пронина Е.В.,,,,Пронина Е.В.,,,,Пронина Е.В.,,,,Пронина Е.В.,,,
,15,,,,,,,,,,,,,,,,,,15,,,,,,,,,,,,,,,,,,15,,,,,,,,,,,,,,,,,,15,,,,,,,,,,,,,,,,,,15,,,,,,,,,,,,,,,,,,15,,,,,,,,,,,,,,,,,,15,,,,,,,,,,,,,,,,,,15,,,,,,,,,,,,,,,,,,15,,,,,,,,,,,,,,,,,,15,,,,,,,,,,,,,,,,,,15,,,,,,,,,,,,,,,,,,15,,,,,,,,,,,,,,,,,,15,,,,,,,,,,,,,,,,,,15,,,,,,,,,,,,,,,,,,15,,,,,,,,,,,,,,,,
,"16
пн",Экзамен,9-00,А-9,,Экзамен,9-00,А-9,,Экзамен,10-40,А-9,,Экзамен,10-40,А-9,,,"16
пн",Экзамен,12-40,А-9,,Экзамен,12-40,А-9,,Экзамен,14-20,А-9,,Экзамен,14-20,А-9,,,"16
пн",Консультация,9-00,А-11,,Консультация,9-00,А-11,,Консультация,9-00,А-11,,Консультация,9-00,А-11,,,"16
пн",Консультация,9-00,А-11,,Консультация,9-00,А-11,,,,,,,,,,,"16
пн",,,,,,,,,,,,,Консультация,13-30,А-5,,,"16
пн",Консультация,13-30,А-5,,Консультация,13-30,А-5,,Консультация,13-30,А-11,,Консультация,13-30,А-11,,,"16
пн",Консультация,13-30,А-11,,Консультация,13-30,А-11,,Консультация,13-30,А-11,,Консультация,15-00,А-11,,,"16
пн",Консультация,15-00,А-11,,Консультация,15-00,А-11,,Консультация,15-00,А-11,,Консультация,15-00,А-11,,,"16
пн",Консультация,15-00,А-11,,Консультация,10-40,А-11,,Консультация,10-40,А-11,,Консультация,10-40,А-11,,,"16
пн",Консультация,10-40,А-11,,Консультация,10-40,А-11,,Консультация,10-40,А-11,,Консультация,10-40,А-11,,,"16
пн",Экзамен,9-00,А-10,,Экзамен,9-00,А-10,,Экзамен,10-40,А-10,,Экзамен,10-40,А-10,,,"16
пн",Экзамен,12-40,А-10,,Экзамен,12-40,А-10,,,,,,,,,,,"16
пн",,,,,,,,,,,,,,,,,,"16
пн",,,,,,,,,Экзамен,14-20,А-10,,Экзамен,14-20,А-10,,,"16
пн",Экзамен,16-20,А-10,,Экзамен,16-20,А-10,,Экзамен,16-20,А-9,,Экзамен,16-20,А-9,
,,Линейная алгебра и аналитическая геометрия,,,,Линейная алгебра и аналитическая геометрия,,,,Линейная алгебра и аналитическая геометрия,,,,Линейная алгебра и аналитическая геометрия,,,,,,Линейная алгебра и аналитическая геометрия,,,,Линейная алгебра и аналитическая геометрия,,,,Линейная алгебра и аналитическая геометрия,,,,Линейная алгебра и аналитическая геометрия,,,,,,Линейная алгебра и аналитическая геометрия,,,,Линейная алгебра и аналитическая геометрия,,,,Линейная алгебра и аналитическая геометрия,,,,Линейная алгебра и аналитическая геометрия,,,,,,Линейная алгебра и аналитическая геометрия,,,,Линейная алгебра и аналитическая геометрия,,,,,,,,,,,,,,,,,,,,,,,,,,Линейная алгебра и аналитическая геометрия,,,,,,Линейная алгебра и аналитическая геометрия,,,,Линейная алгебра и аналитическая геометрия,,,,Линейная алгебра и аналитическая геометрия,,,,Линейная алгебра и аналитическая геометрия,,,,,,Линейная алгебра и аналитическая геометрия,,,,Линейная алгебра и аналитическая геометрия,,,,Линейная алгебра и аналитическая геометрия,,,,Линейная алгебра и аналитическая геометрия,,,,,,Линейная алгебра и аналитическая геометрия,,,,Линейная алгебра и аналитическая геометрия,,,,Линейная алгебра и аналитическая геометрия,,,,Линейная алгебра и аналитическая геометрия,,,,,,Линейная алгебра и аналитическая геометрия,,,,Линейная алгебра и аналитическая геометрия,,,,Линейная алгебра и аналитическая геометрия,,,,Линейная алгебра и аналитическая геометрия,,,,,,Линейная алгебра и аналитическая геометрия,,,,Линейная алгебра и аналитическая геометрия,,,,Линейная алгебра и аналитическая геометрия,,,,Линейная алгебра и аналитическая геометрия,,,,,,Линейная алгебра и аналитическая геометрия,,,,Линейная алгебра и аналитическая геометрия,,,,Линейная алгебра и аналитическая геометрия,,,,Линейная алгебра и аналитическая геометрия,,,,,,Линейная алгебра и аналитическая геометрия,,,,Линейная алгебра и аналитическая геометрия,,,,,,,,,,,,,,,,,,,,,,,,,,,,,,,,,,,,,,,,Линейная алгебра и аналитическая геометрия,,,,Линейная алгебра и аналитическая геометрия,,,,,,Линейная алгебра и аналитическая геометрия,,,,Линейная алгебра и аналитическая геометрия,,,,Линейная алгебра и аналитическая геометрия,,,,Линейная алгебра и аналитическая геометрия,,,
,,,,,,,,,,,,,,,,,,,,,,,,,,,,,,,,,,,,,,Берков Н.А.,,,,Берков Н.А.,,,,Берков Н.А.,,,,Берков Н.А.,,,,,,Берков Н.А.,,,,Берков Н.А.,,,,,,,,,,,,,,,,,,,,,,,,,,Морозова Т.А.,,,,,,Морозова Т.А.,,,,Морозова Т.А.,,,,Гущина Е.Н.,,,,Гущина Е.Н.,,,,,,Гущина Е.Н.,,,,Гущина Е.Н.,,,,Гущина Е.Н.,,,,Гущина Е.Н.,,,,,,Гущина Е.Н.,,,,Гущина Е.Н.,,,,Гущина Е.Н.,,,,Гущина Е.Н.,,,,,,Гущина Е.Н.,,,,Берков Н.А.,,,,Берков Н.А.,,,,Берков Н.А.,,,,,,Берков Н.А.,,,,Берков Н.А.,,,,Берков Н.А.,,,,Берков Н.А.,,,,,,,,,,,,,,,,,,,,,,,,,,,,,,,,,,,,,,,,,,,,,,,,,,,,,,,,,,,,,,,,,,,,,,,,,,,,,,,,,,,,,,,,,,,,,
,"17
вт",,,,,,,,,,,,,,,,,,"17
вт",,,,,,,,,,,,,,,,,,"17
вт",Экзамен,9-00,А-9,,Экзамен,9-00,А-9,,Экзамен,10-40,А-9,,Экзамен,10-40,А-9,,,"17
вт",Экзамен,10-40,А-9,,Экзамен,12-40,А-9,,Консультация,13-00,А-11,,Консультация,13-00,А-11,,,"17
вт",Консультация,13-00,А-11,,Консультация,13-00,А-11,,Консультация,13-00,А-11,,,,,,,"17
вт",,,,,,,,,,,,,,,,,,"17
вт",,,,,,,,,,,,,,,,,,"17
вт",,,,,,,,,,,,,,,,,,"17
вт",,,,,Экзамен,12-40,А-9,,Экзамен,14-20,А-9,,Экзамен,14-20,А-9,,,"17
вт",Экзамен,16-20,А-9,,Экзамен,16-20,А-9,,Экзамен,9-00,А-10,,Экзамен,9-00,А-10,,,"17
вт",,,,,,,,,,,,,,,,,,"17
вт",,,,,,,,,Экзамен,10-40,А-10,,Экзамен,10-40,А-10,,,"17
вт",Экзамен,12-40,А-10,,Экзамен,12-40,А-10,,Экзамен,14-20,А-10,,Экзамен,16-20,А-10,,,"17
вт",Экзамен,14-20,А-10,,Экзамен,16-20,А-10,,,,,,,,,,,"17
вт",,,,,,,,,,,,,,,,
,,,,,,,,,,,,,,,,,,,,,,,,,,,,,,,,,,,,,,Линейная алгебра и аналитическая геометрия,,,,Линейная алгебра и аналитическая геометрия,,,,Линейная алгебра и аналитическая геометрия,,,,Линейная алгебра и аналитическая геометрия,,,,,,Линейная алгебра и аналитическая геометрия,,,,Линейная алгебра и аналитическая геометрия,,,,Линейная алгебра и аналитическая геометрия,,,,Линейная алгебра и аналитическая геометрия,,,,,,Линейная алгебра и аналитическая геометрия,,,,Линейная алгебра и аналитическая геометрия,,,,Линейная алгебра и аналитическая геометрия,,,,,,,,,,,,,,,,,,,,,,,,,,,,,,,,,,,,,,,,,,,,,,,,,,,,,,,,,,,,,,,,,,,,Линейная алгебра и аналитическая геометрия,,,,Линейная алгебра и аналитическая геометрия,,,,Линейная алгебра и аналитическая геометрия,,,,,,Линейная алгебра и аналитическая геометрия,,,,Линейная алгебра и аналитическая геометрия,,,,Линейная алгебра и аналитическая геометрия,,,,Линейная алгебра и аналитическая геометрия,,,,,,,,,,,,,,,,,,,,,,,,,,,,,,,,Линейная алгебра и аналитическая геометрия,,,,Линейная алгебра и аналитическая геометрия,,,,,,Линейная алгебра и аналитическая геометрия,,,,Линейная алгебра и аналитическая геометрия,,,,Линейная алгебра и аналитическая геометрия,,,,Линейная алгебра и аналитическая геометрия,,,,,,Линейная алгебра и аналитическая геометрия,,,,Линейная алгебра и аналитическая геометрия,,,,,,,,,,,,,,,,,,,,,,,,,,,,,
,,,,,,,,,,,,,,,,,,,,,,,,,,,,,,,,,,,,,,,,,,,,,,,,,,,,,,,,,,,,,,,,Горшунова Т.А.,,,,Горшунова Т.А.,,,,,,Горшунова Т.А.,,,,Горшунова Т.А.,,,,Горшунова Т.А.,,,,,,,,,,,,,,,,,,,,,,,,,,,,,,,,,,,,,,,,,,,,,,,,,,,,,,,,,,,,,,,,,,,,,,,,,,,,,,,,,,,,,,,,,,,,,,,,,,,,,,,,,,,,,,,,,,,,,,,,,,,,,,,,,,,,,,,,,,,,,,,,,,,,,,,,,,,,,,,,,,,,,,,,,,,,,,,,,,,,,,,,,,,
,"18
ср",Консультация,9-00,А-13,,Консультация,9-00,А-13,,Консультация,9-00,А-13,,Консультация,9-00,А-13,,,"18
ср",Консультация,9-00,А-13,,Консультация,9-00,А-15,,Консультация,9-00,А-15,,Консультация,9-00,А-15,,,"18
ср",Консультация,15-00,А-15,,Консультация,15-00,А-15,,Консультация,15-00,А-15,,Консультация,15-00,А-15,,,"18
ср",Консультация,15-00,А-15,,Консультация,15-00,А-15,,Экзамен,14-20,А-9,,Экзамен,14-20,А-9,,,"18
ср",Экзамен,16-20,А-9,,Экзамен,12-40,А-9,,Экзамен,12-40,А-9,,Экзамен,9-00,А-9,,,"18
ср",Экзамен,10-40,А-9,,Экзамен,10-40,А-9,,Экзамен,9-00,А-9,,Экзамен,9-00,А-10,,,"18
ср",Экзамен,9-00,А-10,,Экзамен,10-40,А-10,,Экзамен,10-40,А-10,,Экзамен,12-40,А-10,,,"18
ср",Экзамен,12-40,А-10,,Экзамен,14-20,А-10,,Экзамен,14-20,А-10,,Экзамен,16-20,А-10,,,"18
ср",Экзамен,16-20,А-10,,Консультация,12-00,А-13,,Консультация,12-00,А-13,,Консультация,12-00,А-13,,,"18
ср",Консультация,12-00,А-13,,Консультация,12-00,А-13,,Консультация,12-00,А-13,,Консультация,12-00,А-13,,,"18
ср",Консультация,10-30,А-13,,Консультация,10-30,А-13,,Консультация,10-30,А-13,,Консультация,10-30,А-13,,,"18
ср",Консультация,10-30,А-13,,Консультация,10-30,А-13,,Консультация,15-00,А-18,,Консультация,15-00,А-18,,,"18
ср",Консультация,15-00,А-18,,Консультация,15-00,А-18,,Консультация,15-00,А-18,,Консультация,15-00,А-18,,,"18
ср",Консультация,16-30,А-15,,Консультация,16-30,А-15,,Консультация,16-30,А-15,,Консультация,9-00,А-13,,,"18
ср",Консультация,9-00,А-13,,Консультация,9-00,А-15,,Консультация,9-00,А-15,,Консультация,9-00,А-15,
,,Процедурное программирование,,,,Процедурное программирование,,,,Процедурное программирование,,,,Процедурное программирование,,,,,,Процедурное программирование,,,,Информатика,,,,Информатика,,,,Информатика,,,,,,Информатика,,,,Информатика,,,,Информатика,,,,Информатика,,,,,,Информатика,,,,Информатика,,,,Линейная алгебра и аналитическая геометрия,,,,Линейная алгебра и аналитическая геометрия,,,,,,Линейная алгебра и аналитическая геометрия,,,,Линейная алгебра и аналитическая геометрия,,,,Линейная алгебра и аналитическая геометрия,,,,Линейная алгебра и аналитическая геометрия,,,,,,Линейная алгебра и аналитическая геометрия,,,,Линейная алгебра и аналитическая геометрия,,,,Линейная алгебра и аналитическая геометрия,,,,Линейная алгебра и аналитическая геометрия,,,,,,Линейная алгебра и аналитическая геометрия,,,,Линейная алгебра и аналитическая геометрия,,,,Линейная алгебра и аналитическая геометрия,,,,Линейная алгебра и аналитическая геометрия,,,,,,Линейная алгебра и аналитическая геометрия,,,,Линейная алгебра и аналитическая геометрия,,,,Линейная алгебра и аналитическая геометрия,,,,Линейная алгебра и аналитическая геометрия,,,,,,Линейная алгебра и аналитическая геометрия,,,,Процедурное программирование,,,,Процедурное программирование,,,,Процедурное программирование,,,,,,Процедурное программирование,,,,Процедурное программирование,,,,Процедурное программирование,,,,Процедурное программирование,,,,,,Процедурное программирование,,,,Процедурное программирование,,,,Процедурное программирование,,,,Процедурное программирование,,,,,,Процедурное программирование,,,,Процедурное программирование,,,,История,,,,История,,,,,,История,,,,История,,,,История,,,,История,,,,,,Информатика,,,,Информатика,,,,Информатика,,,,Процедурное программирование,,,,,,Процедурное программирование,,,,Информатика,,,,Информатика,,,,Информатика,,,
,,Каширская Е.Н.,,,,Каширская Е.Н.,,,,Каширская Е.Н.,,,,Каширская Е.Н.,,,,,,Каширская Е.Н.,,,,Воронов Г.Б.,,,,Воронов Г.Б.,,,,Воронов Г.Б.,,,,,,Смирнов С.С.,,,,Смирнов С.С.,,,,Смирнов С.С.,,,,Смирнов С.С.,,,,,,Смирнов С.С.,,,,Смирнов С.С.,,,,,,,,,,,,,,,,,,,,,,,,,,,,,,,,,,,,,,,,,,,,,,,,,,,,,,,,,,,,,,,,,,,,,,,,,,,,,,,,,,,,,,,,,,Каширская Е.Н.,,,,Каширская Е.Н.,,,,Каширская Е.Н.,,,,,,Каширская Е.Н.,,,,Каширская Е.Н.,,,,Каширская Е.Н.,,,,Каширская Е.Н.,,,,,,Каширская Е.Н.,,,,Каширская Е.Н.,,,,Каширская Е.Н.,,,,Каширская Е.Н.,,,,,,Каширская Е.Н.,,,,Каширская Е.Н.,,,,Клейтман А.Л.,,,,Клейтман А.Л.,,,,,,Клейтман А.Л.,,,,Клейтман А.Л.,,,,Клейтман А.Л.,,,,Клейтман А.Л.,,,,,,Смирнов С.С.,,,,Смирнов С.С.,,,,Смирнов С.С.,,,,Каширская Е.Н.,,,,,,Каширская Е.Н.,,,,Воронов Г.Б.,,,,Воронов Г.Б.,,,,Воронов Г.Б.,,,
,"19
чт",,,,,,,,,,,,,Экзамен,14-20,ивц-103,,,"19
чт",Экзамен,16-20,ивц-103,,Экзамен,9-00,А-17,,Экзамен,9-00,А-17,,Экзамен,10-40,А-17,,,"19
чт",,,,,,,,,,,,,,,,,,"19
чт",,,,,,,,,Консультация,9-00,А-11,,Консультация,9-00,А-11,,,"19
чт",Консультация,9-00,А-11,,Консультация,9-00,А-11,,Консультация,9-00,А-11,,Консультация,10-30,А-11,,,"19
чт",Консультация,10-30,А-11,,Консультация,10-30,А-11,,,,,,,,,,,"19
чт",,,,,,,,,,,,,,,,,,"19
чт",,,,,,,,,Консультация,10-30,А-11,,Консультация,10-30,А-11,,,"19
чт",Консультация,10-30,А-11,,,,,,,,,,,,,,,"19
чт",,,,,,,,,,,,,,,,,,"19
чт",Экзамен,9-00,ивц-104,,Экзамен,10-40,ивц-104,,Экзамен,12-40,ивц-104,,Экзамен,9-00,ивц-103,,,"19
чт",Экзамен,10-40,ивц-103,,Экзамен,12-40,ивц-103,,,,,,,,,,,"19
чт",,,,,,,,,,,,,,,,,,"19
чт",,,,,,,,,Экзамен,14-20,А-17,,Экзамен,14-20,ивц-104,,,"19
чт",Экзамен,16-20,ивц-104,,Экзамен,12-40,А-17,,Экзамен,12-40,А-17,,Экзамен,10-40,А-17,
,,,,,,,,,,,,,,Процедурное программирование,,,,,,Процедурное программирование,,,,Информатика,,,,Информатика,,,,Информатика,,,,,,,,,,,,,,,,,,,,,,,,,,,,,,,,Математический анализ,,,,Математический анализ,,,,,,Математический анализ,,,,Математический анализ,,,,Математический анализ,,,,Математический анализ,,,,,,Математический анализ,,,,Математический анализ,,,,,,,,,,,,,,,,,,,,,,,,,,,,,,,,,,,,,,,,Математический анализ,,,,Математический анализ,,,,,,Математический анализ,,,,,,,,,,,,,,,,,,,,,,,,,,,,,,,,,,,,Процедурное программирование,,,,Процедурное программирование,,,,Процедурное программирование,,,,Процедурное программирование,,,,,,Процедурное программирование,,,,Процедурное программирование,,,,,,,,,,,,,,,,,,,,,,,,,,,,,,,,,,,,,,,,Информатика,,,,Процедурное программирование,,,,,,Процедурное программирование,,,,Информатика,,,,Информатика,,,,Информатика,,,
,,,,,,,,,,,,,,,,,,,,,,,,,,,,,,,,,,,,,,,,,,,,,,,,,,,,,,,,,,,,,,,,Николаева С.В.,,,,Николаева С.В.,,,,,,Николаева С.В.,,,,Николаева С.В.,,,,Николаева С.В.,,,,Батиенков Р.В.,,,,,,Батиенков Р.В.,,,,Батиенков Р.В.,,,,,,,,,,,,,,,,,,,,,,,,,,,,,,,,,,,,,,,,Батиенков Р.В.,,,,Батиенков Р.В.,,,,,,Батиенков Р.В.,,,,,,,,,,,,,,,,,,,,,,,,,,,,,,,,,,,,,,,,,,,,,,,,,,,,,,,,,,,,,,,,,,,,,,,,,,,,,,,,,,,,,,,,,,,,,,,,,,,,,,,,,,,,,,,,,,,,,,,,,,,
,"20
пт",Экзамен,12-40,ивц-104,,Экзамен,14-20,ивц-104,,Экзамен,16-20,ивц-104,,,,,,,"20
пт",,,,,,,,,,,,,,,,,,"20
пт",Экзамен,9-00,А-17,,Экзамен,9-00,А-17,,Экзамен,10-40,А-17,,Экзамен,10-40,А-17,,,"20
пт",Экзамен,12-40,А-17,,Экзамен,12-40,А-17,,,,,,,,,,,"20
пт",,,,,,,,,,,,,,,,,,"20
пт",,,,,,,,,Консультация,10-30,А-13,,Консультация,10-30,А-13,,,"20
пт",Консультация,10-30,А-13,,Консультация,10-30,А-13,,Консультация,10-30,А-13,,Консультация,10-30,А-13,,,"20
пт",Консультация,10-30,А-13,,Консультация,10-30,А-13,,,,,,,,,,,"20
пт",,,,,Экзамен,9-00,ивц-103,,Экзамен,10-40,ивц-103,,Экзамен,12-40,ивц-103,,,"20
пт",Экзамен,14-20,ивц-103,,Экзамен,16-20,ивц-103,,Экзамен,9-00,ивц-104,,Экзамен,10-40,ивц-104,,,"20
пт",Консультация,9-00,А-13,,Консультация,9-00,А-13,,Консультация,9-00,А-13,,Консультация,9-00,А-13,,,"20
пт",Консультация,9-00,А-13,,Консультация,9-00,А-13,,Экзамен,9-00,А-328,,Экзамен,10-30,А-324,,,"20
пт",Экзамен,14-00,А-324,,Экзамен,9-00,А-325,,Экзамен,12-00,А-328,,Экзамен,14-00,А-325,,,"20
пт",Экзамен,14-20,А-17,,Экзамен,14-20,А-17,,,,,,,,,,,"20
пт",,,,,,,,,,,,,,,,
,,Процедурное программирование,,,,Процедурное программирование,,,,Процедурное программирование,,,,,,,,,,,,,,,,,,,,,,,,,,,,Информатика,,,,Информатика,,,,Информатика,,,,Информатика,,,,,,Информатика,,,,Информатика,,,,,,,,,,,,,,,,,,,,,,,,,,,,,,,,,,,,,,,,Процедурное программирование,,,,Процедурное программирование,,,,,,Процедурное программирование,,,,Процедурное программирование,,,,Процедурное программирование,,,,Процедурное программирование,,,,,,Процедурное программирование,,,,Процедурное программирование,,,,,,,,,,,,,,,,,,Процедурное программирование,,,,Процедурное программирование,,,,Процедурное программирование,,,,,,Процедурное программирование,,,,Процедурное программирование,,,,Процедурное программирование,,,,Процедурное программирование,,,,,,История,,,,История,,,,История,,,,История,,,,,,История,,,,История,,,,История,,,,История,,,,,,История,,,,История,,,,История,,,,История,,,,,,Информатика,,,,Информатика,,,,,,,,,,,,,,,,,,,,,,,,,,,,,
,,,,,,,,,,,,,,,,,,,,,,,,,,,,,,,,,,,,,,,,,,,,,,,,,,,,,,,,,,,,,,,,,,,,,,,,,,,,,,,,,,,,,,,,,,,,,,,,,,,,Каширская Е.Н.,,,,Каширская Е.Н.,,,,,,Каширская Е.Н.,,,,Каширская Е.Н.,,,,Каширская Е.Н.,,,,Каширская Е.Н.,,,,,,Каширская Е.Н.,,,,Каширская Е.Н.,,,,,,,,,,,,,,,,,,,,,,,,,,,,,,,,,,,,,,,,,,,,,,,,,,Мельтюхов М.И.,,,,Мельтюхов М.И.,,,,Мельтюхов М.И.,,,,Мельтюхов М.И.,,,,,,Мельтюхов М.И.,,,,Мельтюхов М.И.,,,,Павлова О.Ф.,,,,Мельтюхов М.И.,,,,,,Мельтюхов М.И.,,,,Клейтман А.Л.,,,,Павлова О.Ф.,,,,Гриценко С.А.,,,,,,,,,,,,,,,,,,,,,,,,,,,,,,,,,,,,,,,
,"21
сб",Консультация,12-00,А-18,,Консультация,12-00,А-18,,Консультация,12-00,А-18,,Консультация,12-00,А-18,,,"21
сб",Консультация,12-00,А-18,,Консультация,9-00,А-11,,Консультация,9-00,А-11,,Консультация,9-00,А-11,,,"21
сб",Консультация,9-00,А-15,,Консультация,9-00,А-15,,Консультация,9-00,А-15,,Консультация,9-00,А-15,,,"21
сб",Консультация,9-00,А-15,,Консультация,9-00,А-15,,Экзамен,9-00,А-9,,Экзамен,9-00,А-9,,,"21
сб",Экзамен,10-40,А-9,,Экзамен,10-40,А-9,,Экзамен,10-40,А-9,,Экзамен,12-40,А-9,,,"21
сб",Экзамен,12-40,А-9,,Экзамен,14-20,А-9,,Экзамен,9-00,ивц-103,,Экзамен,10-40,ивц-103,,,"21
сб",Экзамен,12-40,ивц-103,,Экзамен,14-20,ивц-103,,Экзамен,9-00,ивц-104,,Экзамен,10-40,ивц-104,,,"21
сб",Экзамен,12-40,ивц-104,,Экзамен,14-20,ивц-104,,Экзамен,14-20,А-9,,Экзамен,16-20,А-9,,,"21
сб",Экзамен,16-20,А-9,,,,,,,,,,,,,,,"21
сб",,,,,,,,,,,,,,,,,,"21
сб",Экзамен,9-00,А-324,,,,,,,,,,Экзамен,9-00,А-328,,,"21
сб",,,,,,,,,Консультация,9-00,А-11,,Консультация,9-00,А-11,,,"21
сб",Консультация,10-30,А-11,,Консультация,10-30,А-11,,Консультация,10-30,А-11,,Консультация,10-30,А-11,,,"21
сб",Консультация,10-30,А-11,,Консультация,12-00,А-11,,Консультация,12-00,А-11,,,,,,,"21
сб",,,,,Консультация,12-00,А-11,,Консультация,12-00,А-11,,Консультация,12-00,А-11,
,,Физика,,,,Физика,,,,Физика,,,,Физика,,,,,,Физика,,,,Процедурное программирование,,,,Процедурное программирование,,,,Процедурное программирование,,,,,,Математический анализ,,,,Математический анализ,,,,Математический анализ,,,,Математический анализ,,,,,,Математический анализ,,,,Математический анализ,,,,Математический анализ,,,,Математический анализ,,,,,,Математический анализ,,,,Математический анализ,,,,Математический анализ,,,,Математический анализ,,,,,,Математический анализ,,,,Математический анализ,,,,Процедурное программирование,,,,Процедурное программирование,,,,,,Процедурное программирование,,,,Процедурное программирование,,,,Процедурное программирование,,,,Процедурное программирование,,,,,,Процедурное программирование,,,,Процедурное программирование,,,,Математический анализ,,,,Математический анализ,,,,,,Математический анализ,,,,,,,,,,,,,,,,,,,,,,,,,,,,,,,,,,,,История,,,,,,,,,,,,История,,,,,,,,,,,,,,Процедурное программирование,,,,Процедурное программирование,,,,,,Процедурное программирование,,,,Процедурное программирование,,,,Процедурное программирование,,,,Процедурное программирование,,,,,,Процедурное программирование,,,,Процедурное программирование,,,,Процедурное программирование,,,,,,,,,,,,,,Процедурное программирование,,,,Процедурное программирование,,,,Процедурное программирование,,,
,,Сафронов А.А.,,,,Сафронов А.А.,,,,Сафронов А.А.,,,,Сафронов А.А.,,,,,,Сафронов А.А.,,,,Каширская Е.Н.,,,,Каширская Е.Н.,,,,Каширская Е.Н.,,,,,,Колесникова И.А.,,,,Колесникова И.А.,,,,Колесникова И.А.,,,,Колесникова И.А.,,,,,,Колесникова И.А.,,,,Колесникова И.А.,,,,,,,,,,,,,,,,,,,,,,,,,,,,,,,,,,,,,,,,,,,,,,,,,,,,,,,,,,,,,,,,,,,,,,,,,,,,,,,,,,,,,,,,,,,,,,,,,,,,,,,,,,,,,,,,,,,,,,,,,,Гриценко С.А.,,,,,,,,,,,,Павлова О.Ф.,,,,,,,,,,,,,,Каширская Е.Н.,,,,Каширская Е.Н.,,,,,,Каширская Е.Н.,,,,Каширская Е.Н.,,,,Каширская Е.Н.,,,,Каширская Е.Н.,,,,,,Каширская Е.Н.,,,,Каширская Е.Н.,,,,Каширская Е.Н.,,,,,,,,,,,,,,Каширская Е.Н.,,,,Каширская Е.Н.,,,,Каширская Е.Н.,,,
,22,,,,,,,,,,,,,,,,,,22,,,,,,,,,,,,,,,,,,22,,,,,,,,,,,,,,,,,,22,,,,,,,,,,,,,,,,,,22,,,,,,,,,,,,,,,,,,22,,,,,,,,,,,,,,,,,,22,,,,,,,,,,,,,,,,,,22,,,,,,,,,,,,,,,,,,22,,,,,,,,,,,,,,,,,,22,,,,,,,,,,,,,,,,,,22,,,,,,,,,,,,,,,,,,22,,,,,,,,,,,,,,,,,,22,,,,,,,,,,,,,,,,,,22,,,,,,,,,,,,,,,,,,22,,,,,,,,,,,,,,,,
,"23
пн",,,,,,,,,,,,,,,,,,"23
пн",,,,,Экзамен,9-00,ивц-103,,,,,,,,,,,"23
пн",Экзамен,9-00,А-9,,Экзамен,9-00,А-9,,Экзамен,10-40,А-9,,Экзамен,10-40,А-9,,,"23
пн",Экзамен,12-40,А-9,,Экзамен,12-40,А-9,,,,,,,,,,,"23
пн",,,,,,,,,,,,,,,,,,"23
пн",,,,,,,,,Консультация,9-00,А-18,,Консультация,9-00,А-18,,,"23
пн",Консультация,9-00,А-18,,Консультация,9-00,А-18,,Консультация,9-00,А-18,,Консультация,10-30,А-18,,,"23
пн",Консультация,10-30,А-18,,Консультация,10-30,А-18,,Консультация,10-30,А-18,,Консультация,10-30,А-18,,,"23
пн",Консультация,10-30,А-18,,Консультация,12-00,А-18,,Консультация,12-00,А-18,,Консультация,12-00,А-18,,,"23
пн",Консультация,12-00,А-18,,Консультация,12-00,А-18,,Консультация,12-00,А-18,,Консультация,12-00,А-18,,,"23
пн",,,,,Экзамен,9-00,А-206,,Экзамен,12-00,А-206,,,,,,,"23
пн",Экзамен,9-00,А-328,,Экзамен,12-00,А-328,,Экзамен,10-40,ивц-103,,Экзамен,12-40,ивц-103,,,"23
пн",Экзамен,14-20,ивц-103,,Экзамен,16-20,ивц-103,,Экзамен,9-00,ивц-104,,Экзамен,10-40,ивц-104,,,"23
пн",Экзамен,12-40,ивц-104,,Экзамен,14-20,ивц-104,,Экзамен,16-20,ивц-104,,,,,,,"23
пн",,,,,,,,,,,,,,,,
,,,,,,,,,,,,,,,,,,,,,,,,Процедурное программирование,,,,,,,,,,,,,,Математический анализ,,,,Математический анализ,,,,Математический анализ,,,,Математический анализ,,,,,,Математический анализ,,,,Математический анализ,,,,,,,,,,,,,,,,,,,,,,,,,,,,,,,,,,,,,,,,Физика,,,,Физика,,,,,,Физика,,,,Физика,,,,Физика,,,,Физика,,,,,,Физика,,,,Физика,,,,Физика,,,,Физика,,,,,,Физика,,,,Физика,,,,Физика,,,,Физика,,,,,,Физика,,,,Физика,,,,Физика,,,,Физика,,,,,,,,,,История,,,,История,,,,,,,,,,История,,,,История,,,,Процедурное программирование,,,,Процедурное программирование,,,,,,Процедурное программирование,,,,Процедурное программирование,,,,Процедурное программирование,,,,Процедурное программирование,,,,,,Процедурное программирование,,,,Процедурное программирование,,,,Процедурное программирование,,,,,,,,,,,,,,,,,,,,,,,,,
,,,,,,,,,,,,,,,,,,,,,,,,,,,,,,,,,,,,,,,,,,,,,,,,,,,,,,,,,,,,,,,,,,,,,,,,,,,,,,,,,,,,,,,,,,,,,,,,,,,,Сафронов А.А.,,,,Сафронов А.А.,,,,,,Сафронов А.А.,,,,Сафронов А.А.,,,,Сафронов А.А.,,,,Сафронов А.А.,,,,,,Сафронов А.А.,,,,Сафронов А.А.,,,,Сафронов А.А.,,,,Сафронов А.А.,,,,,,Сафронов А.А.,,,,Сафронов А.А.,,,,Сафронов А.А.,,,,Сафронов А.А.,,,,,,Сафронов А.А.,,,,Сафронов А.А.,,,,Сафронов А.А.,,,,Сафронов А.А.,,,,,,,,,,Гриценко С.А.,,,,Гриценко С.А.,,,,,,,,,,Павлова О.Ф.,,,,Павлова О.Ф.,,,,,,,,,,,,,,,,,,,,,,,,,,,,,,,,,,,,,,,,,,,,,,,,,,,,,,,,,,,,,,,,,
,"24
вт",Экзамен,16-20,А-12,,Экзамен,16-20,А-12,,Экзамен,14-20,А-12,,Экзамен,14-20,А-12,,,"24
вт",Экзамен,12-40,А-12,,,,,,Экзамен,9-00,ивц-103,,Экзамен,10-40,ивц-103,,,"24
вт",Консультация,10-30,А-18,,Консультация,10-30,А-18,,Консультация,10-30,А-18,,Консультация,10-30,А-18,,,"24
вт",Консультация,10-30,А-18,,Консультация,10-30,А-18,,Консультация,9-00,А-18,,Консультация,9-00,А-18,,,"24
вт",Консультация,9-00,А-18,,Консультация,9-00,А-18,,Консультация,9-00,А-18,,Консультация,9-00,А-18,,,"24
вт",Консультация,9-00,А-18,,Консультация,9-00,А-18,,,,,,,,,,,"24
вт",,,,,,,,,,,,,,,,,,"24
вт",,,,,,,,,,,,,,,,,,"24
вт",,,,,Экзамен,12-40,А-12,,Экзамен,10-40,А-12,,Экзамен,10-40,А-12,,,"24
вт",Экзамен,9-00,А-12,,Экзамен,9-00,А-12,,,,,,,,,,,"24
вт",Консультация,12-00,А-18,,Консультация,12-00,А-18,,Консультация,12-00,А-18,,Консультация,12-00,А-18,,,"24
вт",Консультация,12-00,А-18,,Консультация,12-00,А-18,,Консультация,15-00,А-18,,Консультация,15-00,А-18,,,"24
вт",Консультация,15-00,А-18,,Консультация,15-00,А-18,,Консультация,15-00,А-18,,Консультация,15-00,А-18,,,"24
вт",Консультация,13-30,А-18,,Консультация,13-30,А-18,,Консультация,13-30,А-18,,Консультация,13-30,А-18,,,"24
вт",Консультация,13-30,А-18,,Экзамен,12-40,ивц-103,,Экзамен,14-20,ивц-103,,Экзамен,16-20,ивц-103,
,,Физика,,,,Физика,,,,Физика,,,,Физика,,,,,,Физика,,,,,,,,Процедурное программирование,,,,Процедурное программирование,,,,,,Физика,,,,Физика,,,,Физика,,,,Физика,,,,,,Физика,,,,Физика,,,,Физика,,,,Физика,,,,,,Физика,,,,Физика,,,,Физика,,,,Физика,,,,,,Физика,,,,Физика,,,,,,,,,,,,,,,,,,,,,,,,,,,,,,,,,,,,,,,,,,,,,,,,,,,,,,Физика,,,,Физика,,,,Физика,,,,,,Физика,,,,Физика,,,,,,,,,,,,,,Физика,,,,Физика,,,,Физика,,,,Физика,,,,,,Физика,,,,Физика,,,,Физика,,,,Физика,,,,,,Физика,,,,Физика,,,,Физика,,,,Физика,,,,,,Физика,,,,Физика,,,,Физика,,,,Физика,,,,,,Физика,,,,Процедурное программирование,,,,Процедурное программирование,,,,Процедурное программирование,,,
,,,,,,,,,,,,,,,,,,,,,,,,,,,,,,,,,,,,,,Сафронов А.А.,,,,Сафронов А.А.,,,,Сафронов А.А.,,,,Сафронов А.А.,,,,,,Сафронов А.А.,,,,Сафронов А.А.,,,,Сафронов А.А.,,,,Сафронов А.А.,,,,,,Сафронов А.А.,,,,Сафронов А.А.,,,,Сафронов А.А.,,,,Сафронов А.А.,,,,,,Сафронов А.А.,,,,Сафронов А.А.,,,,,,,,,,,,,,,,,,,,,,,,,,,,,,,,,,,,,,,,,,,,,,,,,,,,,,,,,,,,,,,,,,,,,,,,,,,,,,,,,,,,,,Сафронов А.А.,,,,Сафронов А.А.,,,,Сафронов А.А.,,,,Сафронов А.А.,,,,,,Сафронов А.А.,,,,Сафронов А.А.,,,,Задерновский А.А.,,,,Задерновский А.А.,,,,,,Задерновский А.А.,,,,Задерновский А.А.,,,,Задерновский А.А.,,,,Задерновский А.А.,,,,,,Задерновский А.А.,,,,Задерновский А.А.,,,,Задерновский А.А.,,,,Задерновский А.А.,,,,,,Задерновский А.А.,,,,,,,,,,,,,,,
,"25
ср",,,,,,,,,,,,,,,,,,"25
ср",,,,,Консультация,9-00,А-18,,Консультация,9-00,А-18,,Консультация,9-00,А-18,,,"25
ср",,,,,,,,,,,,,,,,,,"25
ср",,,,,,,,,Экзамен,10-40,А-11,,Экзамен,12-40,А-11,,,"25
ср",Экзамен,12-40,А-11,,Экзамен,14-20,А-11,,Экзамен,14-20,А-11,,Экзамен,16-20,А-11,,,"25
ср",Экзамен,9-00,А-12,,Экзамен,9-00,А-12,,Экзамен,10-40,А-12,,Экзамен,10-40,А-12,,,"25
ср",Экзамен,12-40,А-12,,Экзамен,12-40,А-12,,Экзамен,14-20,А-12,,Экзамен,14-20,А-12,,,"25
ср",Экзамен,16-20,А-12,,Экзамен,16-20,А-12,,Экзамен,9-00,А-11,,Экзамен,10-40,А-11,,,"25
ср",,,,,,,,,,,,,,,,,,"25
ср",,,,,,,,,Экзамен,16-20,А-11,,Экзамен,9-00,А-11,,,"25
ср",,,,,,,,,,,,,,,,,,"25
ср",,,,,,,,,,,,,,,,,,"25
ср",,,,,,,,,,,,,,,,,,"25
ср",,,,,,,,,,,,,,,,,,"25
ср",,,,,Консультация,9-00,А-18,,Консультация,9-00,А-18,,Консультация,9-00,А-18,
,,,,,,,,,,,,,,,,,,,,,,,,Физика,,,,Физика,,,,Физика,,,,,,,,,,,,,,,,,,,,,,,,,,,,,,,,Физика,,,,Физика,,,,,,Физика,,,,Физика,,,,Физика,,,,Физика,,,,,,Физика,,,,Физика,,,,Физика,,,,Физика,,,,,,Физика,,,,Физика,,,,Физика,,,,Физика,,,,,,Физика,,,,Физика,,,,Физика,,,,Физика,,,,,,,,,,,,,,,,,,,,,,,,,,,,,,,,Физика,,,,Физика,,,,,,,,,,,,,,,,,,,,,,,,,,,,,,,,,,,,,,,,,,,,,,,,,,,,,,,,,,,,,,,,,,,,,,,,,,,,,,,,,,Физика,,,,Физика,,,,Физика,,,
,,,,,,,,,,,,,,,,,,,,,,,,Давыдов В.А.,,,,Давыдов В.А.,,,,Давыдов В.А.,,,,,,,,,,,,,,,,,,,,,,,,,,,,,,,,,,,,,,,,,,,,,,,,,,,,,,,,,,,,,,,,,,,,,,,,,,,,,,,,,,,,,,,,,,,,,,,,,,,,,,,,,,,,,,,,,,,,,,,,,,,,,,,,,,,,,,,,,,,,,,,,,,,,,,,,,,,,,,,,,,,,,,,,,,,,,,,,,,,,,,,,,,,,,,,,,,,,,,,,,,,,,,,,,,,,,,,,,,,,,,,,,,Давыдов В.А.,,,,Давыдов В.А.,,,,Давыдов В.А.,,,
,"26
чт",Консультация,9-00,А-9,,Консультация,9-00,А-9,,Консультация,9-00,А-9,,Консультация,9-00,А-9,,,"26
чт",Консультация,9-00,А-9,,,,,,,,,,,,,,,"26
чт",Экзамен,10-40,А-11,,Экзамен,12-40,А-11,,Экзамен,12-40,А-11,,Экзамен,16-20,А-11,,,"26
чт",Экзамен,14-20,А-11,,Экзамен,14-20,А-11,,,,,,,,,,,"26
чт",,,,,,,,,,,,,,,,,,"26
чт",,,,,,,,,Консультация,12-00,А-9,,Консультация,12-00,А-9,,,"26
чт",Консультация,12-00,А-9,,Консультация,12-00,А-9,,Консультация,12-00,А-9,,Консультация,12-00,А-3,,,"26
чт",Консультация,12-00,А-3,,Консультация,12-00,А-3,,,,,,,,,,,"26
чт",Экзамен,16-20,А-11,,Консультация,10-30,А-9,,Консультация,10-30,А-9,,Консультация,10-30,А-9,,,"26
чт",Консультация,10-30,А-9,,Консультация,10-30,А-9,,Консультация,10-30,А-9,,Консультация,10-30,А-9,,,"26
чт",Экзамен,9-00,А-12,,Экзамен,9-00,А-12,,Экзамен,10-40,А-12,,Экзамен,10-40,А-12,,,"26
чт",Экзамен,12-40,А-12,,Экзамен,12-40,А-12,,Экзамен,14-20,А-12,,Экзамен,14-20,А-12,,,"26
чт",Экзамен,16-20,А-12,,Экзамен,16-20,А-12,,,,,,,,,,,"26
чт",,,,,,,,,Экзамен,10-40,А-11,,Экзамен,9-00,А-11,,,"26
чт",Экзамен,9-00,А-11,,,,,,,,,,,,,
,,Математический анализ,,,,Математический анализ,,,,Математический анализ,,,,Математический анализ,,,,,,Математический анализ,,,,,,,,,,,,,,,,,,Физика,,,,Физика,,,,Физика,,,,Физика,,,,,,Физика,,,,Физика,,,,,,,,,,,,,,,,,,,,,,,,,,,,,,,,,,,,,,,,Математический анализ,,,,Математический анализ,,,,,,Математический анализ,,,,Математический анализ,,,,Математический анализ,,,,Математический анализ,,,,,,Математический анализ,,,,Математический анализ,,,,,,,,,,,,,,Физика,,,,Математический анализ,,,,Математический анализ,,,,Математический анализ,,,,,,Математический анализ,,,,Математический анализ,,,,Математический анализ,,,,Математический анализ,,,,,,Физика,,,,Физика,,,,Физика,,,,Физика,,,,,,Физика,,,,Физика,,,,Физика,,,,Физика,,,,,,Физика,,,,Физика,,,,,,,,,,,,,,,,,,,,,,Физика,,,,Физика,,,,,,Физика,,,,,,,,,,,,,,,
,,Колесникова И.А.,,,,Колесникова И.А.,,,,Колесникова И.А.,,,,Колесникова И.А.,,,,,,Колесникова И.А.,,,,,,,,,,,,,,,,,,,,,,,,,,,,,,,,,,,,,,,,,,,,,,,,,,,,,,,,,,,,,,,,,,,,,,,,,,,,,,,,Николаева С.В.,,,,Николаева С.В.,,,,,,Николаева С.В.,,,,Николаева С.В.,,,,Николаева С.В.,,,,Батиенков Р.В.,,,,,,Батиенков Р.В.,,,,Батиенков Р.В.,,,,,,,,,,,,,,,,,,Колесникова И.А.,,,,Колесникова И.А.,,,,Колесникова И.А.,,,,,,Колесникова И.А.,,,,Колесникова И.А.,,,,Колесникова И.А.,,,,Колесникова И.А.,,,,,,,,,,,,,,,,,,,,,,,,,,,,,,,,,,,,,,,,,,,,,,,,,,,,,,,,,,,,,,,,,,,,,,,,,,,,,,,,,,,,,,,,,,,,,
,"27
пт",Экзамен,9-00,А-9,,Экзамен,9-00,А-9,,Экзамен,10-40,А-9,,Экзамен,10-40,А-9,,,"27
пт",Экзамен,12-40,А-9,,Экзамен,14-20,А-11,,Экзамен,16-20,А-11,,Экзамен,16-20,А-11,,,"27
пт",Консультация,15-00,А-18,,Консультация,15-00,А-18,,Консультация,15-00,А-18,,Консультация,15-00,А-18,,,"27
пт",Консультация,15-00,А-18,,Консультация,15-00,А-18,,Консультация,12-00,А-18,,Консультация,12-00,А-18,,,"27
пт",Консультация,12-00,А-18,,Консультация,12-00,А-18,,Консультация,12-00,А-18,,Консультация,13-30,А-18,,,"27
пт",Консультация,13-30,А-18,,Консультация,13-30,А-18,,,,,,,,,,,"27
пт",,,,,,,,,,,,,,,,,,"27
пт",,,,,,,,,Консультация,13-30,А-18,,Консультация,13-30,А-18,,,"27
пт",Консультация,13-30,А-18,,Экзамен,12-40,А-9,,Экзамен,14-20,А-9,,Экзамен,14-20,А-9,,,"27
пт",Экзамен,16-20,А-9,,Экзамен,16-20,А-9,,,,,,,,,,,"27
пт",,,,,,,,,,,,,,,,,,"27
пт",,,,,,,,,,,,,,,,,,"27
пт",,,,,,,,,Экзамен,9-00,А-11,,Экзамен,9-00,А-11,,,"27
пт",Экзамен,12-40,А-11,,Экзамен,14-20,А-11,,,,,,,,,,,"27
пт",,,,,Экзамен,10-40,А-11,,Экзамен,10-40,А-11,,Экзамен,12-40,А-11,
,,Математический анализ,,,,Математический анализ,,,,Математический анализ,,,,Математический анализ,,,,,,Математический анализ,,,,Физика,,,,Физика,,,,Физика,,,,,,Процедурное программирование,,,,Процедурное программирование,,,,Процедурное программирование,,,,Процедурное программирование,,,,,,Процедурное программирование,,,,Процедурное программирование,,,,Процедурное программирование,,,,Процедурное программирование,,,,,,Процедурное программирование,,,,Процедурное программирование,,,,Процедурное программирование,,,,Процедурное программирование,,,,,,Процедурное программирование,,,,Процедурное программирование,,,,,,,,,,,,,,,,,,,,,,,,,,,,,,,,,,,,,,,,Процедурное программирование,,,,Процедурное программирование,,,,,,Процедурное программирование,,,,Математический анализ,,,,Математический анализ,,,,Математический анализ,,,,,,Математический анализ,,,,Математический анализ,,,,,,,,,,,,,,,,,,,,,,,,,,,,,,,,,,,,,,,,,,,,,,,,,,,,,,,,,,Физика,,,,Физика,,,,,,Физика,,,,Физика,,,,,,,,,,,,,,,,,,Физика,,,,Физика,,,,Физика,,,
,,,,,,,,,,,,,,,,,,,,,,,,,,,,,,,,,,,,,,Каширская Е.Н.,,,,Каширская Е.Н.,,,,Каширская Е.Н.,,,,Каширская Е.Н.,,,,,,Каширская Е.Н.,,,,Каширская Е.Н.,,,,Каширская Е.Н.,,,,Каширская Е.Н.,,,,,,Каширская Е.Н.,,,,Каширская Е.Н.,,,,Каширская Е.Н.,,,,Каширская Е.Н.,,,,,,Каширская Е.Н.,,,,Каширская Е.Н.,,,,,,,,,,,,,,,,,,,,,,,,,,,,,,,,,,,,,,,,Каширская Е.Н.,,,,Каширская Е.Н.,,,,,,Каширская Е.Н.,,,,,,,,,,,,,,,,,,,,,,,,,,,,,,,,,,,,,,,,,,,,,,,,,,,,,,,,,,,,,,,,,,,,,,,,,,,,,,,,,,,,,,,,,,,,,,,,,,,,,,,,,,,,,,,,,,,,,,,,,,,
,"28
сб",Консультация,9-00,А-10,,Консультация,9-00,А-10,,Консультация,9-00,А-10,,Консультация,9-00,А-10,,,"28
сб",Консультация,9-00,А-10,,Консультация,9-00,А-18,,Консультация,9-00,А-18,,Консультация,9-00,А-18,,,"28
сб",,,,,,,,,,,,,,,,,,"28
сб",,,,,,,,,Экзамен,9-00,ивц-103,,Экзамен,10-40,ивц-103,,,"28
сб",Экзамен,12-40,ивц-103,,Экзамен,14-20,ивц-103,,Экзамен,16-20,ивц-103,,Экзамен,9-00,ивц-104,,,"28
сб",Экзамен,10-40,ивц-104,,Экзамен,12-40,ивц-104,,Экзамен,10-40,А-9,,Экзамен,10-40,А-9,,,"28
сб",Экзамен,12-40,А-9,,Экзамен,12-40,А-9,,Экзамен,14-20,А-9,,Экзамен,14-20,А-9,,,"28
сб",Экзамен,16-20,А-9,,Экзамен,16-20,А-9,,Экзамен,14-20,ивц-104,,,,,,,"28
сб",,,,,,,,,,,,,,,,,,"28
сб",,,,,,,,,Экзамен,9-00,А-9,,Экзамен,9-00,А-9,,,"28
сб",Консультация,10-30,А-18,,Консультация,10-30,А-18,,Консультация,10-30,А-18,,Консультация,10-30,А-18,,,"28
сб",Консультация,10-30,А-18,,Консультация,10-30,А-18,,Консультация,12-00,А-18,,Консультация,12-00,А-18,,,"28
сб",Консультация,12-00,А-18,,Консультация,12-00,А-18,,Консультация,12-00,А-18,,Консультация,12-00,А-18,,,"28
сб",Консультация,13-30,А-18,,Консультация,13-30,А-18,,Консультация,13-30,А-18,,Консультация,13-30,А-18,,,"28
сб",Консультация,13-30,А-18,,Консультация,9-00,А-18,,Консультация,9-00,А-18,,Консультация,9-00,А-18,
,,История,,,,История,,,,История,,,,История,,,,,,История,,,,Математический анализ,,,,Математический анализ,,,,Математический анализ,,,,,,,,,,,,,,,,,,,,,,,,,,,,,,,,Процедурное программирование,,,,Процедурное программирование,,,,,,Процедурное программирование,,,,Процедурное программирование,,,,Процедурное программирование,,,,Процедурное программирование,,,,,,Процедурное программирование,,,,Процедурное программирование,,,,Математический анализ,,,,Математический анализ,,,,,,Математический анализ,,,,Математический анализ,,,,Математический анализ,,,,Математический анализ,,,,,,Математический анализ,,,,Математический анализ,,,,Процедурное программирование,,,,,,,,,,,,,,,,,,,,,,,,,,,,,,,,,,,,Математический анализ,,,,Математический анализ,,,,,,Математический анализ,,,,Математический анализ,,,,Математический анализ,,,,Математический анализ,,,,,,Математический анализ,,,,Математический анализ,,,,Математический анализ,,,,Математический анализ,,,,,,Математический анализ,,,,Математический анализ,,,,Математический анализ,,,,Математический анализ,,,,,,Математический анализ,,,,Математический анализ,,,,Математический анализ,,,,Математический анализ,,,,,,Математический анализ,,,,Математический анализ,,,,Математический анализ,,,,Математический анализ,,,
,,Мельтюхов М.И.,,,,Мельтюхов М.И.,,,,Мельтюхов М.И.,,,,Мельтюхов М.И.,,,,,,Мельтюхов М.И.,,,,Николаева С.В.,,,,Николаева С.В.,,,,Николаева С.В.,,,,,,,,,,,,,,,,,,,,,,,,,,,,,,,,,,,,,,,,,,,,,,,,,,,,,,,,,,,,,,,,,,,,,,,,,,,,,,,,,,,,,,,,,,,,,,,,,,,,,,,,,,,,,,,,,,,,,,,,,,,,,,,,,,,,,,,,,,,,,,,,,,,,,,Николаева С.В.,,,,Николаева С.В.,,,,Николаева С.В.,,,,Николаева С.В.,,,,,,Николаева С.В.,,,,Николаева С.В.,,,,Шульман И.Л.,,,,Шульман И.Л.,,,,,,Шульман И.Л.,,,,Шульман И.Л.,,,,Шульман И.Л.,,,,Шульман И.Л.,,,,,,Шульман И.Л.,,,,Шульман И.Л.,,,,Шульман И.Л.,,,,Шульман И.Л.,,,,,,Шульман И.Л.,,,,Николаева С.В.,,,,Николаева С.В.,,,,Николаева С.В.,,,
,29,,,,,,,,,,,,,,,,,,29,,,,,,,,,,,,,,,,,,29,,,,,,,,,,,,,,,,,,29,,,,,,,,,,,,,,,,,,29,,,,,,,,,,,,,,,,,,29,,,,,,,,,,,,,,,,,,29,,,,,,,,,,,,,,,,,,29,,,,,,,,,,,,,,,,,,29,,,,,,,,,,,,,,,,,,29,,,,,,,,,,,,,,,,,,29,,,,,,,,,,,,,,,,,,29,,,,,,,,,,,,,,,,,,29,,,,,,,,,,,,,,,,,,29,,,,,,,,,,,,,,,,,,29,,,,,,,,,,,,,,,,
,"30
пн",,,,,Экзамен,9-00,А-328,,Экзамен,12-00,А-328,,Экзамен,9-00,А-218,,,"30
пн",Экзамен,9-00,А-325,,Экзамен,9-00,А-9,,Экзамен,9-00,А-9,,Экзамен,12-40,А-9,,,"30
пн",Экзамен,9-00,ивц-103,,Экзамен,10-40,ивц-103,,Экзамен,12-40,ивц-103,,Экзамен,14-20,ивц-103,,,"30
пн",Экзамен,9-00,ивц-104,,Экзамен,10-40,ивц-104,,,,,,,,,,,"30
пн",,,,,,,,,,,,,Консультация,9-00,А-2,,,"30
пн",Консультация,9-00,А-2,,Консультация,9-00,А-2,,,,,,,,,,,"30
пн",,,,,,,,,,,,,,,,,,"30
пн",,,,,,,,,,,,,Экзамен,12-40,ивц-104,,,"30
пн",Экзамен,14-20,ивц-104,,Консультация,10-30,А-15,,Консультация,10-30,А-15,,Консультация,10-30,А-15,,,"30
пн",Консультация,10-30,А-15,,Консультация,10-30,А-15,,Консультация,10-30,А-15,,Консультация,10-30,А-15,,,"30
пн",Экзамен,12-40,А-9,,Экзамен,14-20,А-9,,Экзамен,14-20,А-9,,Экзамен,14-20,А-9,,,"30
пн",Экзамен,16-20,А-9,,Экзамен,16-20,А-9,,Экзамен,9-00,А-10,,Экзамен,9-00,А-10,,,"30
пн",Экзамен,10-40,А-10,,Экзамен,10-40,А-10,,Экзамен,10-40,А-10,,Экзамен,12-40,А-10,,,"30
пн",Экзамен,12-40,А-10,,Экзамен,14-20,А-10,,Экзамен,14-20,А-10,,Экзамен,16-20,А-10,,,"30
пн",Экзамен,16-20,А-10,,Экзамен,10-40,А-9,,Экзамен,10-40,А-9,,Экзамен,10-40,А-9,
,,,,,,История,,,,История,,,,История,,,,,,История,,,,Математический анализ,,,,Математический анализ,,,,Математический анализ,,,,,,Процедурное программирование,,,,Процедурное программирование,,,,Процедурное программирование,,,,Процедурное программирование,,,,,,Процедурное программирование,,,,Процедурное программирование,,,,,,,,,,,,,,,,,,,,,,,,,,История,,,,,,История,,,,История,,,,,,,,,,,,,,,,,,,,,,,,,,,,,,,,,,,,,,,,,,,,Процедурное программирование,,,,,,Процедурное программирование,,,,Информатика,,,,Информатика,,,,Информатика,,,,,,Информатика,,,,Информатика,,,,Информатика,,,,Информатика,,,,,,Математический анализ,,,,Математический анализ,,,,Математический анализ,,,,Математический анализ,,,,,,Математический анализ,,,,Математический анализ,,,,Математический анализ,,,,Математический анализ,,,,,,Математический анализ,,,,Математический анализ,,,,Математический анализ,,,,Математический анализ,,,,,,Математический анализ,,,,Математический анализ,,,,Математический анализ,,,,Математический анализ,,,,,,Математический анализ,,,,Математический анализ,,,,Математический анализ,,,,Математический анализ,,,
,,,,,,Мельтюхов М.И.,,,,Мельтюхов М.И.,,,,Клейтман А.Л.,,,,,,Гриценко С.А.,,,,,,,,,,,,,,,,,,,,,,,,,,,,,,,,,,,,,,,,,,,,,,,,,,,,,,,,,,,,,,,,,,Климочкина А.Ю.,,,,,,Климочкина А.Ю.,,,,Климочкина А.Ю.,,,,,,,,,,,,,,,,,,,,,,,,,,,,,,,,,,,,,,,,,,,,,,,,,,,,,,Смирнов С.С.,,,,Смирнов С.С.,,,,Смирнов С.С.,,,,,,Смирнов С.С.,,,,Смирнов С.С.,,,,Смирнов С.С.,,,,Смирнов С.С.,,,,,,,,,,,,,,,,,,,,,,,,,,,,,,,,,,,,,,,,,,,,,,,,,,,,,,,,,,,,,,,,,,,,,,,,,,,,,,,,,,,,,,,,,,,,,
,"31
вт",Экзамен,9-00,А-328,,,,,,,,,,,,,,,"31
вт",,,,,,,,,,,,,,,,,,"31
вт",,,,,,,,,,,,,,,,,,"31
вт",,,,,,,,,,,,,,,,,,"31
вт",,,,,,,,,,,,,Экзамен,9-00,А-325,,,"31
вт",Экзамен,9-00,А-203,,Экзамен,12-00,А-328,,,,,,,,,,,"31
вт",,,,,,,,,,,,,,,,,,"31
вт",,,,,,,,,,,,,,,,,,"31
вт",,,,,Экзамен,9-00,А-17,,Экзамен,9-00,А-17,,Экзамен,9-00,А-17,,,"31
вт",Экзамен,9-00,А-17,,Экзамен,9-00,А-17,,Экзамен,9-00,А-17,,Экзамен,9-00,А-17,,,"31
вт",,,,,,,,,,,,,,,,,,"31
вт",,,,,,,,,,,,,,,,,,"31
вт",,,,,,,,,,,,,,,,,,"31
вт",,,,,,,,,,,,,,,,,,"31
вт",,,,,,,,,,,,,,,,
,,История,,,,,,,,,,,,,,,,,,,,,,,,,,,,,,,,,,,,,,,,,,,,,,,,,,,,,,,,,,,,,,,,,,,,,,,,,,,,,,,,,,,,История,,,,,,История,,,,История,,,,,,,,,,,,,,,,,,,,,,,,,,,,,,,,,,,,,,,,,,,,,,,,,,,,,,Информатика,,,,Информатика,,,,Информатика,,,,,,Информатика,,,,Информатика,,,,Информатика,,,,Информатика,,,,,,,,,,,,,,,,,,,,,,,,,,,,,,,,,,,,,,,,,,,,,,,,,,,,,,,,,,,,,,,,,,,,,,,,,,,,,,,,,,,,,,,,,,,,,
,,Павлова О.Ф.,,,,,,,,,,,,,,,,,,,,,,,,,,,,,,,,,,,,,,,,,,,,,,,,,,,,,,,,,,,,,,,,,,,,,,,,,,,,,,,,,,,,Мельтюхов М.И.,,,,,,Савка О.Г.,,,,Павлова О.Ф.,,,,,,,,,,,,,,,,,,,,,,,,,,,,,,,,,,,,,,,,,,,,,,,,,,,,,,,,,,,,,,,,,,,,,,,,,,,,,,,,,,,,,,,,,,,,,,,,,,,,,,,,,,,,,,,,,,,,,,,,,,,,,,,,,,,,,,,,,,,,,,,,,,,,,,,,,,,,,,,,,,,,,,,,,,,,,
февраль,"01
ср",Прием академических задолженностей,,,,,,,,,,,,,,,,февраль,"01
ср",Прием академических задолженностей,,,,,,,,,,,,,,,,февраль,"01
ср",Прием академических задолженностей,,,,,,,,,,,,,,,,февраль,"01
ср",Прием академических задолженностей,,,,,,,,,,,,,,,,февраль,"01
ср",Прием академических задолженностей,,,,,,,,,,,,,,,,февраль,"01
ср",Прием академических задолженностей,,,,,,,,,,,,,,,,февраль,"01
ср",Прием академических задолженностей,,,,,,,,,,,,,,,,февраль,"01
ср",Прием академических задолженностей,,,,,,,,,,,,,,,,февраль,"01
ср",Прием академических задолженностей,,,,,,,,,,,,,,,,февраль,"01
ср",Прием академических задолженностей,,,,,,,,,,,,,,,,февраль,"01
ср",Прием академических задолженностей,,,,,,,,,,,,,,,,февраль,"01
ср",Прием академических задолженностей,,,,,,,,,,,,,,,,февраль,"01
ср",Прием академических задолженностей,,,,,,,,,,,,,,,,февраль,"01
ср",Прием академических задолженностей,,,,,,,,,,,,,,,,февраль,"01
ср",Прием академических задолженностей,,,,,,,,,,,,,,,
,,,,,,,,,,,,,,,,,,,,,,,,,,,,,,,,,,,,,,,,,,,,,,,,,,,,,,,,,,,,,,,,,,,,,,,,,,,,,,,,,,,,,,,,,,,,,,,,,,,,,,,,,,,,,,,,,,,,,,,,,,,,,,,,,,,,,,,,,,,,,,,,,,,,,,,,,,,,,,,,,,,,,,,,,,,,,,,,,,,,,,,,,,,,,,,,,,,,,,,,,,,,,,,,,,,,,,,,,,,,,,,,,,,,,,,,,,,,,,,,,,,,,,,,,,,,,,,,,,,,,,,,,,,,,
,,,,,,,,,,,,,,,,,,,,,,,,,,,,,,,,,,,,,,,,,,,,,,,,,,,,,,,,,,,,,,,,,,,,,,,,,,,,,,,,,,,,,,,,,,,,,,,,,,,,,,,,,,,,,,,,,,,,,,,,,,,,,,,,,,,,,,,,,,,,,,,,,,,,,,,,,,,,,,,,,,,,,,,,,,,,,,,,,,,,,,,,,,,,,,,,,,,,,,,,,,,,,,,,,,,,,,,,,,,,,,,,,,,,,,,,,,,,,,,,,,,,,,,,,,,,,,,,,,,,,,,,,,,,,
,Начальник  УМУ,,,,,О.Г. Савка,,,,,,,,,,,,,Начальник  УМУ,,,,,О.Г. Савка,,,,,,,,,,,,,Начальник  УМУ,,,,,О.Г. Савка,,,,,,,,,,,,,Начальник  УМУ,,,,,О.Г. Савка,,,,,,,,,,,,,Начальник  УМУ,,,,,О.Г. Савка,,,,,,,,,,,,,Начальник  УМУ,,,,,О.Г. Савка,,,,,,,,,,,,,Начальник  УМУ,,,,,О.Г. Савка,,,,,,,,,,,,,Начальник  УМУ,,,,,О.Г. Савка,,,,,,,,,,,,,Начальник  УМУ,,,,,О.Г. Савка,,,,,,,,,,,,,Начальник  УМУ,,,,,О.Г. Савка,,,,,,,,,,,,,Начальник  УМУ,,,,,О.Г. Савка,,,,,,,,,,,,,Начальник  УМУ,,,,,О.Г. Савка,,,,,,,,,,,,,Начальник  УМУ,,,,,О.Г. Савка,,,,,,,,,,,,,Начальник  УМУ,,,,,О.Г. Савка,,,,,,,,,,,,,Начальник  УМУ,,,,,О.Г. Савка,,,,,,,,,,,
