День недели,Группа,Unnamed: 2,Unnamed: 3,Unnamed: 4,ИВМО-01-21,ВТ,09.04.01,18,Unnamed: 9,ИВМО-02-21,232,09.04.01.1,10,Unnamed: 14,День недели.1,Группа.1,Unnamed: 17,Unnamed: 18,Unnamed: 19,ИВМО-03-21,238,09.04.01.2,7,Unnamed: 24,ИВМО-04-21,250,09.04.01.3,10.1,Unnamed: 29,День недели.2,Группа.2,Unnamed: 32,Unnamed: 33,Unnamed: 34,ИВМО-05-21,244,09.04.01.4,11,Unnamed: 39,ИКМО-01-21,ИППО,09.04.04,32,Unnamed: 44,День недели.3,Группа.3,Unnamed: 47,Unnamed: 48,Unnamed: 49,ИКМО-02-21,231,09.04.04.1,14,Unnamed: 54,ИКМО-03-21,КИС,09.04.04.2,27,Unnamed: 59,День недели.4,Группа.4,Unnamed: 62,Unnamed: 63,Unnamed: 64,ИКМО-04-21,МОСИТ,09.04.04.3,30,Unnamed: 69,ИКМО-05-21,234,09.04.04.4,10.2,Unnamed: 74,День недели.5,Группа.5,Unnamed: 77,Unnamed: 78,Unnamed: 79,ИНМО-01-21,ППИ,09.04.03,26,Unnamed: 84,ИНМО-02-21,239,09.04.03.1,15,Unnamed: 89,День недели.6,Группа.6,Unnamed: 92,Unnamed: 93,Unnamed: 94,ИММО-01-21,ПМ,01.04.04,4,Unnamed: 99,ИММО-02-21,257,01.04.04.1,5,Unnamed: 104
,№ пары,"Нач.
занятий","Оконч.
занятий",Неделя,Дисциплина,"Вид
занятий",ФИО преподавателя,"№ 
ауд.",Ссылка,Дисциплина,"Вид
занятий",ФИО преподавателя,"№ 
ауд.",Ссылка,,№ пары,"Нач.
занятий","Оконч.
занятий",Неделя,Дисциплина,"Вид
занятий",ФИО преподавателя,"№ 
ауд.",Ссылка,Дисциплина,"Вид
занятий",ФИО преподавателя,"№ 
ауд.",Ссылка,,№ пары,"Нач.
занятий","Оконч.
занятий",Неделя,Дисциплина,"Вид
занятий",ФИО преподавателя,"№ 
ауд.",Ссылка,Дисциплина,"Вид
занятий",ФИО преподавателя,"№ 
ауд.",Ссылка,,№ пары,"Нач.
занятий","Оконч.
занятий",Неделя,Дисциплина,"Вид
занятий",ФИО преподавателя,"№ 
ауд.",Ссылка,Дисциплина,"Вид
занятий",ФИО преподавателя,"№ 
ауд.",Ссылка,,№ пары,"Нач.
занятий","Оконч.
занятий",Неделя,Дисциплина,"Вид
занятий",ФИО преподавателя,"№ 
ауд.",Ссылка,Дисциплина,"Вид
занятий",ФИО преподавателя,"№ 
ауд.",Ссылка,,№ пары,"Нач.
занятий","Оконч.
занятий",Неделя,Дисциплина,"Вид
занятий",ФИО преподавателя,"№ 
ауд.",Ссылка,Дисциплина,"Вид
занятий",ФИО преподавателя,"№ 
ауд.",Ссылка,,№ пары,"Нач.
занятий","Оконч.
занятий",Неделя,Дисциплина,"Вид
занятий",ФИО преподавателя,"№ 
ауд.",Ссылка,Дисциплина,"Вид
занятий",ФИО преподавателя,"№ 
ауд.",Ссылка
ПОНЕДЕЛЬНИК,1,9-00,10-30,I,,,,,,,,,,,ПОНЕДЕЛЬНИК,1,9-00,10-30,I,,,,,,,,,,,ПОНЕДЕЛЬНИК,1,9-00,10-30,I,,,,,,,,,,,ПОНЕДЕЛЬНИК,1,9-00,10-30,I,,,,,,,,,,,ПОНЕДЕЛЬНИК,1,9-00,10-30,I,,,,,,,,,,,ПОНЕДЕЛЬНИК,1,9-00,10-30,I,,,,,,,,,,,ПОНЕДЕЛЬНИК,1,9-00,10-30,I,,,,,,,,,,
ПОНЕДЕЛЬНИК,1,9-00,10-30,II,,,,,,,,,,,ПОНЕДЕЛЬНИК,1,9-00,10-30,II,,,,,,,,,,,ПОНЕДЕЛЬНИК,1,9-00,10-30,II,,,,,,,,,,,ПОНЕДЕЛЬНИК,1,9-00,10-30,II,,,,,,,,,,,ПОНЕДЕЛЬНИК,1,9-00,10-30,II,,,,,,,,,,,ПОНЕДЕЛЬНИК,1,9-00,10-30,II,,,,,,,,,,,ПОНЕДЕЛЬНИК,1,9-00,10-30,II,,,,,,,,,,
ПОНЕДЕЛЬНИК,2,10-40,12-10,I,,,,,,,,,,,ПОНЕДЕЛЬНИК,2,10-40,12-10,I,,,,,,,,,,,ПОНЕДЕЛЬНИК,2,10-40,12-10,I,,,,,,,,,,,ПОНЕДЕЛЬНИК,2,10-40,12-10,I,,,,,,,,,,,ПОНЕДЕЛЬНИК,2,10-40,12-10,I,,,,,,,,,,,ПОНЕДЕЛЬНИК,2,10-40,12-10,I,,,,,,,,,,,ПОНЕДЕЛЬНИК,2,10-40,12-10,I,,,,,,,,,,
ПОНЕДЕЛЬНИК,2,10-40,12-10,II,,,,,,,,,,,ПОНЕДЕЛЬНИК,2,10-40,12-10,II,,,,,,,,,,,ПОНЕДЕЛЬНИК,2,10-40,12-10,II,,,,,,,,,,,ПОНЕДЕЛЬНИК,2,10-40,12-10,II,,,,,,,,,,,ПОНЕДЕЛЬНИК,2,10-40,12-10,II,,,,,,,,,,,ПОНЕДЕЛЬНИК,2,10-40,12-10,II,,,,,,,,,,,ПОНЕДЕЛЬНИК,2,10-40,12-10,II,,,,,,,,,,
ПОНЕДЕЛЬНИК,3,12-40,14-10,I,,,,,,,,,,,ПОНЕДЕЛЬНИК,3,12-40,14-10,I,,,,,,,,,,,ПОНЕДЕЛЬНИК,3,12-40,14-10,I,,,,,,,,,,,ПОНЕДЕЛЬНИК,3,12-40,14-10,I,,,,,,,,,,,ПОНЕДЕЛЬНИК,3,12-40,14-10,I,,,,,,,,,,,ПОНЕДЕЛЬНИК,3,12-40,14-10,I,,,,,,,,,,,ПОНЕДЕЛЬНИК,3,12-40,14-10,I,,,,,,,,,,
ПОНЕДЕЛЬНИК,3,12-40,14-10,II,,,,,,,,,,,ПОНЕДЕЛЬНИК,3,12-40,14-10,II,,,,,,,,,,,ПОНЕДЕЛЬНИК,3,12-40,14-10,II,,,,,,,,,,,ПОНЕДЕЛЬНИК,3,12-40,14-10,II,,,,,,,,,,,ПОНЕДЕЛЬНИК,3,12-40,14-10,II,,,,,,,,,,,ПОНЕДЕЛЬНИК,3,12-40,14-10,II,,,,,,,,,,,ПОНЕДЕЛЬНИК,3,12-40,14-10,II,,,,,,,,,,
ПОНЕДЕЛЬНИК,4,14-20,15-50,I,,,,,,,,,,,ПОНЕДЕЛЬНИК,4,14-20,15-50,I,,,,,,,,,,,ПОНЕДЕЛЬНИК,4,14-20,15-50,I,,,,,,,,,,,ПОНЕДЕЛЬНИК,4,14-20,15-50,I,3-17 н. Системы управления рисками и инцидентами,пр,Борисов В.Д.,База,,,,,,,ПОНЕДЕЛЬНИК,4,14-20,15-50,I,,,,,,,,,,,ПОНЕДЕЛЬНИК,4,14-20,15-50,I,,,,,,,,,,,ПОНЕДЕЛЬНИК,4,14-20,15-50,I,,,,,,,,,,
ПОНЕДЕЛЬНИК,4,14-20,15-50,II,,,,,,,,,,,ПОНЕДЕЛЬНИК,4,14-20,15-50,II,,,,,,,,,,,ПОНЕДЕЛЬНИК,4,14-20,15-50,II,,,,,,,,,,,ПОНЕДЕЛЬНИК,4,14-20,15-50,II,,,,,,,,,,,ПОНЕДЕЛЬНИК,4,14-20,15-50,II,,,,,,,,,,,ПОНЕДЕЛЬНИК,4,14-20,15-50,II,,,,,,,,,,,ПОНЕДЕЛЬНИК,4,14-20,15-50,II,,,,,,,,,,
ПОНЕДЕЛЬНИК,5,16-20,17-50,I,3- 17 н. Зарубежные комплексы обработки информации и автоматизированного проектирования,пр,Рылов С.А.,Г-307,,,,,,,ПОНЕДЕЛЬНИК,5,16-20,17-50,I,,,,,,"3-17 н. Архитектура, проектирование и разработка программных средств",пр,Матчин В.Т.,Г-109-б,,ПОНЕДЕЛЬНИК,5,16-20,17-50,I,"3-17 н. Архитектура, проектирование и разработка программных средств",пр,Матчин В.Т.,Г-109-б,,"3,5 н. Архитектура, проектирование и разработка программных средств",пр,Алпатов А.Н.,Г-226-1,,ПОНЕДЕЛЬНИК,5,16-20,17-50,I,3-17 н. Проектирование интеллектуальных  информационных систем,лк,Огарок А.Л.,База,,3-17 н. Документирование и управление версиями программного обеспечения,лк,Советов П.Н.,А-214,,ПОНЕДЕЛЬНИК,5,16-20,17-50,I,3-17 н. Методы верификации и валидации характеристик программного обеспечения,лк,Петренко А.А.,А-323,,3-17 н. Методы верификации и валидации характеристик программного обеспечения,лк,Петренко А.А.,А-323,,ПОНЕДЕЛЬНИК,5,16-20,17-50,I,,,,,,,,,,,ПОНЕДЕЛЬНИК,5,16-20,17-50,I,3-17 н. Математическое моделирование прикладных задач,пр,Даева С. Г.,А-180,,3-17 н. Математическое моделирование прикладных задач,пр,Даева С. Г.,А-180,
ПОНЕДЕЛЬНИК,5,16-20,17-50,II,2-16 н. Контроль и диагностика цифровых устройств в инфокоммуникационных системах,пр,Бражникова Е.В.,Г-110-а,,,,,,,ПОНЕДЕЛЬНИК,5,16-20,17-50,II,4-18 н. Проектирование и разработка архитектуры высокопроизводительных вычислительных систем,лк,,База,,"2-16 н. Архитектура, проектирование и разработка программных средств",пр,Матчин В.Т.,Г-227-2,,ПОНЕДЕЛЬНИК,5,16-20,17-50,II,"2-16 н. Архитектура, проектирование и разработка программных средств",пр,Матчин В.Т.,Г-227-2,,"2-16 н. Архитектура, проектирование и разработка программных средств",пр,Алпатов А.Н.,Г-226-1,,ПОНЕДЕЛЬНИК,5,16-20,17-50,II,,,,,,2-16 н. Документирование и управление версиями программного обеспечения,пр,Советов П.Н.,А-423,,ПОНЕДЕЛЬНИК,5,16-20,17-50,II,2-16 н. Национальные и международные стандарты программной и системной инженерии,лк,Головин С.А.,А-323,,,,,,,ПОНЕДЕЛЬНИК,5,16-20,17-50,II,2-16 н. Корпоративные информационные системы,лк,Гантц ИС,А-325,,2-16 н. Корпоративные информационные системы,лк,Гантц ИС,А-325,,ПОНЕДЕЛЬНИК,5,16-20,17-50,II,4-18 н. Математическое моделирование прикладных задач,пр,Даева С. Г.,А-180,,4-18 н. Математическое моделирование прикладных задач,пр,Даева С. Г.,А-180,
ПОНЕДЕЛЬНИК,6,18-00,19-30,I,,,,,,3- 17 н. Зарубежные комплексы обработки информации и автоматизированного проектирования,пр,Рылов С.А.,Г-307,,ПОНЕДЕЛЬНИК,6,18-00,19-30,I,3-17 н. Зарубежные комплексы обработки информации и автоматизированного проектирования,пр,Рылов С.А.,Г-307,,"3-17 н. Архитектура, проектирование и разработка программных средств",пр,Матчин В.Т.,Г-109-б,,ПОНЕДЕЛЬНИК,6,18-00,19-30,I,"3-17 н. Архитектура, проектирование и разработка программных средств",пр,Матчин В.Т.,Г-109-б,,"3-17 н. Архитектура, проектирование и разработка программных средств",пр,Алпатов А.Н.,Г-226-1,,ПОНЕДЕЛЬНИК,6,18-00,19-30,I,3-17 н. Проектирование интеллектуальных  информационных систем,пр,Борисов В.Д.,База,,3-17 н. Документирование и управление версиями программного обеспечения,пр,Советов П.Н.,Г-111-б,,ПОНЕДЕЛЬНИК,6,18-00,19-30,I,3-17 н. Методы верификации и валидации характеристик программного обеспечения,пр,Петренко А.А.,Г-310,,3-17 н. Методы верификации и валидации характеристик программного обеспечения,пр,Петренко А.А.,Г-310,,ПОНЕДЕЛЬНИК,6,18-00,19-30,I,3-17 н. Распределенные информационные системы,лк,Лямин Ю.А,База,,3-17 н. Распределенные информационные системы,лк,Лямин Ю.А,База,,ПОНЕДЕЛЬНИК,6,18-00,19-30,I,3-17 н Математическое моделирование прикладных задач,лк,Даева С. Г.,А-180,,3-17 н Математическое моделирование прикладных задач,лк,Даева С. Г.,А-180,
ПОНЕДЕЛЬНИК,6,18-00,19-30,II,2-16 н.Контроль и диагностика цифровых устройств в инфокоммуникационных системах,лк,Бражникова Е.В.,Г-112,,2-16 н.Контроль и диагностика цифровых устройств в инфокоммуникационных системах,лк,Бражникова Е.В.,Г-112,,ПОНЕДЕЛЬНИК,6,18-00,19-30,II,4-18 н. Проектирование и разработка архитектуры высокопроизводительных вычислительных систем,пр,,База,,,,,,,ПОНЕДЕЛЬНИК,6,18-00,19-30,II,,,,,,2-16 н. Управление проектными командами,лк,Быкова А.В.,Б-115,,ПОНЕДЕЛЬНИК,6,18-00,19-30,II,2-16 н. Управление проектными командами,лк,Быкова А.В.,Б-115,,2-16 н. Управление проектными командами,лк,Быкова А.В.,Б-115,,ПОНЕДЕЛЬНИК,6,18-00,19-30,II,2-16 н. Управление проектными командами,лк,Быкова А.В.,Б-115,,2-16 н. Управление проектными командами,лк,Быкова А.В.,Б-115,,ПОНЕДЕЛЬНИК,6,18-00,19-30,II,2-16 н. Корпоративные информационные системы,пр,Гантц ИС,Г-310,,,,,,,ПОНЕДЕЛЬНИК,6,18-00,19-30,II,2-16 н. Управление проектными командами,лк,Быкова А.В.,Б-115,,2-16 н. Управление проектными командами,лк,Быкова А.В.,Б-115,
ПОНЕДЕЛЬНИК,7,19-40,21-10,I,,,,,,,,,,,ПОНЕДЕЛЬНИК,7,19-40,21-10,I,,,,,,3- 17 н. Зарубежные комплексы обработки информации и автоматизированного проектирования,пр,Рылов С.А.,Г-307,,ПОНЕДЕЛЬНИК,7,19-40,21-10,I,3- 17 н. Зарубежные комплексы обработки информации и автоматизированного проектирования,пр,Рылов С.А.,Г-307,,"3 н. Интеграция и миграция баз данных
7-17 н. Архитектура, проектирование и разработка программных средств","лк
пр","Жматов Д.В.
Алпатов А.Н.",Г-226-1,,ПОНЕДЕЛЬНИК,7,19-40,21-10,I,3-17 н. Проектирование интеллектуальных  информационных систем,пр,Борисов В.Д.,База,,,,,,,ПОНЕДЕЛЬНИК,7,19-40,21-10,I,3-17 н. Методы верификации и валидации характеристик программного обеспечения,пр,Петренко А.А.,Г-310,,3-17 н. Методы верификации и валидации характеристик программного обеспечения,пр,Петренко А.А.,Г-310,,ПОНЕДЕЛЬНИК,7,19-40,21-10,I,3-17 н. Распределенные информационные системы,лк,Лямин Ю.А,База,,3-17 н. Распределенные информационные системы,лк,Лямин Ю.А,База,,ПОНЕДЕЛЬНИК,7,19-40,21-10,I,,,,,,,,,,
ПОНЕДЕЛЬНИК,7,19-40,21-10,II,,,,,,2-16 н.Контроль и диагностика цифровых устройств в инфокоммуникационных системах,пр,Бражникова Е.В.,Г-110-а,,ПОНЕДЕЛЬНИК,7,19-40,21-10,II,4-18 н. Проектирование и разработка архитектуры высокопроизводительных вычислительных систем,лаб,,База,,,,,,,ПОНЕДЕЛЬНИК,7,19-40,21-10,II,,,,,,2-16 н. Управление проектными командами,пр,Быкова А.В.,А-207,,ПОНЕДЕЛЬНИК,7,19-40,21-10,II,,,,,,,,,,,ПОНЕДЕЛЬНИК,7,19-40,21-10,II,2-16 н. Национальные и международные стандарты программной и системной инженерии,пр,Головин С.А.,Г-301-в,,,,,,,ПОНЕДЕЛЬНИК,7,19-40,21-10,II,2-16 н. Корпоративные информационные системы,пр,Гантц ИС,Г-310,,,,,,,ПОНЕДЕЛЬНИК,7,19-40,21-10,II,,,,,,,,,,
ПОНЕДЕЛЬНИК,7,18-30,20-00,I,,,,,,,,,,,ПОНЕДЕЛЬНИК,7,18-30,20-00,I,,,,,,,,,,,ПОНЕДЕЛЬНИК,7,18-30,20-00,I,,,,,,,,,,,ПОНЕДЕЛЬНИК,7,18-30,20-00,I,,,,,,,,,,,ПОНЕДЕЛЬНИК,7,18-30,20-00,I,,,,,,,,,,,ПОНЕДЕЛЬНИК,7,18-30,20-00,I,,,,,,,,,,,ПОНЕДЕЛЬНИК,7,18-30,20-00,I,,,,,,,,,,
ПОНЕДЕЛЬНИК,7,18-30,20-00,II,,,,,,,,,,,ПОНЕДЕЛЬНИК,7,18-30,20-00,II,,,,,,,,,,,ПОНЕДЕЛЬНИК,7,18-30,20-00,II,,,,,,,,,,,ПОНЕДЕЛЬНИК,7,18-30,20-00,II,,,,,,,,,,,ПОНЕДЕЛЬНИК,7,18-30,20-00,II,,,,,,,,,,,ПОНЕДЕЛЬНИК,7,18-30,20-00,II,,,,,,,,,,,ПОНЕДЕЛЬНИК,7,18-30,20-00,II,,,,,,,,,,
ПОНЕДЕЛЬНИК,8,20-10,21-40,I,,,,,,,,,,,ПОНЕДЕЛЬНИК,8,20-10,21-40,I,,,,,,,,,,,ПОНЕДЕЛЬНИК,8,20-10,21-40,I,,,,,,,,,,,ПОНЕДЕЛЬНИК,8,20-10,21-40,I,,,,,,,,,,,ПОНЕДЕЛЬНИК,8,20-10,21-40,I,,,,,,,,,,,ПОНЕДЕЛЬНИК,8,20-10,21-40,I,,,,,,,,,,,ПОНЕДЕЛЬНИК,8,20-10,21-40,I,,,,,,,,,,
ПОНЕДЕЛЬНИК,8,20-10,21-40,II,,,,,,,,,,,ПОНЕДЕЛЬНИК,8,20-10,21-40,II,,,,,,,,,,,ПОНЕДЕЛЬНИК,8,20-10,21-40,II,,,,,,,,,,,ПОНЕДЕЛЬНИК,8,20-10,21-40,II,,,,,,,,,,,ПОНЕДЕЛЬНИК,8,20-10,21-40,II,,,,,,,,,,,ПОНЕДЕЛЬНИК,8,20-10,21-40,II,,,,,,,,,,,ПОНЕДЕЛЬНИК,8,20-10,21-40,II,,,,,,,,,,
ВТОРНИК,1,9-00,10-30,I,,,,,,,,,,,ВТОРНИК,1,9-00,10-30,I,,,,,,,,,,,ВТОРНИК,1,9-00,10-30,I,,,,,,,,,,,ВТОРНИК,1,9-00,10-30,I,,,,,,,,,,,ВТОРНИК,1,9-00,10-30,I,,,,,,,,,,,ВТОРНИК,1,9-00,10-30,I,,,,,,,,,,,ВТОРНИК,1,9-00,10-30,I,,,,,,,,,,
ВТОРНИК,1,9-00,10-30,II,,,,,,,,,,,ВТОРНИК,1,9-00,10-30,II,,,,,,,,,,,ВТОРНИК,1,9-00,10-30,II,,,,,,,,,,,ВТОРНИК,1,9-00,10-30,II,,,,,,,,,,,ВТОРНИК,1,9-00,10-30,II,,,,,,,,,,,ВТОРНИК,1,9-00,10-30,II,,,,,,,,,,,ВТОРНИК,1,9-00,10-30,II,,,,,,,,,,
ВТОРНИК,2,10-40,12-10,I,,,,,,,,,,,ВТОРНИК,2,10-40,12-10,I,,,,,,,,,,,ВТОРНИК,2,10-40,12-10,I,,,,,,,,,,,ВТОРНИК,2,10-40,12-10,I,,,,,,,,,,,ВТОРНИК,2,10-40,12-10,I,,,,,,,,,,,ВТОРНИК,2,10-40,12-10,I,,,,,,,,,,,ВТОРНИК,2,10-40,12-10,I,,,,,,,,,,
ВТОРНИК,2,10-40,12-10,II,,,,,,,,,,,ВТОРНИК,2,10-40,12-10,II,,,,,,,,,,,ВТОРНИК,2,10-40,12-10,II,,,,,,,,,,,ВТОРНИК,2,10-40,12-10,II,,,,,,,,,,,ВТОРНИК,2,10-40,12-10,II,,,,,,,,,,,ВТОРНИК,2,10-40,12-10,II,,,,,,,,,,,ВТОРНИК,2,10-40,12-10,II,,,,,,,,,,
ВТОРНИК,3,12-40,14-10,I,,,,,,,,,,,ВТОРНИК,3,12-40,14-10,I,,,,,,,,,,,ВТОРНИК,3,12-40,14-10,I,,,,,,,,,,,ВТОРНИК,3,12-40,14-10,I,,,,,,,,,,,ВТОРНИК,3,12-40,14-10,I,,,,,,,,,,,ВТОРНИК,3,12-40,14-10,I,,,,,,,,,,,ВТОРНИК,3,12-40,14-10,I,,,,,,,,,,
ВТОРНИК,3,12-40,14-10,II,,,,,,,,,,,ВТОРНИК,3,12-40,14-10,II,,,,,,,,,,,ВТОРНИК,3,12-40,14-10,II,,,,,,,,,,,ВТОРНИК,3,12-40,14-10,II,,,,,,,,,,,ВТОРНИК,3,12-40,14-10,II,,,,,,,,,,,ВТОРНИК,3,12-40,14-10,II,,,,,,,,,,,ВТОРНИК,3,12-40,14-10,II,,,,,,,,,,
ВТОРНИК,4,14-20,15-50,I,,,,,,,,,,,ВТОРНИК,4,14-20,15-50,I,,,,,,,,,,,ВТОРНИК,4,14-20,15-50,I,,,,,,,,,,,ВТОРНИК,4,14-20,15-50,I,,,,,,,,,,,ВТОРНИК,4,14-20,15-50,I,,,,,,,,,,,ВТОРНИК,4,14-20,15-50,I,,,,,,,,,,,ВТОРНИК,4,14-20,15-50,I,,,,,,,,,,
ВТОРНИК,4,14-20,15-50,II,,,,,,,,,,,ВТОРНИК,4,14-20,15-50,II,,,,,,,,,,,ВТОРНИК,4,14-20,15-50,II,,,,,,,,,,,ВТОРНИК,4,14-20,15-50,II,2-16 н. Системы управления рисками и инцидентами,лк,Синицын А.В.,База,,,,,,,ВТОРНИК,4,14-20,15-50,II,,,,,,2-16 н. Техническое обеспечение систем управления технологическими процессами,лк,Глухов А.В.,База,,ВТОРНИК,4,14-20,15-50,II,,,,,,,,,,,ВТОРНИК,4,14-20,15-50,II,,,,,,,,,,
ВТОРНИК,5,16-20,17-50,I,"3-17 н. Архитектура, проектирование и разработка программных средств",лк,Алпатов А.Н.,А-8,,"3-17 н. Архитектура, проектирование и разработка программных средств",лк,Алпатов А.Н.,А-8,,ВТОРНИК,5,16-20,17-50,I,"3-17 н. Архитектура, проектирование и разработка программных средств",лк,Алпатов А.Н.,А-8,,"3-17 н. Архитектура, проектирование и разработка программных средств",лк,Алпатов А.Н.,А-8,,ВТОРНИК,5,16-20,17-50,I,"3-17 н. Архитектура, проектирование и разработка программных средств",лк,Алпатов А.Н.,А-8,,"3-17 н. Архитектура, проектирование и разработка программных средств",лк,Алпатов А.Н.,А-8,,ВТОРНИК,5,16-20,17-50,I,"3-17 н. Архитектура, проектирование и разработка программных средств",лк,Алпатов А.Н.,А-8,,"3-17 н. Архитектура, проектирование и разработка программных средств",лк,Алпатов А.Н.,А-8,,ВТОРНИК,5,16-20,17-50,I,"3-17 н. Архитектура, проектирование и разработка программных средств",лк,Алпатов А.Н.,А-8,,"3-17 н. Архитектура, проектирование и разработка программных средств",лк,Алпатов А.Н.,А-8,,ВТОРНИК,5,16-20,17-50,I,"3-17 н. Архитектура, проектирование и разработка программных средств",лк,Алпатов А.Н.,А-8,,"3-17 н. Архитектура, проектирование и разработка программных средств",лк,Алпатов А.Н.,А-8,,ВТОРНИК,5,16-20,17-50,I,"3-17 н. Архитектура, проектирование и разработка программных средств",лк,Алпатов А.Н.,А-8,,"3-17 н. Архитектура, проектирование и разработка программных средств",лк,Алпатов А.Н.,А-8,
ВТОРНИК,5,16-20,17-50,II,2-16 н. Проектирование систем на кристалле ,лк,Мусихин А.Г.,Д-208,,2-16 н. Проектирование систем на кристалле ,лк,Мусихин А.Г.,Д-208,,ВТОРНИК,5,16-20,17-50,II,2-16 н. Проектирование систем на кристалле ,лк,Мусихин А.Г.,Д-208,,2-16 н. Проектирование систем на кристалле ,лк,Мусихин А.Г.,Д-208,,ВТОРНИК,5,16-20,17-50,II,,,,,,2-16 н. Управление сетевыми информационными системами ,лк,Дешко И.П.,А-177,,ВТОРНИК,5,16-20,17-50,II,2-16 н. Разработка баз знаний интеллектуальных информационных систем,лк,Силаев Ю.В.,База,,,,,,,ВТОРНИК,5,16-20,17-50,II,2-16 н. Платформы построения вычислительных систем,лк,Зубарев И.В.,А-214,,2-16 н. Техническое обеспечение систем управления технологическими процессами,пр,Глухов А.В.,База,,ВТОРНИК,5,16-20,17-50,II,"2-16 н. Архитектура, проектирование и разработка программных средств",пр,Чехарин Е.Е.,А-421,,,,,,,ВТОРНИК,5,16-20,17-50,II,,,,,,,,,,
ВТОРНИК,6,18-00,19-30,I,3-17 н.Инструментальные средства разработки программно-аппаратных комплексов,лк,Тарасов И.Е.,А-174-б,,3-17 н.Инструментальные средства разработки программно-аппаратных комплексов,лк,Тарасов И.Е.,А-174-б,,ВТОРНИК,6,18-00,19-30,I,3-17 н.Инструментальные средства разработки программно-аппаратных комплексов,лк,Тарасов И.Е.,А-174-б,,3-17 н.Инструментальные средства разработки программно-аппаратных комплексов,лк,Тарасов И.Е.,А-174-б,,ВТОРНИК,6,18-00,19-30,I,3-17 н.Инструментальные средства разработки программно-аппаратных комплексов,лк,Тарасов И.Е.,А-174-б,,"3 н. Интеграция и миграция баз данных
5-17 н. Управление сетевыми информационными системами ","пр
пр","Маличенко С.В.
Дешко И.П.",Г-226-1,,ВТОРНИК,6,18-00,19-30,I,,,,,,3-17 н. Управление жизненным циклом систем управления ресурсами и взаимоотношениями предприятия,лк,Степанов Д.Ю.,А-423,,ВТОРНИК,6,18-00,19-30,I,,,,,,"7-17 н. Архитектура, проектирование и разработка программных средств",пр,Мельников Д.А.,Г-226-1,,ВТОРНИК,6,18-00,19-30,I,"3-17 н. Архитектура, проектирование и разработка программных средств",пр,Чехарин Е.Е.,А-422,,"3-17 н. Архитектура, проектирование и разработка программных средств",пр,Батанов А.О.,Г-413,,ВТОРНИК,6,18-00,19-30,I,3-17 н. Построение и применение нейронных сетей и генетических алгоритмов,пр,Людковский С.В.,Г-426,,3-17 н. Построение и применение нейронных сетей и генетических алгоритмов,пр,Людковский С.В.,Г-426,
ВТОРНИК,6,18-00,19-30,II,2-16 н. Инструментальные средства проектирования цифровых устройств в составе инфокоммуникационных систем,лк,Потехин Д.С.,А-174-б,,2-16 н. Инструментальные средства проектирования цифровых устройств в составе инфокоммуникационных систем,лк,Потехин Д.С.,А-174-б,,ВТОРНИК,6,18-00,19-30,II,4-18 н.Инструментальные средства разработки программно-аппаратных комплексов,пр,Люлява Д.В.,Г-110-б,,2-18 н. Проектирование систем на кристалле,пр,Мусихин А.Г.,Г-110-а,,ВТОРНИК,6,18-00,19-30,II,2-16 н.Инструментальные средства разработки программно-аппаратных комплексов,пр,Люлява Д.В.,Г-110-б,,2-16 н. Управление сетевыми информационными системами ,пр,Дешко И.П.,Г-226-1,,ВТОРНИК,6,18-00,19-30,II,2-16 н. Разработка баз знаний интеллектуальных информационных систем,пр,Иванов В.В.,База,,,,,,,ВТОРНИК,6,18-00,19-30,II,2-16 н. Платформы построения вычислительных систем,пр,Зубарев И.В.,А-423,,2-16 н. Программное обеспечение систем управления технологическими процессами,лк,Глухов А.В.,База,,ВТОРНИК,6,18-00,19-30,II,"2-16 н. Архитектура, проектирование и разработка программных средств",пр,Чехарин Е.Е.,А-422,,"2-16 н. Архитектура, проектирование и разработка программных средств",пр,Батанов А.О.,Г-413,,ВТОРНИК,6,18-00,19-30,II,2-16 н. Построение и применение нейронных сетей и генетических алгоритмов,пр,Людковский С.В.,Г-426,,2-16 н. Построение и применение нейронных сетей и генетических алгоритмов,пр,Людковский С.В.,Г-426,
ВТОРНИК,7,19-40,21-10,I,,,,,,3-15 н.Инструментальные средства разработки программно-аппаратных комплексов,пр,Люлява Д.В.,Г-110-а,,ВТОРНИК,7,19-40,21-10,I,,,,,,3-17н.Инструментальные средства разработки программно-аппаратных комплексов,пр,Люлява Д.В.,Г-110-а,,ВТОРНИК,7,19-40,21-10,I,3-17 н. Верификация программного обеспечения информационно-управляющих систем,лк,Петренко А.А.,А-216,,3-17 н. Интеграция и миграция баз данных,пр,Маличенко С.В.,Г-227-2,,ВТОРНИК,7,19-40,21-10,I,,,,,,3-17 н. Управление жизненным циклом систем управления ресурсами и взаимоотношениями предприятия,пр,Степанов Д.Ю.,А-423,,ВТОРНИК,7,19-40,21-10,I,,,,,,"7-17 н. Архитектура, проектирование и разработка программных средств",пр,Мельников Д.А.,Г-226-1,,ВТОРНИК,7,19-40,21-10,I,,,,,,,,,,,ВТОРНИК,7,19-40,21-10,I,,,,,,,,,,
ВТОРНИК,7,19-40,21-10,II,,,,,,2 н.Инструментальные средства разработки программно-аппаратных комплексов,пр,Тарасов И.Е.,,,ВТОРНИК,7,19-40,21-10,II,2-16 н. Проектирование систем на кристалле,пр,Мусихин А.Г.,Г-110-а,,2-16 н. Верификация проектов в системах автоматизированного проектирования,пр,Штрекер Е.Н.,Г-109-а,,ВТОРНИК,7,19-40,21-10,II,2-16 н. Верификация программного обеспечения информационно-управляющих систем,пр,Петренко А.А.,Г-111-а,,"2 н. Управление сетевыми информационными системами 
4-16 н. Интеграция и миграция баз данных","пр
пр","Дешко И.П.
Маличенко С.В.",Г-226-1,,ВТОРНИК,7,19-40,21-10,II,2-16 н. Разработка баз знаний интеллектуальных информационных систем,пр,Иванов В.В.,База,,2-16 н. Управление жизненным циклом систем управления ресурсами и взаимоотношениями предприятия,пр,Степанов Д.Ю.,А-422,,ВТОРНИК,7,19-40,21-10,II,2-16 н. Платформы построения вычислительных систем,пр,Зубарев И.В.,А-423,,2-16 н. Программное обеспечение систем управления технологическими процессами,пр,Глухов А.В.,База,,ВТОРНИК,7,19-40,21-10,II,,,,,,"2-16 н. Архитектура, проектирование и разработка программных средств",пр,Батанов А.О.,Г-413,,ВТОРНИК,7,19-40,21-10,II,2-16 н. Построение и применение нейронных сетей и генетических алгоритмов,лк,Людковский С.В.,Г-426,,2-16 н. Построение и применение нейронных сетей и генетических алгоритмов,лк,Людковский С.В.,Г-426,
ВТОРНИК,7,18-30,20-00,I,,,,,,,,,,,ВТОРНИК,7,18-30,20-00,I,,,,,,,,,,,ВТОРНИК,7,18-30,20-00,I,,,,,,,,,,,ВТОРНИК,7,18-30,20-00,I,,,,,,,,,,,ВТОРНИК,7,18-30,20-00,I,,,,,,,,,,,ВТОРНИК,7,18-30,20-00,I,,,,,,,,,,,ВТОРНИК,7,18-30,20-00,I,,,,,,,,,,
ВТОРНИК,7,18-30,20-00,II,,,,,,,,,,,ВТОРНИК,7,18-30,20-00,II,,,,,,,,,,,ВТОРНИК,7,18-30,20-00,II,,,,,,,,,,,ВТОРНИК,7,18-30,20-00,II,,,,,,,,,,,ВТОРНИК,7,18-30,20-00,II,,,,,,,,,,,ВТОРНИК,7,18-30,20-00,II,,,,,,,,,,,ВТОРНИК,7,18-30,20-00,II,,,,,,,,,,
ВТОРНИК,8,20-10,21-40,I,,,,,,,,,,,ВТОРНИК,8,20-10,21-40,I,,,,,,,,,,,ВТОРНИК,8,20-10,21-40,I,,,,,,,,,,,ВТОРНИК,8,20-10,21-40,I,,,,,,,,,,,ВТОРНИК,8,20-10,21-40,I,,,,,,,,,,,ВТОРНИК,8,20-10,21-40,I,,,,,,,,,,,ВТОРНИК,8,20-10,21-40,I,,,,,,,,,,
ВТОРНИК,8,20-10,21-40,II,,,,,,,,,,,ВТОРНИК,8,20-10,21-40,II,,,,,,,,,,,ВТОРНИК,8,20-10,21-40,II,,,,,,,,,,,ВТОРНИК,8,20-10,21-40,II,,,,,,,,,,,ВТОРНИК,8,20-10,21-40,II,,,,,,,,,,,ВТОРНИК,8,20-10,21-40,II,,,,,,,,,,,ВТОРНИК,8,20-10,21-40,II,,,,,,,,,,
СРЕДА,1,9-00,10-30,I,,,,,,,,,,,СРЕДА,1,9-00,10-30,I,,,,,,,,,,,СРЕДА,1,9-00,10-30,I,,,,,,,,,,,СРЕДА,1,9-00,10-30,I,,,,,,,,,,,СРЕДА,1,9-00,10-30,I,,,,,,,,,,,СРЕДА,1,9-00,10-30,I,,,,,,,,,,,СРЕДА,1,9-00,10-30,I,,,,,,,,,,
СРЕДА,1,9-00,10-30,II,,,,,,,,,,,СРЕДА,1,9-00,10-30,II,,,,,,,,,,,СРЕДА,1,9-00,10-30,II,,,,,,,,,,,СРЕДА,1,9-00,10-30,II,,,,,,,,,,,СРЕДА,1,9-00,10-30,II,,,,,,,,,,,СРЕДА,1,9-00,10-30,II,,,,,,,,,,,СРЕДА,1,9-00,10-30,II,,,,,,,,,,
СРЕДА,2,10-40,12-10,I,,,,,,,,,,,СРЕДА,2,10-40,12-10,I,,,,,,,,,,,СРЕДА,2,10-40,12-10,I,,,,,,,,,,,СРЕДА,2,10-40,12-10,I,,,,,,,,,,,СРЕДА,2,10-40,12-10,I,,,,,,,,,,,СРЕДА,2,10-40,12-10,I,,,,,,,,,,,СРЕДА,2,10-40,12-10,I,,,,,,,,,,
СРЕДА,2,10-40,12-10,II,,,,,,,,,,,СРЕДА,2,10-40,12-10,II,,,,,,,,,,,СРЕДА,2,10-40,12-10,II,,,,,,,,,,,СРЕДА,2,10-40,12-10,II,,,,,,,,,,,СРЕДА,2,10-40,12-10,II,,,,,,,,,,,СРЕДА,2,10-40,12-10,II,,,,,,,,,,,СРЕДА,2,10-40,12-10,II,,,,,,,,,,
СРЕДА,3,12-40,14-10,I,,,,,,,,,,,СРЕДА,3,12-40,14-10,I,,,,,,,,,,,СРЕДА,3,12-40,14-10,I,,,,,,,,,,,СРЕДА,3,12-40,14-10,I,,,,,,,,,,,СРЕДА,3,12-40,14-10,I,,,,,,3-17 н. Алгоритмы распределенной обработки информации,лк,Бычков И.Н.,База,,СРЕДА,3,12-40,14-10,I,,,,,,,,,,,СРЕДА,3,12-40,14-10,I,,,,,,,,,,
СРЕДА,3,12-40,14-10,II,,,,,,,,,,,СРЕДА,3,12-40,14-10,II,,,,,,,,,,,СРЕДА,3,12-40,14-10,II,,,,,,,,,,,СРЕДА,3,12-40,14-10,II,,,,,,,,,,,СРЕДА,3,12-40,14-10,II,,,,,,2-16 н. Алгоритмы распределенной обработки информации,пр,Бычков И.Н.,База,,СРЕДА,3,12-40,14-10,II,,,,,,,,,,,СРЕДА,3,12-40,14-10,II,,,,,,,,,,
СРЕДА,4,14-20,15-50,I,,,,,,,,,,,СРЕДА,4,14-20,15-50,I,,,,,,,,,,,СРЕДА,4,14-20,15-50,I,,,,,,,,,,,СРЕДА,4,14-20,15-50,I,,,,,,,,,,,СРЕДА,4,14-20,15-50,I,,,,,,,,,,,СРЕДА,4,14-20,15-50,I,"7,9,11,15 н. Управление проектными командами",пр,Жемерикин О.И.,А-205,,,,,,,СРЕДА,4,14-20,15-50,I,,,,,,,,,,
СРЕДА,4,14-20,15-50,II,,,,,,,,,,,СРЕДА,4,14-20,15-50,II,,,,,,,,,,,СРЕДА,4,14-20,15-50,II,,,,,,,,,,,СРЕДА,4,14-20,15-50,II,2-16 н. Системы управления рисками и инцидентами,пр,Борисов В.Д.,База,,,,,,,СРЕДА,4,14-20,15-50,II,,,,,,2-16 н. Алгоритмы распределенной обработки информации,пр,Бычков И.Н.,База,,СРЕДА,4,14-20,15-50,II,"8,10,12,14 н. Управление проектными командами",пр,Жемерикин О.И.,А-205,,,,,,,СРЕДА,4,14-20,15-50,II,,,,,,,,,,
СРЕДА,5,16-20,17-50,I,"3-17 н. Архитектура, проектирование и разработка программных средств",пр,Батанов А.О.,Г-226-1,,"3-17 н. Архитектура, проектирование и разработка программных средств",пр,Матчин В.Т.,Г-226-2,,СРЕДА,5,16-20,17-50,I,"3-17 н. Архитектура, проектирование и разработка программных средств",пр,Матчин В.Т.,Г-226-2,,,,,,,СРЕДА,5,16-20,17-50,I,,,,,,3-17 н. Проектирование архитектуры информационных систем ,лк,Лобанов А.А.,Г-226-1,,СРЕДА,5,16-20,17-50,I,3-17 н. Архитектура систем защиты информации информационных систем,лк,Фомина О.А.,База,,"3-17 н. Архитектура, проектирование и разработка программных средств",пр,Чехарин Е.Е.,Г-227-1,,СРЕДА,5,16-20,17-50,I,3-17 н. Проектирование программного обеспечения ,пр,Кублик Е.И.,Г-111-а,,"7,11,15  н. Управление проектными командами",пр,Жемерикин О.И.,А-177,,СРЕДА,5,16-20,17-50,I,3-17 н. Корпоративные информационные системы,лк,Гантц ИС,А-219,,3-17 н. Корпоративные информационные системы,лк,Гантц ИС,А-219,,СРЕДА,5,16-20,17-50,I,"3-17 н. Архитектура, проектирование и разработка программных средств",пр,Мельников Д.А.,Г-227-2,,"3-17 н. Архитектура, проектирование и разработка программных средств",пр,Мельников Д.А.,Г-227-2,
СРЕДА,5,16-20,17-50,II,2-18 н. Проектирование систем на кристалле,пр,Мусихин А.Г.,Г-109-б,,"2-16 н. Архитектура, проектирование и разработка программных средств",пр,Матчин В.Т.,Г-226-2,,СРЕДА,5,16-20,17-50,II,"2-16 н. Архитектура, проектирование и разработка программных средств",пр,Матчин В.Т.,Г-226-2,,,,,,,СРЕДА,5,16-20,17-50,II,,,,,,2-18 н. Проектирование архитектуры информационных систем ,пр,Лобанов А.А.,Г-226-1,,СРЕДА,5,16-20,17-50,II,2-16 н. Индустриальное производство программного обеспечения,лк,Силаев Ю.В.,База,,"2-16 н. Архитектура, проектирование и разработка программных средств",пр,Чехарин Е.Е.,Г-227-1,,СРЕДА,5,16-20,17-50,II,2-16 н. Проектирование программного обеспечения ,лк,Кублик Е.И.,А-219,,,,,,,СРЕДА,5,16-20,17-50,II,2-16 н. Проектирование корпоративных информационных систем ,лк,Смоленцева Т.Е.,Г-304,,,,,,,СРЕДА,5,16-20,17-50,II,"2-16 н. Архитектура, проектирование и разработка программных средств",пр,Мельников Д.А.,Г-227-2,,"2-16 н. Архитектура, проектирование и разработка программных средств",пр,Мельников Д.А.,Г-227-2,
СРЕДА,6,18-00,19-30,I,"3-17 н. Архитектура, проектирование и разработка программных средств",пр,Батанов А.О.,Г-226-1,,"3-17 н. Архитектура, проектирование и разработка программных средств",пр,Матчин В.Т.,Г-226-2,,СРЕДА,6,18-00,19-30,I,"3-17 н. Архитектура, проектирование и разработка программных средств",пр,Матчин В.Т.,Г-226-2,,3-17 н. Инструментальные средства обработки данных,лк,Уманский С.А,База,,СРЕДА,6,18-00,19-30,I,3-17н. Дистанционное обслуживание подсистем информационно-управляющих систем,лк,Лунев А.В.,База 505,,3-17 н. Проектирование и разработка систем управления информационными ресурсами,пр,Лобанов А.А.,Г-227-1,,СРЕДА,6,18-00,19-30,I,3-17 н. Архитектура систем защиты информации информационных систем,пр,Труфанов В.Н.,База,,"3-17 н. Архитектура, проектирование и разработка программных средств",пр,Чехарин Е.Е.,Г-227-1,,СРЕДА,6,18-00,19-30,I,3-17 н. Проектирование программного обеспечения ,пр,Кублик Е.И.,Г-111-а,,"7,11,15  н. Управление проектными командами",пр,Жемерикин О.И.,А-177,,СРЕДА,6,18-00,19-30,I,3-17 н. Проектирование корпоративных информационных систем,пр,Борзых Н.Ю.,А-418,,3-17 н. Корпоративные информационные системы,пр,Гантц ИС,А-423,,СРЕДА,6,18-00,19-30,I,"3-17 н. Архитектура, проектирование и разработка программных средств",пр,Мельников Д.А.,Г-227-2,,"3-17 н. Архитектура, проектирование и разработка программных средств",пр,Мельников Д.А.,Г-227-2,
СРЕДА,6,18-00,19-30,II,"2-16  н. Архитектура, проектирование и разработка программных средств",пр,Батанов А.О.,Г-227-2,,2-16 н. Инструментальные средства проектирования цифровых устройств в составе инфокоммуникационных систем,пр,Потехин Д.С.,Г-110-а,,СРЕДА,6,18-00,19-30,II,2-18 н. Проектирование систем на кристалле,пр,Мусихин А.Г.,Г-109-б,,2-16 н. Информационно-аналитические системы управления предприятием,лк,Балдин К.В.,База,,СРЕДА,6,18-00,19-30,II,2-16 н. Проектирование и разработка распределённых информационно-управляющих систем,лк,Лукьянов Ю.А. ,База 505,,4-16 н. Проектирование и разработка систем управления информационными ресурсами,пр,Лобанов А.А.,Г-226-1,,СРЕДА,6,18-00,19-30,II,2-16 н. Индустриальное производство программного обеспечения,пр,Лепехин В.В.,База,,,,,,,СРЕДА,6,18-00,19-30,II,"2-16 н. Архитектура, проектирование и разработка программных средств",пр,Чехарин Е.Е.,Г-226-2,,,,,,,СРЕДА,6,18-00,19-30,II,4-18 н. Программное обеспечение корпоративных информационных систем,лк,Павлович Т.В.,А-423,,2-16 н. Распределенные информационные системы,пр,Романова Е.В.,База,,СРЕДА,6,18-00,19-30,II,,,,,,,,,,
СРЕДА,7,19-40,21-10,I,3-17 н.Инструментальные средства разработки программно-аппаратных комплексов,пр,Люлява Д.В.,Г-109-б,,,,,,,СРЕДА,7,19-40,21-10,I,,,,,,3-17 н. Инструментальные средства обработки данных,пр,Уманский С.А,База,,СРЕДА,7,19-40,21-10,I,3-17н. Дистанционное обслуживание подсистем информационно-управляющих систем,пр,Лунев А.В.,База 505,,3-17 н. Проектирование и разработка систем управления информационными ресурсами,лк,Лобанов А.А.,Г-227-2,,СРЕДА,7,19-40,21-10,I,3-17 н. Архитектура систем защиты информации информационных систем,пр,Труфанов В.Н.,База,,,,,,,СРЕДА,7,19-40,21-10,I,"3-17 н. Архитектура, проектирование и разработка программных средств",пр,Чехарин Е.Е.,Г-227-1,,"7-17 н. Архитектура, проектирование и разработка программных средств",пр,Мельников Д.А.,Г-226-1,,СРЕДА,7,19-40,21-10,I,3-17 н. Проектирование корпоративных информационных систем,пр,Борзых Н.Ю.,А-418,,3-17 н. Корпоративные информационные системы,пр,Гантц ИС,А-423,,СРЕДА,7,19-40,21-10,I,,,,,,,,,,
СРЕДА,7,19-40,21-10,II,2-16 н. Инструментальные средства проектирования цифровых устройств в составе инфокоммуникационных систем,пр,Потехин Д.С.,Г-110-а,,2-18 н. Проектирование систем на кристалле,пр,Мусихин А.Г.,Г-109-б,,СРЕДА,7,19-40,21-10,II,,,,,,2-16 н. Информационно-аналитические системы управления предприятием,пр,Балдин К.В.,База,,СРЕДА,7,19-40,21-10,II,2-16 н. Проектирование и разработка распределённых информационно-управляющих систем,лк,Лукьянов Ю.А. ,База 505,,,,,,,СРЕДА,7,19-40,21-10,II,2-16 н. Индустриальное производство программного обеспечения,пр,Лепехин В.В.,База,,,,,,,СРЕДА,7,19-40,21-10,II,"2-16 н. Архитектура, проектирование и разработка программных средств",пр,Чехарин Е.Е.,Г-227-1,,,,,,,СРЕДА,7,19-40,21-10,II,4-18 н. Программное обеспечение корпоративных информационных систем,пр,Павлович Т.В.,А-423,,2-16 н. Распределенные информационные системы,пр,Романова Е.В.,База,,СРЕДА,7,19-40,21-10,II,,,,,,,,,,
СРЕДА,7,18-30,20-00,I,,,,,,,,,,,СРЕДА,7,18-30,20-00,I,,,,,,,,,,,СРЕДА,7,18-30,20-00,I,,,,,,,,,,,СРЕДА,7,18-30,20-00,I,,,,,,,,,,,СРЕДА,7,18-30,20-00,I,,,,,,,,,,,СРЕДА,7,18-30,20-00,I,,,,,,,,,,,СРЕДА,7,18-30,20-00,I,,,,,,,,,,
СРЕДА,7,18-30,20-00,II,,,,,,,,,,,СРЕДА,7,18-30,20-00,II,,,,,,,,,,,СРЕДА,7,18-30,20-00,II,,,,,,,,,,,СРЕДА,7,18-30,20-00,II,,,,,,,,,,,СРЕДА,7,18-30,20-00,II,,,,,,,,,,,СРЕДА,7,18-30,20-00,II,,,,,,,,,,,СРЕДА,7,18-30,20-00,II,,,,,,,,,,
СРЕДА,8,20-10,21-40,I,,,,,,,,,,,СРЕДА,8,20-10,21-40,I,,,,,,,,,,,СРЕДА,8,20-10,21-40,I,,,,,,,,,,,СРЕДА,8,20-10,21-40,I,,,,,,,,,,,СРЕДА,8,20-10,21-40,I,,,,,,,,,,,СРЕДА,8,20-10,21-40,I,,,,,,,,,,,СРЕДА,8,20-10,21-40,I,,,,,,,,,,
СРЕДА,8,20-10,21-40,II,,,,,,,,,,,СРЕДА,8,20-10,21-40,II,,,,,,,,,,,СРЕДА,8,20-10,21-40,II,,,,,,,,,,,СРЕДА,8,20-10,21-40,II,,,,,,,,,,,СРЕДА,8,20-10,21-40,II,,,,,,,,,,,СРЕДА,8,20-10,21-40,II,,,,,,,,,,,СРЕДА,8,20-10,21-40,II,,,,,,,,,,
ЧЕТВЕРГ,1,9-00,10-30,I,,,,,,,,,,,ЧЕТВЕРГ,1,9-00,10-30,I,,,,,,,,,,,ЧЕТВЕРГ,1,9-00,10-30,I,,,,,,,,,,,ЧЕТВЕРГ,1,9-00,10-30,I,,,,,,,,,,,ЧЕТВЕРГ,1,9-00,10-30,I,,,,,,,,,,,ЧЕТВЕРГ,1,9-00,10-30,I,,,,,,,,,,,ЧЕТВЕРГ,1,9-00,10-30,I,,,,,,,,,,
ЧЕТВЕРГ,1,9-00,10-30,II,,,,,,,,,,,ЧЕТВЕРГ,1,9-00,10-30,II,,,,,,,,,,,ЧЕТВЕРГ,1,9-00,10-30,II,,,,,,,,,,,ЧЕТВЕРГ,1,9-00,10-30,II,,,,,,,,,,,ЧЕТВЕРГ,1,9-00,10-30,II,,,,,,,,,,,ЧЕТВЕРГ,1,9-00,10-30,II,,,,,,,,,,,ЧЕТВЕРГ,1,9-00,10-30,II,,,,,,,,,,
ЧЕТВЕРГ,2,10-40,12-10,I,,,,,,,,,,,ЧЕТВЕРГ,2,10-40,12-10,I,,,,,,,,,,,ЧЕТВЕРГ,2,10-40,12-10,I,,,,,,,,,,,ЧЕТВЕРГ,2,10-40,12-10,I,,,,,,,,,,,ЧЕТВЕРГ,2,10-40,12-10,I,,,,,,,,,,,ЧЕТВЕРГ,2,10-40,12-10,I,,,,,,,,,,,ЧЕТВЕРГ,2,10-40,12-10,I,,,,,,,,,,
ЧЕТВЕРГ,2,10-40,12-10,II,,,,,,,,,,,ЧЕТВЕРГ,2,10-40,12-10,II,,,,,,,,,,,ЧЕТВЕРГ,2,10-40,12-10,II,,,,,,,,,,,ЧЕТВЕРГ,2,10-40,12-10,II,,,,,,,,,,,ЧЕТВЕРГ,2,10-40,12-10,II,,,,,,,,,,,ЧЕТВЕРГ,2,10-40,12-10,II,,,,,,,,,,,ЧЕТВЕРГ,2,10-40,12-10,II,,,,,,,,,,
ЧЕТВЕРГ,3,12-40,14-10,I,,,,,,,,,,,ЧЕТВЕРГ,3,12-40,14-10,I,,,,,,,,,,,ЧЕТВЕРГ,3,12-40,14-10,I,,,,,,,,,,,ЧЕТВЕРГ,3,12-40,14-10,I,,,,,,,,,,,ЧЕТВЕРГ,3,12-40,14-10,I,,,,,,"5 н. Техническое обеспечение систем управления технологическими процессами
7 н.  Проектирование систем управления и поддержки принятия решений
9,11 н.  Проектирование систем управления и поддержки принятия решений","лк
пр
пр","Глухов А.В.
Прилипко В.А.
Прилипко В.А.",База,,ЧЕТВЕРГ,3,12-40,14-10,I,,,,,,,,,,,ЧЕТВЕРГ,3,12-40,14-10,I,,,,,,,,,,
ЧЕТВЕРГ,3,12-40,14-10,II,,,,,,,,,,,ЧЕТВЕРГ,3,12-40,14-10,II,,,,,,,,,,,ЧЕТВЕРГ,3,12-40,14-10,II,,,,,,,,,,,ЧЕТВЕРГ,3,12-40,14-10,II,,,,,,,,,,,ЧЕТВЕРГ,3,12-40,14-10,II,,,,,,,,,,,ЧЕТВЕРГ,3,12-40,14-10,II,,,,,,,,,,,ЧЕТВЕРГ,3,12-40,14-10,II,,,,,,,,,,
ЧЕТВЕРГ,4,14-20,15-50,I,,,,,,,,,,,ЧЕТВЕРГ,4,14-20,15-50,I,,,,,,,,,,,ЧЕТВЕРГ,4,14-20,15-50,I,,,,,,7 н. Проектирование и разработка  программных интерфейсов,пр,Алпатов А.Н.,А-421-2,,ЧЕТВЕРГ,4,14-20,15-50,I,,,,,,,,,,,ЧЕТВЕРГ,4,14-20,15-50,I,,,,,,3-15 н. Техническое обеспечение систем управления технологическими процессами,пр,Глухов А.В.,База,,ЧЕТВЕРГ,4,14-20,15-50,I,,,,,,,,,,,ЧЕТВЕРГ,4,14-20,15-50,I,,,,,,,,,,
ЧЕТВЕРГ,4,14-20,15-50,II,,,,,,,,,,,ЧЕТВЕРГ,4,14-20,15-50,II,,,,,,,,,,,ЧЕТВЕРГ,4,14-20,15-50,II,,,,,,,,,,,ЧЕТВЕРГ,4,14-20,15-50,II,,,,,,,,,,,ЧЕТВЕРГ,4,14-20,15-50,II,,,,,,,,,,,ЧЕТВЕРГ,4,14-20,15-50,II,,,,,,,,,,,ЧЕТВЕРГ,4,14-20,15-50,II,,,,,,,,,,
ЧЕТВЕРГ,5,16-20,17-50,I,3-17 н. Проектирование и разработка цифровых устройств на базе программируемых логических интегральных схем,лк,Смирнов Н.А.,А-219,,3-17 н. Проектирование и разработка цифровых устройств на базе программируемых логических интегральных схем,лк,Смирнов Н.А.,А-219,,ЧЕТВЕРГ,5,16-20,17-50,I,"3,5,7,9 н. Проектирование и разработка архитектуры высокопроизводительных вычислительных систем",лк,,База,,3-15 н. Проектирование систем на кристалле,пр,Мусихин А.Г.,Г-110-б,,ЧЕТВЕРГ,5,16-20,17-50,I,,,,,,7-15 н. Проектирование и разработка  программных интерфейсов,пр,Алпатов А.Н.,А-421-2,,ЧЕТВЕРГ,5,16-20,17-50,I,3-15 н. Системы распознавания и обработки данных ,лк,Силаев Ю.В.,База,,3-15 н. Хранилища данных систем управления ресурсами и взаимоотношениями предприятия,лк,Назаров А..Н.,А-222,,ЧЕТВЕРГ,5,16-20,17-50,I,,,,,,3-15 н. Проектирование систем управления и поддержки принятия решений,лк,Прилипко В.А.,База,,ЧЕТВЕРГ,5,16-20,17-50,I,3-15 н. Программное обеспечение корпоративных информационных систем,лк,Павлович Т.В.,А-220,,,,,,,ЧЕТВЕРГ,5,16-20,17-50,I,3-17 н. Программное обеспечение параллельных вычислений,лк,Лобанов А.И.,А-221,,3-15 н. Программное обеспечение систем поддержки принятия решения в гидрометеорологии,лк,Киктев Д.Б.,База,
ЧЕТВЕРГ,5,16-20,17-50,II,2-16 н. Проектирование и разработка цифровых устройств на базе программируемых логических интегральных схем,лк,Смирнов Н.А.,Г-109-а,,2-16 н. Проектирование и разработка цифровых устройств на базе программируемых логических интегральных схем,лк,Смирнов Н.А.,Г-109-а,,ЧЕТВЕРГ,5,16-20,17-50,II,,,,,,,,,,,ЧЕТВЕРГ,5,16-20,17-50,II,,,,,,,,,,,ЧЕТВЕРГ,5,16-20,17-50,II,18 н. Системы распознавания и обработки данных ,лк,Силаев Ю.В.,База,,2-18 н. Хранилища данных систем управления ресурсами и взаимоотношениями предприятия,пр,Назаров А..Н.,И-212-б,,ЧЕТВЕРГ,5,16-20,17-50,II,2-16 н. Технологии формирования межотраслевого и межгосударственного единого информационного пространства ,пр,Головин С.А.,А-111,,2-16 н. Технологии личностного роста,пр,Мусатова О.А.,А-218,,ЧЕТВЕРГ,5,16-20,17-50,II,"2-16 н. Системы и службы поддержки пользователей
18 н. Программное обеспечение корпоративных информационных систем",лк,Павлович Т.В.,А-220,,2-16 н. Системы и службы поддержки пользователей,лк,Павлович Т.В.,А-220,,ЧЕТВЕРГ,5,16-20,17-50,II,,,,,,"2-16 н. Технологии личностного роста
18 н. Программное обеспечение систем поддержки принятия решения в гидрометеорологии","пр
лк","Мусатова О.А.
Киктев Д.Б.",А-218,
ЧЕТВЕРГ,6,18-00,19-30,I,3-15 н. Верификация проектов в системах автоматизированного проектирования,пр,Штрекер Е.Н.,Г-109-а,,3-15 н. Проектирование систем на кристалле,пр,Мусихин А.Г.,Г-110-б,,ЧЕТВЕРГ,6,18-00,19-30,I,"3,5,7,9 н. Проектирование и разработка архитектуры высокопроизводительных вычислительных систем",лк,,База,,,,,,,ЧЕТВЕРГ,6,18-00,19-30,I,3-15н. Проектирование и разработка распределённых информационно-управляющих систем,пр,Лукьянов Ю.А. ,База 505,,3-15 н. Проектирование архитектуры информационных систем ,пр,Лобанов А.А.,А-421-2,,ЧЕТВЕРГ,6,18-00,19-30,I,3-15 н. Системы распознавания и обработки данных ,пр,Беляева Е.В.,База,,3-15 н. Хранилища данных систем управления ресурсами и взаимоотношениями предприятия,пр,Назаров А..Н.,Г-312,,ЧЕТВЕРГ,6,18-00,19-30,I,,,,,,3-15 н. Проектирование систем управления и поддержки принятия решений,пр,Прилипко В.А.,База,,ЧЕТВЕРГ,6,18-00,19-30,I,"3,7,11,15 н. Системы и службы поддержки пользователей",пр,Павлович Т.В.,Г-304,,"5,9,13 н. Системы и службы поддержки пользователей",пр,Павлович Т.В.,Г-304,,ЧЕТВЕРГ,6,18-00,19-30,I,3-17 н. Программное обеспечение параллельных вычислений,пр,Лобанов А.И.,Г-427,,3-15 н. Программное обеспечение систем поддержки принятия решения в гидрометеорологии,пр,Киктев Д.Б.,База,
ЧЕТВЕРГ,6,18-00,19-30,II,"2-16 н. Верификация проектов в системах автоматизированного проектирования
18 н. Верификация проектов в системах автоматизированного проектирования","лк
пр",Штрекер Е.Н.,А-204,,2-16 н. Верификация проектов в системах автоматизированного проектирования,лк,Штрекер Е.Н.,А-204,,ЧЕТВЕРГ,6,18-00,19-30,II,2-16 н. Верификация проектов в системах автоматизированного проектирования,лк,Штрекер Е.Н.,А-204,,2-16 н. Верификация проектов в системах автоматизированного проектирования,лк,Штрекер Е.Н.,А-204,,ЧЕТВЕРГ,6,18-00,19-30,II,"2-16 н. Геоинформационные технологии в информационно-управляющих системах
18 н. Проектирование и разработка распределённых информационно-управляющих систем","лк
пр","Серебряков И.Е.
Лукьянов Ю.А. ","База 510
База 505",,"2,4 н. Проектирование и разработка  программных интерфейсов",лк,Алпатов А.Н.,Г-226-1,,ЧЕТВЕРГ,6,18-00,19-30,II,18 н. Системы распознавания и обработки данных ,пр,Беляева Е.В.,База,,"2-16 н. Управление проектными командами
18 н. Хранилища данных систем управления ресурсами и взаимоотношениями предприятия","пр
лк","Быкова А.В.
Назаров А..Н.",А-208,,ЧЕТВЕРГ,6,18-00,19-30,II,2-16 н. Технологии формирования межотраслевого и межгосударственного единого информационного пространства ,лк,Головин С.А.,А-111,,2-16 н. Технологии формирования межотраслевого и межгосударственного единого информационного пространства ,лк,Головин С.А.,А-111,,ЧЕТВЕРГ,6,18-00,19-30,II,2-16 н. Технологии личностного роста,пр,Мусатова О.А.,А-218,,2-18 н. Системы и службы поддержки пользователей,пр,Павлович Т.В.,Г-304,,ЧЕТВЕРГ,6,18-00,19-30,II,,,,,,18 н. Программное обеспечение систем поддержки принятия решения в гидрометеорологии,пр,Киктев Д.Б.,База,
ЧЕТВЕРГ,7,19-40,21-10,I,3-15 н. Проектирование систем на кристалле,пр,Мусихин А.Г.,Г-110-б,,3-15 н. Верификация проектов в системах автоматизированного проектирования,пр,Штрекер Е.Н.,Г-109-а,,ЧЕТВЕРГ,7,19-40,21-10,I,,,,,,,,,,,ЧЕТВЕРГ,7,19-40,21-10,I,3-15н. Проектирование и разработка распределённых информационно-управляющих систем,лаб,Лукьянов Ю.А. ,База 505,,,,,,,ЧЕТВЕРГ,7,19-40,21-10,I,3-15 н. Системы распознавания и обработки данных ,пр,Беляева Е.В.,База,,,,,,,ЧЕТВЕРГ,7,19-40,21-10,I,,,,,,3-15 н. Проектирование систем управления и поддержки принятия решений,пр,Прилипко В.А.,База,,ЧЕТВЕРГ,7,19-40,21-10,I,"3,7,11,15 н. Системы и службы поддержки пользователей",пр,Павлович Т.В.,Г-304,,"5,9,13 н. Системы и службы поддержки пользователей",пр,Павлович Т.В.,Г-304,,ЧЕТВЕРГ,7,19-40,21-10,I,3-17 н. Программное обеспечение параллельных вычислений,пр,Лобанов А.И.,Г-427,,3-15 н. Программное обеспечение систем поддержки принятия решения в гидрометеорологии,пр,Киктев Д.Б.,База,
ЧЕТВЕРГ,7,19-40,21-10,II,,,,,,18 н. Верификация проектов в системах автоматизированного проектирования,пр,Штрекер Е.Н.,Г-109-а,,ЧЕТВЕРГ,7,19-40,21-10,II,2-16 н. Верификация проектов в системах автоматизированного проектирования,пр,Штрекер Е.Н.,Г-109-а,,,,,,,ЧЕТВЕРГ,7,19-40,21-10,II,"2-16 н. Геоинформационные технологии в информационно-управляющих системах
18 н. Проектирование и разработка распределённых информационно-управляющих систем","пр
пр","Серебряков И.Е.
Лукьянов Ю.А. ","База 510
База 505",,,,,,,ЧЕТВЕРГ,7,19-40,21-10,II,"2-16 н. Управление проектными командами
18 н. Системы распознавания и обработки данных ","пр
пр","Быкова А.В.
Беляева Е.В.","А-208
База",,,,,,,ЧЕТВЕРГ,7,19-40,21-10,II,2-16 н. Технологии формирования межотраслевого и межгосударственного единого информационного пространства ,пр,Головин С.А.,Г-301-б,,,,,,,ЧЕТВЕРГ,7,19-40,21-10,II,2-16 н. Системы и службы поддержки пользователей,пр,Павлович Т.В.,Г-304,,"2-16 н. Технологии личностного роста
18 н.  Системы и службы поддержки пользователей","пр
пр","Мусатова О.А.
Павлович Т.В.",А-218,,ЧЕТВЕРГ,7,19-40,21-10,II,,,,,,18 н. Программное обеспечение систем поддержки принятия решения в гидрометеорологии,пр,Киктев Д.Б.,База,
ЧЕТВЕРГ,7,18-30,20-00,I,,,,,,,,,,,ЧЕТВЕРГ,7,18-30,20-00,I,,,,,,,,,,,ЧЕТВЕРГ,7,18-30,20-00,I,,,,,,,,,,,ЧЕТВЕРГ,7,18-30,20-00,I,,,,,,,,,,,ЧЕТВЕРГ,7,18-30,20-00,I,,,,,,,,,,,ЧЕТВЕРГ,7,18-30,20-00,I,,,,,,,,,,,ЧЕТВЕРГ,7,18-30,20-00,I,,,,,,,,,,
ЧЕТВЕРГ,7,18-30,20-00,II,,,,,,,,,,,ЧЕТВЕРГ,7,18-30,20-00,II,,,,,,,,,,,ЧЕТВЕРГ,7,18-30,20-00,II,,,,,,,,,,,ЧЕТВЕРГ,7,18-30,20-00,II,,,,,,,,,,,ЧЕТВЕРГ,7,18-30,20-00,II,,,,,,,,,,,ЧЕТВЕРГ,7,18-30,20-00,II,,,,,,,,,,,ЧЕТВЕРГ,7,18-30,20-00,II,,,,,,,,,,
ЧЕТВЕРГ,8,20-10,21-40,I,,,,,,,,,,,ЧЕТВЕРГ,8,20-10,21-40,I,,,,,,,,,,,ЧЕТВЕРГ,8,20-10,21-40,I,,,,,,,,,,,ЧЕТВЕРГ,8,20-10,21-40,I,,,,,,,,,,,ЧЕТВЕРГ,8,20-10,21-40,I,,,,,,,,,,,ЧЕТВЕРГ,8,20-10,21-40,I,,,,,,,,,,,ЧЕТВЕРГ,8,20-10,21-40,I,,,,,,,,,,
ЧЕТВЕРГ,8,20-10,21-40,II,,,,,,,,,,,ЧЕТВЕРГ,8,20-10,21-40,II,,,,,,,,,,,ЧЕТВЕРГ,8,20-10,21-40,II,,,,,,,,,,,ЧЕТВЕРГ,8,20-10,21-40,II,,,,,,,,,,,ЧЕТВЕРГ,8,20-10,21-40,II,,,,,,,,,,,ЧЕТВЕРГ,8,20-10,21-40,II,,,,,,,,,,,ЧЕТВЕРГ,8,20-10,21-40,II,,,,,,,,,,
ПЯТНИЦА,1,9-00,10-30,I,,,,,,,,,,,ПЯТНИЦА,1,9-00,10-30,I,,,,,,,,,,,ПЯТНИЦА,1,9-00,10-30,I,,,,,,,,,,,ПЯТНИЦА,1,9-00,10-30,I,,,,,,,,,,,ПЯТНИЦА,1,9-00,10-30,I,,,,,,,,,,,ПЯТНИЦА,1,9-00,10-30,I,,,,,,,,,,,ПЯТНИЦА,1,9-00,10-30,I,,,,,,,,,,
ПЯТНИЦА,1,9-00,10-30,II,,,,,,,,,,,ПЯТНИЦА,1,9-00,10-30,II,,,,,,,,,,,ПЯТНИЦА,1,9-00,10-30,II,,,,,,,,,,,ПЯТНИЦА,1,9-00,10-30,II,,,,,,,,,,,ПЯТНИЦА,1,9-00,10-30,II,,,,,,,,,,,ПЯТНИЦА,1,9-00,10-30,II,,,,,,,,,,,ПЯТНИЦА,1,9-00,10-30,II,,,,,,,,,,
ПЯТНИЦА,2,10-40,12-10,I,,,,,,,,,,,ПЯТНИЦА,2,10-40,12-10,I,,,,,,,,,,,ПЯТНИЦА,2,10-40,12-10,I,,,,,,,,,,,ПЯТНИЦА,2,10-40,12-10,I,,,,,,,,,,,ПЯТНИЦА,2,10-40,12-10,I,,,,,,,,,,,ПЯТНИЦА,2,10-40,12-10,I,,,,,,,,,,,ПЯТНИЦА,2,10-40,12-10,I,,,,,,,,,,
ПЯТНИЦА,2,10-40,12-10,II,,,,,,,,,,,ПЯТНИЦА,2,10-40,12-10,II,,,,,,,,,,,ПЯТНИЦА,2,10-40,12-10,II,,,,,,,,,,,ПЯТНИЦА,2,10-40,12-10,II,,,,,,,,,,,ПЯТНИЦА,2,10-40,12-10,II,,,,,,,,,,,ПЯТНИЦА,2,10-40,12-10,II,,,,,,,,,,,ПЯТНИЦА,2,10-40,12-10,II,,,,,,,,,,
ПЯТНИЦА,3,12-40,14-10,I,,,,,,,,,,,ПЯТНИЦА,3,12-40,14-10,I,,,,,,,,,,,ПЯТНИЦА,3,12-40,14-10,I,,,,,,,,,,,ПЯТНИЦА,3,12-40,14-10,I,,,,,,,,,,,ПЯТНИЦА,3,12-40,14-10,I,,,,,,,,,,,ПЯТНИЦА,3,12-40,14-10,I,,,,,,,,,,,ПЯТНИЦА,3,12-40,14-10,I,,,,,,,,,,
ПЯТНИЦА,3,12-40,14-10,II,,,,,,,,,,,ПЯТНИЦА,3,12-40,14-10,II,,,,,,,,,,,ПЯТНИЦА,3,12-40,14-10,II,,,,,,,,,,,ПЯТНИЦА,3,12-40,14-10,II,,,,,,,,,,,ПЯТНИЦА,3,12-40,14-10,II,,,,,,,,,,,ПЯТНИЦА,3,12-40,14-10,II,,,,,,,,,,,ПЯТНИЦА,3,12-40,14-10,II,,,,,,,,,,
ПЯТНИЦА,4,14-20,15-50,I,,,,,,,,,,,ПЯТНИЦА,4,14-20,15-50,I,,,,,,,,,,,ПЯТНИЦА,4,14-20,15-50,I,,,,,,,,,,,ПЯТНИЦА,4,14-20,15-50,I,,,,,,,,,,,ПЯТНИЦА,4,14-20,15-50,I,,,,,,,,,,,ПЯТНИЦА,4,14-20,15-50,I,,,,,,,,,,,ПЯТНИЦА,4,14-20,15-50,I,,,,,,,,,,
ПЯТНИЦА,4,14-20,15-50,II,,,,,,,,,,,ПЯТНИЦА,4,14-20,15-50,II,,,,,,,,,,,ПЯТНИЦА,4,14-20,15-50,II,,,,,,,,,,,ПЯТНИЦА,4,14-20,15-50,II,,,,,,,,,,,ПЯТНИЦА,4,14-20,15-50,II,,,,,,,,,,,ПЯТНИЦА,4,14-20,15-50,II,,,,,,,,,,,ПЯТНИЦА,4,14-20,15-50,II,,,,,,,,,,
ПЯТНИЦА,5,16-20,17-50,I,,,,,,,,,,,ПЯТНИЦА,5,16-20,17-50,I,3-17 н. Инструментальные средства параллельного программирования,лк,,База,,,,,,,ПЯТНИЦА,5,16-20,17-50,I,,,,,,3-17 н. Проектирование и разработка  программных интерфейсов,пр,Алпатов А.Н.,Г-226-2,,ПЯТНИЦА,5,16-20,17-50,I,"3-17 н. Архитектура, проектирование и разработка программных средств",пр,Батанов А.О.,Г-226-1,,,,,,,ПЯТНИЦА,5,16-20,17-50,I,,,,,,3-17 н. Технологии формирования межотраслевого и межгосударственного единого информационного пространства ,пр,Гимранов Э.И.,А-204,,ПЯТНИЦА,5,16-20,17-50,I,,,,,,3-17 н. Программное обеспечение распределенных информационных систем,лк,Лямин Ю.А,База,,ПЯТНИЦА,5,16-20,17-50,I,3-17 н Интеллектуальный анализ данных ,пр,Кузьмин В.И.,ИВЦ-109,,3-17 н Интеллектуальный анализ данных ,пр,Кузьмин В.И.,ИВЦ-109,
ПЯТНИЦА,5,16-20,17-50,II,,,,,,,,,,,ПЯТНИЦА,5,16-20,17-50,II,2-16 н. Математическое обеспечение высокопроизводительных вычислительных систем,лк,,База,,,,,,,ПЯТНИЦА,5,16-20,17-50,II,,,,,,2-16 н. Проектирование и разработка  программных интерфейсов,пр,Алпатов А.Н.,Г-226-2,,ПЯТНИЦА,5,16-20,17-50,II,"2-16 н. Архитектура, проектирование и разработка программных средств",пр,Батанов А.О.,Г-226-1,,,,,,,ПЯТНИЦА,5,16-20,17-50,II,2-16 н. Облачные и распределенные платформы и сервисы,лк,Синицын И.В.,А-208,,,,,,,ПЯТНИЦА,5,16-20,17-50,II,2-16 н. Распределенные информационные системы,пр,Романова Е.В.,База,,2-16 н. Проектирование распределенных информационных систем,лк,Петров М.Ю,База,,ПЯТНИЦА,5,16-20,17-50,II,2-16 н Интеллектуальный анализ данных ,пр,Кузьмин В.И.,Г-101,,2-16 н Интеллектуальный анализ данных ,пр,Кузьмин В.И.,Г-101,
ПЯТНИЦА,6,18-00,19-30,I,3-17 н. Проектирование и разработка цифровых устройств на базе программируемых логических интегральных схем,пр,Пономарев А.Н.,Г-110-а,,,,,,,ПЯТНИЦА,6,18-00,19-30,I,3-17 н. Инструментальные средства параллельного программирования,пр,,База,,3-17 н. Проектирование и разработка систем поддержки принятия решений в информационно-аналитических системах,лк,Паршин И.О.,База,,ПЯТНИЦА,6,18-00,19-30,I,3-17 н. Проектирование информационно-управляющих систем,лк,Корзинкин В.С.,База 505,,3-17 н. Системы управления реляционными и нереляционными базами данных,лк,Жматов Д.В.,А-208,,ПЯТНИЦА,6,18-00,19-30,I,"3-17 н. Архитектура, проектирование и разработка программных средств",пр,Батанов А.О.,Г-226-1,,,,,,,ПЯТНИЦА,6,18-00,19-30,I,,,,,,3-17 н. Технологии формирования межотраслевого и межгосударственного единого информационного пространства ,пр,Гимранов Э.И.,А-204,,ПЯТНИЦА,6,18-00,19-30,I,,,,,,3-17 н. Программное обеспечение распределенных информационных систем,пр,Максимов А.Ю.,База,,ПЯТНИЦА,6,18-00,19-30,I,3-17 н Интеллектуальный анализ данных ,лк,Кузьмин В.И.,ИВЦ-109,,3-17 н Интеллектуальный анализ данных ,лк,Кузьмин В.И.,ИВЦ-109,
ПЯТНИЦА,6,18-00,19-30,II,,,,,,2-16 н. Проектирование и разработка цифровых устройств на базе программируемых логических интегральных схем,пр,Пономарев А.Н.,Г-110-а,,ПЯТНИЦА,6,18-00,19-30,II,2-16 н. Математическое обеспечение высокопроизводительных вычислительных систем,пр,,База,,2-16 н. Проектирование и разработка систем поддержки принятия решений в информационно-аналитических системах,пр,Паршин И.О.,База,,ПЯТНИЦА,6,18-00,19-30,II,2-16 н.Проектирование информационно-управляющих систем,пр,Корзинкин В.С.,База 505,,2 н. Проектирование и разработка систем управления информационными ресурсами,пр,Лобанов А.А.,Г-227-1,,ПЯТНИЦА,6,18-00,19-30,II,,,,,,,,,,,ПЯТНИЦА,6,18-00,19-30,II,2-16 н. Облачные и распределенные платформы и сервисы,пр,Синицын И.В.,Г-301-в,,"2,4 н. Архитектура, проектирование и разработка программных средств",пр,Батанов А.О.,Г-304,,ПЯТНИЦА,6,18-00,19-30,II,2-16 н. Распределенные информационные системы,пр,Романова Е.В.,База,,2-16 н. Проектирование распределенных информационных систем,пр,Кривошея М.С.,База,,ПЯТНИЦА,6,18-00,19-30,II,,,,,,,,,,
