День недели,Группа,Unnamed: 2,Unnamed: 3,Unnamed: 4,ГДБО-01-20,ДИиП,"46.03.02 
СТУД ",33,Unnamed: 9,ГИБО-01-20,ИТГУ,"38.03.05 
АП",26,Unnamed: 14,День недели.1,Группа.1,Unnamed: 17,Unnamed: 18,Unnamed: 19,ГИБО-02-20,ИТГУ.1,"38.03.05 
АП.1",29,Unnamed: 24,ГИБО-03-20,ИТГУ.2,"38.03.05 
АП.2",27,Unnamed: 29,День недели.2,Группа.2,Unnamed: 32,Unnamed: 33,Unnamed: 34,ГИБО-04-20,ИТГУ.3,"38.03.05 
АП.3",26.1,Unnamed: 39,ГУБО-01-20,ИТГУ.4,"38.03.04
ИТвГУ",24,Unnamed: 44,День недели.3,Группа.3,Unnamed: 47,Unnamed: 48,Unnamed: 49,ГУБО-02-20,ИТГУ.5,"38.03.04
ИТвГУ.1",27.1,Unnamed: 54,ГМБО-01-20,СТУ,"38.03.02
Мен",25,Unnamed: 59,День недели.4,Группа.4,Unnamed: 62,Unnamed: 63,Unnamed: 64,ГМБО-02-20,СТУ.1,"38.03.02
Мен.1",26.2,Unnamed: 69,ГМБО-03-20,СТУ.2,"38.03.02
Мен.2",27.2,Unnamed: 74,День недели.5,Группа.5,Unnamed: 77,Unnamed: 78,Unnamed: 79,ГСБО-01-20,СММУ,"01.03.05
БА",29.1,Unnamed: 84,ГСБО-02-20,СММУ.1,"01.03.05
БА.1",30,Unnamed: 89,День недели.6,Группа.6,Unnamed: 92,Unnamed: 93,Unnamed: 94,ГЭБО-01-20,"эконо
мики","38.03.01 
ЭПиО",22,Unnamed: 99,ГЭБО-02-20,"эконо
мики.1","38.03.01 
ЭПиО.1",22.1,Unnamed: 104,День недели.7,Группа.7,Unnamed: 107,Unnamed: 108,Unnamed: 109,ГЭБО-03-20,"эконо
мики.2","38.03.01 
ЭПиО.2",21,Unnamed: 114,Unnamed: 115,Unnamed: 116,Unnamed: 117,Unnamed: 118,Unnamed: 119,День недели.8
,№ пары,"Нач.
занятий","Оконч.
занятий",Неделя,Дисциплина,"Вид
занятий",ФИО преподавателя,"№ 
ауд.",Ссылка,Дисциплина,"Вид
занятий",ФИО преподавателя,"№ 
ауд.",Ссылка,,№ пары,"Нач.
занятий","Оконч.
занятий",Неделя,Дисциплина,"Вид
занятий",ФИО преподавателя,"№ 
ауд.",Ссылка,Дисциплина,"Вид
занятий",ФИО преподавателя,"№ 
ауд.",Ссылка,,№ пары,"Нач.
занятий","Оконч.
занятий",Неделя,Дисциплина,"Вид
занятий",ФИО преподавателя,"№ 
ауд.",Ссылка,Дисциплина,"Вид
занятий",ФИО преподавателя,"№ 
ауд.",Ссылка,,№ пары,"Нач.
занятий","Оконч.
занятий",Неделя,Дисциплина,"Вид
занятий",ФИО преподавателя,"№ 
ауд.",Ссылка,Дисциплина,"Вид
занятий",ФИО преподавателя,"№ 
ауд.",Ссылка,,№ пары,"Нач.
занятий","Оконч.
занятий",Неделя,Дисциплина,"Вид
занятий",ФИО преподавателя,"№ 
ауд.",Ссылка,Дисциплина,"Вид
занятий",ФИО преподавателя,"№ 
ауд.",Ссылка,,№ пары,"Нач.
занятий","Оконч.
занятий",Неделя,Дисциплина,"Вид
занятий",ФИО преподавателя,"№ 
ауд.",Ссылка,Дисциплина,"Вид
занятий",ФИО преподавателя,"№ 
ауд.",Ссылка,,№ пары,"Нач.
занятий","Оконч.
занятий",Неделя,Дисциплина,"Вид
занятий",ФИО преподавателя,"№ 
ауд.",Ссылка,Дисциплина,"Вид
занятий",ФИО преподавателя,"№ 
ауд.",Ссылка,,№ пары,"Нач.
занятий","Оконч.
занятий",Неделя,Дисциплина,"Вид
занятий",ФИО преподавателя,"№ 
ауд.",Ссылка,Дисциплина,"Вид
занятий",ФИО преподавателя,"№ 
ауд.",Ссылка,
ПОНЕДЕЛЬНИК,1,09-00,10-30,I,"кр. 1 н. Проектная практика
",СР,,кафедра,,,,,,,ПОНЕДЕЛЬНИК,1,09-00,10-30,I,,,,,,,,,,,ПОНЕДЕЛЬНИК,1,09-00,10-30,I,,,,,,,,,,,ПОНЕДЕЛЬНИК,1,09-00,10-30,I,"кр. 1 н. Электронное правительство
",П,Стариковская Н.А.,ауд. А-113 (В-78),,"кр. 1 н. Реклама и связи с общественностью
",Л,Никорук И.Ф.,ауд. А-178 (В-78),,ПОНЕДЕЛЬНИК,1,09-00,10-30,I,"кр. 1 н. Реклама и связи с общественностью
",Л,Никорук И.Ф.,ауд. А-178 (В-78),,"кр. 1 н. Реклама и связи с общественностью
",Л,Никорук И.Ф.,ауд. А-178 (В-78),,ПОНЕДЕЛЬНИК,1,09-00,10-30,I,"кр. 1 н. Основы интеллектуального анализа данных
",П,Маркович Е.Д.,ауд. А-425 (В-78),,,,,,,ПОНЕДЕЛЬНИК,1,09-00,10-30,I,"кр. 1 н. Деловой иностранный язык
",П,,ауд. И-305 (В-78),,,,,,,ПОНЕДЕЛЬНИК,1,09-00,10-30,I,,,,,,,,,,,ПОНЕДЕЛЬНИК
ПОНЕДЕЛЬНИК,1,09-00,10-30,II,"Проектная практика
",СР,,кафедра,,"Моделирование бизнес-процессов
",Л,Сиганьков А.А.,ауд. А-16 (В-78),,ПОНЕДЕЛЬНИК,1,09-00,10-30,II,"Моделирование бизнес-процессов
",Л,Сиганьков А.А.,ауд. А-16 (В-78),,"Моделирование бизнес-процессов
",Л,Сиганьков А.А.,ауд. А-16 (В-78),,ПОНЕДЕЛЬНИК,1,09-00,10-30,II,"Моделирование бизнес-процессов
",Л,Сиганьков А.А.,ауд. А-16 (В-78),,"Моделирование бизнес-процессов
",Л,Сиганьков А.А.,ауд. А-16 (В-78),,ПОНЕДЕЛЬНИК,1,09-00,10-30,II,"Моделирование бизнес-процессов
",Л,Сиганьков А.А.,ауд. А-16 (В-78),,,,,,,ПОНЕДЕЛЬНИК,1,09-00,10-30,II,,,,,,,,,,,ПОНЕДЕЛЬНИК,1,09-00,10-30,II,"Основы интеллектуального анализа данных
",П,Маркович Е.Д.,ауд. А-425 (В-78),,,,,,,ПОНЕДЕЛЬНИК,1,09-00,10-30,II,"Деловой иностранный язык
",П,,ауд. И-305 (В-78),,,,,,,ПОНЕДЕЛЬНИК,1,09-00,10-30,II,,,,,,,,,,,ПОНЕДЕЛЬНИК
ПОНЕДЕЛЬНИК,2,10-40,12-10,I,"кр. 1 н. Проектная практика
",СР,,кафедра,,,,,,,ПОНЕДЕЛЬНИК,2,10-40,12-10,I,,,,,,,,,,,ПОНЕДЕЛЬНИК,2,10-40,12-10,I,"кр. 1 н. Стратегический менеджмент
",П,Сиганьков А.А.,комп. А-329 (В-78),,"кр. 1 н. Электронное правительство
",Л,Стариковская Н.А.,ауд. А-113 (В-78),,ПОНЕДЕЛЬНИК,2,10-40,12-10,I,"кр. 1 н. Электронное правительство
",Л,Стариковская Н.А.,ауд. А-113 (В-78),,"кр. 1 н. Брендинг
",Л,Тультаев Т.А.,ауд. А-427 (В-78),,ПОНЕДЕЛЬНИК,2,10-40,12-10,I,"кр. 1 н. Брендинг
",Л,Тультаев Т.А.,ауд. А-427 (В-78),,"кр. 1 н. Брендинг
",Л,Тультаев Т.А.,ауд. А-427 (В-78),,ПОНЕДЕЛЬНИК,2,10-40,12-10,I,"кр. 1 н. Статистика основных секторов экономики
",П,Маркович Е.Д.,ауд. А-425 (В-78),,"кр. 1 н. Деловой иностранный язык

кр. 1 н. Деловой иностранный язык
","П

П","

","ауд. И-314 (В-78)

ауд. И-325 (В-78)","

",ПОНЕДЕЛЬНИК,2,10-40,12-10,I,"кр. 1 н. Деловой иностранный язык
",П,,ауд. И-322 (В-78),,,,,,,ПОНЕДЕЛЬНИК,2,10-40,12-10,I,"кр. 1 н. Деловой иностранный язык

кр. 1 н. Деловой иностранный язык
","П

П","

","ауд. И-315 (В-78)

ауд. И-327 (В-78)","

",,,,,,ПОНЕДЕЛЬНИК
ПОНЕДЕЛЬНИК,2,10-40,12-10,II,"Проектная практика
",СР,,кафедра,,"Рынки информационно-коммуникационных технологий
",Л,Стариковская Н.А.,ауд. А-16 (В-78),,ПОНЕДЕЛЬНИК,2,10-40,12-10,II,"Рынки информационно-коммуникационных технологий
",Л,Стариковская Н.А.,ауд. А-16 (В-78),,"Рынки информационно-коммуникационных технологий
",Л,Стариковская Н.А.,ауд. А-16 (В-78),,ПОНЕДЕЛЬНИК,2,10-40,12-10,II,"Рынки информационно-коммуникационных технологий
",Л,Стариковская Н.А.,ауд. А-16 (В-78),,"Рынки информационно-коммуникационных технологий
",Л,Стариковская Н.А.,ауд. А-16 (В-78),,ПОНЕДЕЛЬНИК,2,10-40,12-10,II,"Рынки информационно-коммуникационных технологий
",Л,Стариковская Н.А.,ауд. А-16 (В-78),,"Стратегический менеджмент
",П,Сиганьков А.А.,комп. А-329 (В-78),,ПОНЕДЕЛЬНИК,2,10-40,12-10,II,,,,,,,,,,,ПОНЕДЕЛЬНИК,2,10-40,12-10,II,"Статистика основных секторов экономики
",П,Маркович Е.Д.,ауд. А-425 (В-78),,"Деловой иностранный язык

Деловой иностранный язык
","П

П","

","ауд. И-314 (В-78)

ауд. И-325 (В-78)","

",ПОНЕДЕЛЬНИК,2,10-40,12-10,II,"Деловой иностранный язык
",П,,ауд. И-322 (В-78),,,,,,,ПОНЕДЕЛЬНИК,2,10-40,12-10,II,"Деловой иностранный язык

Деловой иностранный язык
","П

П","

","ауд. И-315 (В-78)

ауд. И-327 (В-78)","

",,,,,,ПОНЕДЕЛЬНИК
ПОНЕДЕЛЬНИК,3,12-40,14-10,I,"кр. 1 н. Проектная практика
",СР,,кафедра,,,,,,,ПОНЕДЕЛЬНИК,3,12-40,14-10,I,,,,,,"кр. 1 н. Архитектура предприятия
",П,Вартанян А.А.,комп. А-329 (В-78),,ПОНЕДЕЛЬНИК,3,12-40,14-10,I,"кр. 1 н. Стратегический менеджмент
",П,Сиганьков А.А.,ауд. А-113 (В-78),,,,,,,ПОНЕДЕЛЬНИК,3,12-40,14-10,I,,,,,,"кр. 1 н. Брендинг
",П,Тультаев Т.А.,ауд. А-325 (В-78),,ПОНЕДЕЛЬНИК,3,12-40,14-10,I,"кр. 1 н. Реклама и связи с общественностью
",П,Никорук И.Ф.,ауд. А-427 (В-78),,,,,,,ПОНЕДЕЛЬНИК,3,12-40,14-10,I,"кр. 1 н. Статистика основных секторов экономики
",Л,Дарда Е.С.,ауд. А-425 (В-78),,"кр. 1 н. Статистика основных секторов экономики
",Л,Дарда Е.С.,ауд. А-425 (В-78),,ПОНЕДЕЛЬНИК,3,12-40,14-10,I,,,,,,,,,,,ПОНЕДЕЛЬНИК,3,12-40,14-10,I,"кр. 1 н. Кредитование бизнес-проектов
",П,Никулина С.А.,ауд. Д-208 (В-78),,,,,,,ПОНЕДЕЛЬНИК
ПОНЕДЕЛЬНИК,3,12-40,14-10,II,"Проектная практика
",СР,,кафедра,,"Рынки информационно-коммуникационных технологий
",П,Стариковская Н.А.,ауд. А-177 (В-78),,ПОНЕДЕЛЬНИК,3,12-40,14-10,II,"Основы предпринимательской деятельности
",П,Чижанькова И.В.,ауд. А-327 (В-78),,"Архитектура предприятия
",П,Вартанян А.А.,комп. А-329 (В-78),,ПОНЕДЕЛЬНИК,3,12-40,14-10,II,"Документирование управленческой деятельности
",П,Леонова С.Л.,ауд. А-219 (В-78),,,,,,,ПОНЕДЕЛЬНИК,3,12-40,14-10,II,"Моделирование бизнес-процессов
",П,Горшкова Н.Е.,комп. ивц-102 (В-78),,"Стратегический менеджмент
",П,Сиганьков А.А.,ауд. А-213м (В-78),,ПОНЕДЕЛЬНИК,3,12-40,14-10,II,"Реклама и связи с общественностью
",П,Никорук И.Ф.,ауд. А-427 (В-78),,"Брендинг
",П,Тультаев Т.А.,ауд. А-325 (В-78),,ПОНЕДЕЛЬНИК,3,12-40,14-10,II,"Статистика основных секторов экономики
",Л,Дарда Е.С.,ауд. А-425 (В-78),,"Статистика основных секторов экономики
",Л,Дарда Е.С.,ауд. А-425 (В-78),,ПОНЕДЕЛЬНИК,3,12-40,14-10,II,,,,,,,,,,,ПОНЕДЕЛЬНИК,3,12-40,14-10,II,"Кредитование бизнес-проектов
",П,Никулина С.А.,ауд. Д-208 (В-78),,,,,,,ПОНЕДЕЛЬНИК
ПОНЕДЕЛЬНИК,4,14-20,15-50,I,"кр. 1,15,17 н. Проектная практика
",СР,,кафедра,,,,,,,ПОНЕДЕЛЬНИК,4,14-20,15-50,I,"кр. 1 н. Деловой иностранный язык

кр. 1 н. Деловой иностранный язык
","П

П","

","ауд. И-316 (В-78)

ауд. И-321 (В-78)","

",,,,,,ПОНЕДЕЛЬНИК,4,14-20,15-50,I,"кр. 1 н. Архитектура предприятия
",П,Вартанян А.А.,ауд. А-220 (В-78),,,,,,,ПОНЕДЕЛЬНИК,4,14-20,15-50,I,,,,,,"кр. 1 н. Реклама и связи с общественностью
",П,Никорук И.Ф.,ауд. А-311 (В-78),,ПОНЕДЕЛЬНИК,4,14-20,15-50,I,,,,,,,,,,,ПОНЕДЕЛЬНИК,4,14-20,15-50,I,,,,,,"кр. 1 н. Статистика основных секторов экономики
",П,Маркович Е.Д.,ауд. А-425 (В-78),,ПОНЕДЕЛЬНИК,4,14-20,15-50,I,,,,,,,,,,,ПОНЕДЕЛЬНИК,4,14-20,15-50,I,,,,,,,,,,,ПОНЕДЕЛЬНИК
ПОНЕДЕЛЬНИК,4,14-20,15-50,II,,,,,,"Анализ и диагностика финансовой деятельности предприятия
",П,Бекетова О.Н.,ауд. А-217 (В-78),,ПОНЕДЕЛЬНИК,4,14-20,15-50,II,"Деловой иностранный язык

Деловой иностранный язык
","П

П","

","ауд. И-316 (В-78)

ауд. И-321 (В-78)","

",,,,,,ПОНЕДЕЛЬНИК,4,14-20,15-50,II,"Архитектура предприятия
",П,Вартанян А.А.,ауд. А-5 (В-78),,,,,,,ПОНЕДЕЛЬНИК,4,14-20,15-50,II,,,,,,"Реклама и связи с общественностью
",П,Никорук И.Ф.,ауд. А-311 (В-78),,ПОНЕДЕЛЬНИК,4,14-20,15-50,II,"Брендинг
",П,Тультаев Т.А.,ауд. А-325 (В-78),,"Стратегический менеджмент
",П,Сиганьков А.А.,ауд. А-177-1 (В-78),,ПОНЕДЕЛЬНИК,4,14-20,15-50,II,"Основы интеллектуального анализа данных
",Л,Бурцева Т.А.,ауд. А-425 (В-78),,"Основы интеллектуального анализа данных
",Л,Бурцева Т.А.,ауд. А-425 (В-78),,ПОНЕДЕЛЬНИК,4,14-20,15-50,II,,,,,,,,,,,ПОНЕДЕЛЬНИК,4,14-20,15-50,II,,,,,,,,,,,ПОНЕДЕЛЬНИК
ПОНЕДЕЛЬНИК,5,16-20,17-50,I,,,,,,,,,,,ПОНЕДЕЛЬНИК,5,16-20,17-50,I,"кр. 1 н. Архитектура предприятия
",П,Вартанян А.А.,комп. А-329 (В-78),,,,,,,ПОНЕДЕЛЬНИК,5,16-20,17-50,I,,,,,,,,,,,ПОНЕДЕЛЬНИК,5,16-20,17-50,I,,,,,,,,,,,ПОНЕДЕЛЬНИК,5,16-20,17-50,I,,,,,,,,,,,ПОНЕДЕЛЬНИК,5,16-20,17-50,I,,,,,,"кр. 1 н. Статистика основных секторов экономики
",П,Маркович Е.Д.,ауд. А-425 (В-78),,ПОНЕДЕЛЬНИК,5,16-20,17-50,I,,,,,,,,,,,ПОНЕДЕЛЬНИК,5,16-20,17-50,I,,,,,,,,,,,ПОНЕДЕЛЬНИК
ПОНЕДЕЛЬНИК,5,16-20,17-50,II,,,,,,"Основы предпринимательской деятельности
",П,Чижанькова И.В.,ауд. А-217 (В-78),,ПОНЕДЕЛЬНИК,5,16-20,17-50,II,"Архитектура предприятия
",П,Вартанян А.А.,комп. А-329 (В-78),,,,,,,ПОНЕДЕЛЬНИК,5,16-20,17-50,II,,,,,,,,,,,ПОНЕДЕЛЬНИК,5,16-20,17-50,II,,,,,,,,,,,ПОНЕДЕЛЬНИК,5,16-20,17-50,II,,,,,,"Стратегический менеджмент
",П,Сиганьков А.А.,ауд. А-177-1 (В-78),,ПОНЕДЕЛЬНИК,5,16-20,17-50,II,,,,,,,,,,,ПОНЕДЕЛЬНИК,5,16-20,17-50,II,,,,,,,,,,,ПОНЕДЕЛЬНИК,5,16-20,17-50,II,,,,,,,,,,,ПОНЕДЕЛЬНИК
ПОНЕДЕЛЬНИК,6,18-00,19-30,I,,,,,,"кр. 1 н. Архитектура предприятия
",П,Вартанян А.А.,комп. А-329 (В-78),,ПОНЕДЕЛЬНИК,6,18-00,19-30,I,,,,,,,,,,,ПОНЕДЕЛЬНИК,6,18-00,19-30,I,,,,,,,,,,,ПОНЕДЕЛЬНИК,6,18-00,19-30,I,,,,,,,,,,,ПОНЕДЕЛЬНИК,6,18-00,19-30,I,,,,,,,,,,,ПОНЕДЕЛЬНИК,6,18-00,19-30,I,,,,,,,,,,,ПОНЕДЕЛЬНИК,6,18-00,19-30,I,,,,,,,,,,,ПОНЕДЕЛЬНИК,6,18-00,19-30,I,,,,,,,,,,,ПОНЕДЕЛЬНИК
ПОНЕДЕЛЬНИК,6,18-00,19-30,II,,,,,,"Архитектура предприятия
",П,Вартанян А.А.,комп. А-329 (В-78),,ПОНЕДЕЛЬНИК,6,18-00,19-30,II,,,,,,,,,,,ПОНЕДЕЛЬНИК,6,18-00,19-30,II,,,,,,,,,,,ПОНЕДЕЛЬНИК,6,18-00,19-30,II,,,,,,,,,,,ПОНЕДЕЛЬНИК,6,18-00,19-30,II,,,,,,,,,,,ПОНЕДЕЛЬНИК,6,18-00,19-30,II,,,,,,,,,,,ПОНЕДЕЛЬНИК,6,18-00,19-30,II,,,,,,,,,,,ПОНЕДЕЛЬНИК,6,18-00,19-30,II,,,,,,,,,,,ПОНЕДЕЛЬНИК
ПОНЕДЕЛЬНИК,7,19-40,21-10,I,,,,,,,,,,,ПОНЕДЕЛЬНИК,7,19-40,21-10,I,,,,,,,,,,,ПОНЕДЕЛЬНИК,7,19-40,21-10,I,,,,,,,,,,,ПОНЕДЕЛЬНИК,7,19-40,21-10,I,,,,,,,,,,,ПОНЕДЕЛЬНИК,7,19-40,21-10,I,,,,,,,,,,,ПОНЕДЕЛЬНИК,7,19-40,21-10,I,,,,,,,,,,,ПОНЕДЕЛЬНИК,7,19-40,21-10,I,,,,,,,,,,,ПОНЕДЕЛЬНИК,7,19-40,21-10,I,,,,,,,,,,,ПОНЕДЕЛЬНИК
ПОНЕДЕЛЬНИК,7,19-40,21-10,II,,,,,,,,,,,ПОНЕДЕЛЬНИК,7,19-40,21-10,II,,,,,,,,,,,ПОНЕДЕЛЬНИК,7,19-40,21-10,II,,,,,,,,,,,ПОНЕДЕЛЬНИК,7,19-40,21-10,II,,,,,,,,,,,ПОНЕДЕЛЬНИК,7,19-40,21-10,II,,,,,,,,,,,ПОНЕДЕЛЬНИК,7,19-40,21-10,II,,,,,,,,,,,ПОНЕДЕЛЬНИК,7,19-40,21-10,II,,,,,,,,,,,ПОНЕДЕЛЬНИК,7,19-40,21-10,II,,,,,,,,,,,ПОНЕДЕЛЬНИК
ВТОРНИК,1,09-00,10-30,I,"кр. 1 н. Организация и технология документационного обеспечения управления
",П,Савка О.Г.,комп. И-212-а (В-78),,"кр. 1 н. Практика по получению профессиональных умений и опыта профессиональной деятельности
",СР,,кафедра,,ВТОРНИК,1,09-00,10-30,I,"кр. 1 н. Практика по получению профессиональных умений и опыта профессиональной деятельности
",СР,,кафедра,,"кр. 1 н. Практика по получению профессиональных умений и опыта профессиональной деятельности
",СР,,кафедра,,ВТОРНИК,1,09-00,10-30,I,"кр. 1 н. Практика по получению профессиональных умений и опыта профессиональной деятельности
",СР,,кафедра,,"кр. 1 н. Рынки информационно-коммуникационных технологий
",П,Стариковская Н.А.,ауд. А-213м (В-78),,ВТОРНИК,1,09-00,10-30,I,"кр. 1 н. Моделирование бизнес-процессов
",П,Горшкова Н.Е.,комп. А-329 (В-78),,,,,,,ВТОРНИК,1,09-00,10-30,I,,,,,,,,,,,ВТОРНИК,1,09-00,10-30,I,,,,,,"кр. 1 н. Методы принятия управленческих решений
",П,Гейман О.Б.,ауд. А-207 (В-78),,ВТОРНИК,1,09-00,10-30,I,,,,,,,,,,,ВТОРНИК,1,09-00,10-30,I,,,,,,,,,,,ВТОРНИК
ВТОРНИК,1,09-00,10-30,II,"Организация и технология документационного обеспечения управления
",П,Савка О.Г.,комп. И-212-а (В-78),,"Практика по получению профессиональных умений и опыта профессиональной деятельности
",СР,,кафедра,,ВТОРНИК,1,09-00,10-30,II,"Практика по получению профессиональных умений и опыта профессиональной деятельности
",СР,,кафедра,,"Практика по получению профессиональных умений и опыта профессиональной деятельности
",СР,,кафедра,,ВТОРНИК,1,09-00,10-30,II,"Практика по получению профессиональных умений и опыта профессиональной деятельности
",СР,,кафедра,,,,,,,ВТОРНИК,1,09-00,10-30,II,,,,,,,,,,,ВТОРНИК,1,09-00,10-30,II,,,,,,,,,,,ВТОРНИК,1,09-00,10-30,II,,,,,,"Методы принятия управленческих решений
",П,Гейман О.Б.,ауд. А-207 (В-78),,ВТОРНИК,1,09-00,10-30,II,"Экономика цифровой организации
",П,Фролов А.Л.,ауд. А-208 (В-78),,,,,,,ВТОРНИК,1,09-00,10-30,II,"Предпринимательская этика
",П,Филаткина А.П.,ауд. Д-210 (В-78),,,,,,,ВТОРНИК
ВТОРНИК,2,10-40,12-10,I,"кр. 1 н. Государственные, муниципальные и ведомственные архивы
",Л,Горкуш С.В.,ауд. А-327 (В-78),,"кр. 1 н. Практика по получению профессиональных умений и опыта профессиональной деятельности
",СР,,кафедра,,ВТОРНИК,2,10-40,12-10,I,"кр. 1 н. Практика по получению профессиональных умений и опыта профессиональной деятельности
",СР,,кафедра,,"кр. 1 н. Практика по получению профессиональных умений и опыта профессиональной деятельности
",СР,,кафедра,,ВТОРНИК,2,10-40,12-10,I,"кр. 1 н. Практика по получению профессиональных умений и опыта профессиональной деятельности
",СР,,кафедра,,"кр. 1 н. Моделирование бизнес-процессов
",П,Горшкова Н.Е.,комп. А-329 (В-78),,ВТОРНИК,2,10-40,12-10,I,"кр. 1 н. Рынки информационно-коммуникационных технологий
",П,Стариковская Н.А.,ауд. А-213м (В-78),,,,,,,ВТОРНИК,2,10-40,12-10,I,,,,,,,,,,,ВТОРНИК,2,10-40,12-10,I,"кр. 1 н. Методы принятия управленческих решений
",П,Гейман О.Б.,ауд. А-207 (В-78),,"кр. 1 н. Основы интеллектуального анализа данных
",П,Маркович Е.Д.,ауд. А-425 (В-78),,ВТОРНИК,2,10-40,12-10,I,,,,,,,,,,,ВТОРНИК,2,10-40,12-10,I,,,,,,,,,,,ВТОРНИК
ВТОРНИК,2,10-40,12-10,II,"Электронные офисные системы
",Л,Горелова Л.И.,ауд. А-311 (В-78),,"Практика по получению профессиональных умений и опыта профессиональной деятельности
",СР,,кафедра,,ВТОРНИК,2,10-40,12-10,II,"Практика по получению профессиональных умений и опыта профессиональной деятельности
",СР,,кафедра,,"Практика по получению профессиональных умений и опыта профессиональной деятельности
",СР,,кафедра,,ВТОРНИК,2,10-40,12-10,II,"Практика по получению профессиональных умений и опыта профессиональной деятельности
",СР,,кафедра,,,,,,,ВТОРНИК,2,10-40,12-10,II,,,,,,,,,,,ВТОРНИК,2,10-40,12-10,II,,,,,,,,,,,ВТОРНИК,2,10-40,12-10,II,"Методы принятия управленческих решений
",П,Гейман О.Б.,ауд. А-207 (В-78),,"Основы интеллектуального анализа данных
",П,Маркович Е.Д.,ауд. А-425 (В-78),,ВТОРНИК,2,10-40,12-10,II,"Предпринимательская этика
",П,Филаткина А.П.,ауд. Д-210 (В-78),,,,,,,ВТОРНИК,2,10-40,12-10,II,"Экономика цифровой организации
",П,Фролов А.Л.,ауд. А-325 (В-78),,,,,,,ВТОРНИК
ВТОРНИК,3,12-40,14-10,I,"кр. 1 н. Государственные, муниципальные и ведомственные архивы
",П,Горкуш С.В.,ауд. А-327 (В-78),,"кр. 1 н. Практика по получению профессиональных умений и опыта профессиональной деятельности
",СР,,кафедра,,ВТОРНИК,3,12-40,14-10,I,"кр. 1 н. Практика по получению профессиональных умений и опыта профессиональной деятельности
",СР,,кафедра,,"кр. 1 н. Практика по получению профессиональных умений и опыта профессиональной деятельности
",СР,,кафедра,,ВТОРНИК,3,12-40,14-10,I,"кр. 1 н. Практика по получению профессиональных умений и опыта профессиональной деятельности
",СР,,кафедра,,,,,,,ВТОРНИК,3,12-40,14-10,I,,,,,,,,,,,ВТОРНИК,3,12-40,14-10,I,,,,,,,,,,,ВТОРНИК,3,12-40,14-10,I,"кр. 1 н. Методы принятия управленческих решений
",Л,Гейман О.Б.,ауд. Д-208 (В-78),,"кр. 1 н. Методы принятия управленческих решений
",Л,Гейман О.Б.,ауд. Д-208 (В-78),,ВТОРНИК,3,12-40,14-10,I,,,,,,,,,,,ВТОРНИК,3,12-40,14-10,I,,,,,,,,,,,ВТОРНИК
ВТОРНИК,3,12-40,14-10,II,"Государственные, муниципальные и ведомственные архивы
",П,Горкуш С.В.,ауд. А-327 (В-78),,"Практика по получению профессиональных умений и опыта профессиональной деятельности
",СР,,кафедра,,ВТОРНИК,3,12-40,14-10,II,"Практика по получению профессиональных умений и опыта профессиональной деятельности
",СР,,кафедра,,"Практика по получению профессиональных умений и опыта профессиональной деятельности
",СР,,кафедра,,ВТОРНИК,3,12-40,14-10,II,"Практика по получению профессиональных умений и опыта профессиональной деятельности
",СР,,кафедра,,,,,,,ВТОРНИК,3,12-40,14-10,II,,,,,,"Управление товаром
",Л,Потрясаева Е.А.,ауд. А-427 (В-78),,ВТОРНИК,3,12-40,14-10,II,"Управление товаром
",Л,Потрясаева Е.А.,ауд. А-427 (В-78),,"Управление товаром
",Л,Потрясаева Е.А.,ауд. А-427 (В-78),,ВТОРНИК,3,12-40,14-10,II,"Математические моделирование в анализе данных
",Л,Журавлева Е.В.,ауд. А-425 (В-78),,"Математические моделирование в анализе данных
",Л,Журавлева Е.В.,ауд. А-425 (В-78),,ВТОРНИК,3,12-40,14-10,II,"Предпринимательская этика
",Л,Филаткина А.П.,ауд. А-429 (В-78),,"Предпринимательская этика
",Л,Филаткина А.П.,ауд. А-429 (В-78),,ВТОРНИК,3,12-40,14-10,II,"Предпринимательская этика
",Л,Филаткина А.П.,ауд. А-429 (В-78),,,,,,,ВТОРНИК
ВТОРНИК,4,14-20,15-50,I,кр. 1 н. Кадровое делопроизводство,Л,Леонова С.Л.,ауд. А-217 (В-78),,"кр. 1 н. Практика по получению профессиональных умений и опыта профессиональной деятельности
",СР,,кафедра,,ВТОРНИК,4,14-20,15-50,I,"кр. 1 н. Практика по получению профессиональных умений и опыта профессиональной деятельности
",СР,,кафедра,,"кр. 1 н. Практика по получению профессиональных умений и опыта профессиональной деятельности
",СР,,кафедра,,ВТОРНИК,4,14-20,15-50,I,"кр. 1 н. Практика по получению профессиональных умений и опыта профессиональной деятельности
",СР,,кафедра,,,,,,,ВТОРНИК,4,14-20,15-50,I,,,,,,"кр. 1 н. Управление товаром
",П,Потрясаева Е.А.,ауд. А-427 (В-78),,ВТОРНИК,4,14-20,15-50,I,,,,,,"кр. 1 н. Маркетинг персонала
",П,Лобарева Н.В.,ауд. А-327 (В-78),,ВТОРНИК,4,14-20,15-50,I,,,,,,,,,,,ВТОРНИК,4,14-20,15-50,I,,,,,,,,,,,ВТОРНИК,4,14-20,15-50,I,,,,,,,,,,,ВТОРНИК
ВТОРНИК,4,14-20,15-50,II,"Управление проектами
",Л,Мандыч И.А.,ауд. А-221 (В-78),,"Практика по получению профессиональных умений и опыта профессиональной деятельности
",СР,,кафедра,,ВТОРНИК,4,14-20,15-50,II,"Практика по получению профессиональных умений и опыта профессиональной деятельности
",СР,,кафедра,,"Практика по получению профессиональных умений и опыта профессиональной деятельности
",СР,,кафедра,,ВТОРНИК,4,14-20,15-50,II,"Практика по получению профессиональных умений и опыта профессиональной деятельности
",СР,,кафедра,,,,,,,ВТОРНИК,4,14-20,15-50,II,,,,,,"Управление товаром
",П,Потрясаева Е.А.,ауд. А-427 (В-78),,ВТОРНИК,4,14-20,15-50,II,"Управление рисками
",П,Дмитриева С.И.,ауд. А-325 (В-78),,"Маркетинг персонала
",П,Лобарева Н.В.,ауд. А-327 (В-78),,ВТОРНИК,4,14-20,15-50,II,"Математические моделирование в анализе данных
",П,Журавлева Е.В.,ауд. А-177-1 (В-78),,,,,,,ВТОРНИК,4,14-20,15-50,II,"Экономика цифровой организации
",Л,Фролов А.Л.,ауд. А-429 (В-78),,"Экономика цифровой организации
",Л,Фролов А.Л.,ауд. А-429 (В-78),,ВТОРНИК,4,14-20,15-50,II,"Экономика цифровой организации
",Л,Фролов А.Л.,ауд. А-429 (В-78),,,,,,,ВТОРНИК
ВТОРНИК,5,16-20,17-50,I,,,,,,,,,,,ВТОРНИК,5,16-20,17-50,I,,,,,,,,,,,ВТОРНИК,5,16-20,17-50,I,,,,,,,,,,,ВТОРНИК,5,16-20,17-50,I,,,,,,"кр. 1 н. Маркетинг персонала
",П,Лобарева Н.В.,ауд. А-327 (В-78),,ВТОРНИК,5,16-20,17-50,I,"кр. 1 н. Управление товаром
",П,Потрясаева Е.А.,ауд. А-427 (В-78),,,,,,,ВТОРНИК,5,16-20,17-50,I,,,,,,,,,,,ВТОРНИК,5,16-20,17-50,I,,,,,,,,,,,ВТОРНИК,5,16-20,17-50,I,,,,,,,,,,,ВТОРНИК
ВТОРНИК,5,16-20,17-50,II,"Кадровое делопроизводство
",Л,Леонова С.Л.,ауд. А-177-1 (В-78),,,,,,,ВТОРНИК,5,16-20,17-50,II,,,,,,,,,,,ВТОРНИК,5,16-20,17-50,II,,,,,,,,,,,ВТОРНИК,5,16-20,17-50,II,,,,,,"Маркетинг персонала
",П,Лобарева Н.В.,ауд. А-327 (В-78),,ВТОРНИК,5,16-20,17-50,II,"Управление товаром
",П,Потрясаева Е.А.,ауд. А-427 (В-78),,"Управление рисками
",П,Дмитриева С.И.,ауд. А-325 (В-78),,ВТОРНИК,5,16-20,17-50,II,"Математические моделирование в анализе данных
",П,Журавлева Е.В.,ауд. А-324 (В-78),,,,,,,ВТОРНИК,5,16-20,17-50,II,"Налоги и налогообложение
",Л,Черненькая И.Г.,ауд. А-429 (В-78),,"Налоги и налогообложение
",Л,Черненькая И.Г.,ауд. А-429 (В-78),,ВТОРНИК,5,16-20,17-50,II,"Налоги и налогообложение
",Л,Черненькая И.Г.,ауд. А-429 (В-78),,,,,,,ВТОРНИК
ВТОРНИК,6,18-00,19-30,I,,,,,,,,,,,ВТОРНИК,6,18-00,19-30,I,,,,,,,,,,,ВТОРНИК,6,18-00,19-30,I,,,,,,,,,,,ВТОРНИК,6,18-00,19-30,I,,,,,,,,,,,ВТОРНИК,6,18-00,19-30,I,"кр. 1 н. Маркетинг персонала
",П,Лобарева Н.В.,ауд. А-327 (В-78),,"кр. 1 н. Управление товаром
",П,Потрясаева Е.А.,ауд. А-427 (В-78),,ВТОРНИК,6,18-00,19-30,I,,,,,,,,,,,ВТОРНИК,6,18-00,19-30,I,,,,,,,,,,,ВТОРНИК,6,18-00,19-30,I,,,,,,,,,,,ВТОРНИК
ВТОРНИК,6,18-00,19-30,II,,,,,,,,,,,ВТОРНИК,6,18-00,19-30,II,,,,,,,,,,,ВТОРНИК,6,18-00,19-30,II,,,,,,,,,,,ВТОРНИК,6,18-00,19-30,II,,,,,,"Управление рисками
",П,Дмитриева С.И.,ауд. А-325 (В-78),,ВТОРНИК,6,18-00,19-30,II,"Маркетинг персонала
",П,Лобарева Н.В.,ауд. А-327 (В-78),,"Управление товаром
",П,Потрясаева Е.А.,ауд. А-427 (В-78),,ВТОРНИК,6,18-00,19-30,II,,,,,,,,,,,ВТОРНИК,6,18-00,19-30,II,,,,,,,,,,,ВТОРНИК,6,18-00,19-30,II,,,,,,,,,,,ВТОРНИК
ВТОРНИК,7,19-40,21-10,I,,,,,,,,,,,ВТОРНИК,7,19-40,21-10,I,,,,,,,,,,,ВТОРНИК,7,19-40,21-10,I,,,,,,,,,,,ВТОРНИК,7,19-40,21-10,I,,,,,,,,,,,ВТОРНИК,7,19-40,21-10,I,,,,,,,,,,,ВТОРНИК,7,19-40,21-10,I,,,,,,,,,,,ВТОРНИК,7,19-40,21-10,I,,,,,,,,,,,ВТОРНИК,7,19-40,21-10,I,,,,,,,,,,,ВТОРНИК
ВТОРНИК,7,19-40,21-10,II,,,,,,,,,,,ВТОРНИК,7,19-40,21-10,II,,,,,,,,,,,ВТОРНИК,7,19-40,21-10,II,,,,,,,,,,,ВТОРНИК,7,19-40,21-10,II,,,,,,,,,,,ВТОРНИК,7,19-40,21-10,II,,,,,,,,,,,ВТОРНИК,7,19-40,21-10,II,,,,,,,,,,,ВТОРНИК,7,19-40,21-10,II,,,,,,,,,,,ВТОРНИК,7,19-40,21-10,II,,,,,,,,,,,ВТОРНИК
СРЕДА,1,09-00,10-30,I,"Военная
подготовка",,,,,"Военная
подготовка",,,,,СРЕДА,1,09-00,10-30,I,"Военная
подготовка",,,,,"Военная
подготовка",,,,,СРЕДА,1,09-00,10-30,I,"Военная
подготовка",,,,,"Военная
подготовка",,,,,СРЕДА,1,09-00,10-30,I,"Военная
подготовка",,,,,"Военная
подготовка",,,,,СРЕДА,1,09-00,10-30,I,"Военная
подготовка",,,,,"Военная
подготовка",,,,,СРЕДА,1,09-00,10-30,I,"Военная
подготовка",,,,,"Военная
подготовка",,,,,СРЕДА,1,09-00,10-30,I,"Военная
подготовка",,,,,"Военная
подготовка",,,,,СРЕДА,1,09-00,10-30,I,"Военная
подготовка",,,,,,,,,,СРЕДА
СРЕДА,1,09-00,10-30,II,,,,,,,,,,,СРЕДА,1,09-00,10-30,II,,,,,,,,,,,СРЕДА,1,09-00,10-30,II,,,,,,,,,,,СРЕДА,1,09-00,10-30,II,,,,,,,,,,,СРЕДА,1,09-00,10-30,II,,,,,,,,,,,СРЕДА,1,09-00,10-30,II,,,,,,,,,,,СРЕДА,1,09-00,10-30,II,,,,,,,,,,,СРЕДА,1,09-00,10-30,II,,,,,,,,,,,СРЕДА
СРЕДА,2,10-40,12-10,I,,,,,,,,,,,СРЕДА,2,10-40,12-10,I,,,,,,,,,,,СРЕДА,2,10-40,12-10,I,,,,,,,,,,,СРЕДА,2,10-40,12-10,I,,,,,,,,,,,СРЕДА,2,10-40,12-10,I,,,,,,,,,,,СРЕДА,2,10-40,12-10,I,,,,,,,,,,,СРЕДА,2,10-40,12-10,I,,,,,,,,,,,СРЕДА,2,10-40,12-10,I,,,,,,,,,,,СРЕДА
СРЕДА,2,10-40,12-10,II,,,,,,,,,,,СРЕДА,2,10-40,12-10,II,,,,,,,,,,,СРЕДА,2,10-40,12-10,II,,,,,,,,,,,СРЕДА,2,10-40,12-10,II,,,,,,,,,,,СРЕДА,2,10-40,12-10,II,,,,,,,,,,,СРЕДА,2,10-40,12-10,II,,,,,,,,,,,СРЕДА,2,10-40,12-10,II,,,,,,,,,,,СРЕДА,2,10-40,12-10,II,,,,,,,,,,,СРЕДА
СРЕДА,3,12-40,14-10,I,,,,,,,,,,,СРЕДА,3,12-40,14-10,I,,,,,,,,,,,СРЕДА,3,12-40,14-10,I,,,,,,,,,,,СРЕДА,3,12-40,14-10,I,,,,,,,,,,,СРЕДА,3,12-40,14-10,I,,,,,,,,,,,СРЕДА,3,12-40,14-10,I,,,,,,,,,,,СРЕДА,3,12-40,14-10,I,,,,,,,,,,,СРЕДА,3,12-40,14-10,I,,,,,,,,,,,СРЕДА
СРЕДА,3,12-40,14-10,II,,,,,,,,,,,СРЕДА,3,12-40,14-10,II,,,,,,,,,,,СРЕДА,3,12-40,14-10,II,,,,,,,,,,,СРЕДА,3,12-40,14-10,II,,,,,,,,,,,СРЕДА,3,12-40,14-10,II,,,,,,,,,,,СРЕДА,3,12-40,14-10,II,,,,,,,,,,,СРЕДА,3,12-40,14-10,II,,,,,,,,,,,СРЕДА,3,12-40,14-10,II,,,,,,,,,,,СРЕДА
СРЕДА,4,14-20,15-50,I,,,,,,,,,,,СРЕДА,4,14-20,15-50,I,,,,,,,,,,,СРЕДА,4,14-20,15-50,I,,,,,,,,,,,СРЕДА,4,14-20,15-50,I,,,,,,,,,,,СРЕДА,4,14-20,15-50,I,,,,,,,,,,,СРЕДА,4,14-20,15-50,I,,,,,,,,,,,СРЕДА,4,14-20,15-50,I,,,,,,,,,,,СРЕДА,4,14-20,15-50,I,,,,,,,,,,,СРЕДА
СРЕДА,4,14-20,15-50,II,,,,,,,,,,,СРЕДА,4,14-20,15-50,II,,,,,,,,,,,СРЕДА,4,14-20,15-50,II,,,,,,,,,,,СРЕДА,4,14-20,15-50,II,,,,,,,,,,,СРЕДА,4,14-20,15-50,II,,,,,,,,,,,СРЕДА,4,14-20,15-50,II,,,,,,,,,,,СРЕДА,4,14-20,15-50,II,,,,,,,,,,,СРЕДА,4,14-20,15-50,II,,,,,,,,,,,СРЕДА
СРЕДА,5,16-20,17-50,I,,,,,,,,,,,СРЕДА,5,16-20,17-50,I,,,,,,,,,,,СРЕДА,5,16-20,17-50,I,,,,,,,,,,,СРЕДА,5,16-20,17-50,I,,,,,,,,,,,СРЕДА,5,16-20,17-50,I,,,,,,,,,,,СРЕДА,5,16-20,17-50,I,,,,,,,,,,,СРЕДА,5,16-20,17-50,I,,,,,,,,,,,СРЕДА,5,16-20,17-50,I,,,,,,,,,,,СРЕДА
СРЕДА,5,16-20,17-50,II,,,,,,,,,,,СРЕДА,5,16-20,17-50,II,,,,,,,,,,,СРЕДА,5,16-20,17-50,II,,,,,,,,,,,СРЕДА,5,16-20,17-50,II,,,,,,,,,,,СРЕДА,5,16-20,17-50,II,,,,,,,,,,,СРЕДА,5,16-20,17-50,II,,,,,,,,,,,СРЕДА,5,16-20,17-50,II,,,,,,,,,,,СРЕДА,5,16-20,17-50,II,,,,,,,,,,,СРЕДА
СРЕДА,6,18-00,19-30,I,,,,,,,,,,,СРЕДА,6,18-00,19-30,I,,,,,,,,,,,СРЕДА,6,18-00,19-30,I,,,,,,,,,,,СРЕДА,6,18-00,19-30,I,,,,,,,,,,,СРЕДА,6,18-00,19-30,I,,,,,,,,,,,СРЕДА,6,18-00,19-30,I,,,,,,,,,,,СРЕДА,6,18-00,19-30,I,,,,,,,,,,,СРЕДА,6,18-00,19-30,I,,,,,,,,,,,СРЕДА
СРЕДА,6,18-00,19-30,II,,,,,,,,,,,СРЕДА,6,18-00,19-30,II,,,,,,,,,,,СРЕДА,6,18-00,19-30,II,,,,,,,,,,,СРЕДА,6,18-00,19-30,II,,,,,,,,,,,СРЕДА,6,18-00,19-30,II,,,,,,,,,,,СРЕДА,6,18-00,19-30,II,,,,,,,,,,,СРЕДА,6,18-00,19-30,II,,,,,,,,,,,СРЕДА,6,18-00,19-30,II,,,,,,,,,,,СРЕДА
СРЕДА,7,19-40,21-10,I,,,,,,,,,,,СРЕДА,7,19-40,21-10,I,,,,,,,,,,,СРЕДА,7,19-40,21-10,I,,,,,,,,,,,СРЕДА,7,19-40,21-10,I,,,,,,,,,,,СРЕДА,7,19-40,21-10,I,,,,,,,,,,,СРЕДА,7,19-40,21-10,I,,,,,,,,,,,СРЕДА,7,19-40,21-10,I,,,,,,,,,,,СРЕДА,7,19-40,21-10,I,,,,,,,,,,,СРЕДА
СРЕДА,7,19-40,21-10,II,,,,,,,,,,,СРЕДА,7,19-40,21-10,II,,,,,,,,,,,СРЕДА,7,19-40,21-10,II,,,,,,,,,,,СРЕДА,7,19-40,21-10,II,,,,,,,,,,,СРЕДА,7,19-40,21-10,II,,,,,,,,,,,СРЕДА,7,19-40,21-10,II,,,,,,,,,,,СРЕДА,7,19-40,21-10,II,,,,,,,,,,,СРЕДА,7,19-40,21-10,II,,,,,,,,,,,СРЕДА
ЧЕТВЕРГ,1,09-00,10-30,I,"кр. 17 н. Электронные офисные системы
",П,Горелова Л.И.,комп. И-212-а (В-78),,,,,,,ЧЕТВЕРГ,1,09-00,10-30,I,,,,,,,,,,,ЧЕТВЕРГ,1,09-00,10-30,I,,,,,,"кр. 17 н. Бюджетная система Российской Федерации
",Л,Захарова М.В.,ауд. А-181 (В-78),,ЧЕТВЕРГ,1,09-00,10-30,I,"кр. 17 н. Бюджетная система Российской Федерации
",Л,Захарова М.В.,ауд. А-181 (В-78),,,,,,,ЧЕТВЕРГ,1,09-00,10-30,I,,,,,,,,,,,ЧЕТВЕРГ,1,09-00,10-30,I,,,,,,,,,,,ЧЕТВЕРГ,1,09-00,10-30,I,"кр. 17 н. Кредитование бизнес-проектов
",П,Никулина С.А.,ауд. А-204 (В-78),,"кр. 17 н. Деловой иностранный язык
",П,,ауд. И-317 (В-78),,ЧЕТВЕРГ,1,09-00,10-30,I,,,,,,,,,,,ЧЕТВЕРГ
ЧЕТВЕРГ,1,09-00,10-30,II,"Электронные офисные системы
",П,Горелова Л.И.,комп. И-212-а (В-78),,"Документирование управленческой деятельности
",Л,Леонова С.Л.,ауд. А-16 (В-78),,ЧЕТВЕРГ,1,09-00,10-30,II,"Документирование управленческой деятельности
",Л,Леонова С.Л.,ауд. А-16 (В-78),,"Документирование управленческой деятельности
",Л,Леонова С.Л.,ауд. А-16 (В-78),,ЧЕТВЕРГ,1,09-00,10-30,II,"Документирование управленческой деятельности
",Л,Леонова С.Л.,ауд. А-16 (В-78),,"Документирование управленческой деятельности
",Л,Леонова С.Л.,ауд. А-16 (В-78),,ЧЕТВЕРГ,1,09-00,10-30,II,"Документирование управленческой деятельности
",Л,Леонова С.Л.,ауд. А-16 (В-78),,"Управление рисками
",Л,Дмитриева С.И.,ауд. А-5 (В-78),,ЧЕТВЕРГ,1,09-00,10-30,II,"Управление рисками
",Л,Дмитриева С.И.,ауд. А-5 (В-78),,"Управление рисками
",Л,Дмитриева С.И.,ауд. А-5 (В-78),,ЧЕТВЕРГ,1,09-00,10-30,II,,,,,,,,,,,ЧЕТВЕРГ,1,09-00,10-30,II,"Кредитование бизнес-проектов
",П,Никулина С.А.,ауд. А-204 (В-78),,"Деловой иностранный язык
",П,,ауд. И-317 (В-78),,ЧЕТВЕРГ,1,09-00,10-30,II,,,,,,,,,,,ЧЕТВЕРГ
ЧЕТВЕРГ,2,10-40,12-10,I,"кр. 17 н. Правовые основы профессиональной деятельности
",Л,Рагимова Н.К.,ауд. А-328 (В-78),,"кр. 17 н. Объектно-ориентированное программирование
",Л,Зорина Н.В.,ауд. А-5 (В-78),,ЧЕТВЕРГ,2,10-40,12-10,I,"кр. 17 н. Объектно-ориентированное программирование
",Л,Зорина Н.В.,ауд. А-5 (В-78),,"кр. 17 н. Объектно-ориентированное программирование
",Л,Зорина Н.В.,ауд. А-5 (В-78),,ЧЕТВЕРГ,2,10-40,12-10,I,"кр. 17 н. Объектно-ориентированное программирование
",Л,Зорина Н.В.,ауд. А-5 (В-78),,"кр. 17 н. Документирование управленческой деятельности
",П,Леонова С.Л.,ауд. А-208 (В-78),,ЧЕТВЕРГ,2,10-40,12-10,I,"кр. 17 н. Бюджетная система Российской Федерации
",П,Захарова М.В.,ауд. А-327 (В-78),,,,,,,ЧЕТВЕРГ,2,10-40,12-10,I,,,,,,,,,,,ЧЕТВЕРГ,2,10-40,12-10,I,"кр. 17 н. Статистика населения
",П,Золотарева О.А.,комп. И-212-д (В-78),,,,,,,ЧЕТВЕРГ,2,10-40,12-10,I,,,,,,"кр. 17 н. Деловой иностранный язык
",П,,ауд. И-319 (В-78),,ЧЕТВЕРГ,2,10-40,12-10,I,"кр. 17 н. Арендные и лизинговые отношения
",П,Клишо С.А.,ауд. Д-210 (В-78),,,,,,,ЧЕТВЕРГ
ЧЕТВЕРГ,2,10-40,12-10,II,"Правовые основы профессиональной деятельности
",Л,Рагимова Н.К.,ауд. А-328 (В-78),,"Информационная инфраструктура предприятия
",Л,Проворова И.П.,ауд. А-4 (В-78),,ЧЕТВЕРГ,2,10-40,12-10,II,"Информационная инфраструктура предприятия
",Л,Проворова И.П.,ауд. А-4 (В-78),,"Информационная инфраструктура предприятия
",Л,Проворова И.П.,ауд. А-4 (В-78),,ЧЕТВЕРГ,2,10-40,12-10,II,"Информационная инфраструктура предприятия
",Л,Проворова И.П.,ауд. А-4 (В-78),,,,,,,ЧЕТВЕРГ,2,10-40,12-10,II,"Документирование управленческой деятельности
",П,Леонова С.Л.,ауд. А-327 (В-78),,"Управление рисками
",Л,Дмитриева С.И.,ауд. А-5 (В-78),,ЧЕТВЕРГ,2,10-40,12-10,II,"Управление рисками
",Л,Дмитриева С.И.,ауд. А-5 (В-78),,"Управление рисками
",Л,Дмитриева С.И.,ауд. А-5 (В-78),,ЧЕТВЕРГ,2,10-40,12-10,II,"Статистика населения
",П,Золотарева О.А.,комп. И-212-д (В-78),,,,,,,ЧЕТВЕРГ,2,10-40,12-10,II,,,,,,"Деловой иностранный язык
",П,,ауд. И-319 (В-78),,ЧЕТВЕРГ,2,10-40,12-10,II,"Арендные и лизинговые отношения
",П,Клишо С.А.,ауд. А-206 (В-78),,,,,,,ЧЕТВЕРГ
ЧЕТВЕРГ,3,12-40,14-10,I,"кр. 17 н. Правовые основы профессиональной деятельности
",П,Рагимова Н.К.,ауд. А-328 (В-78),,,,,,,ЧЕТВЕРГ,3,12-40,14-10,I,"кр. 17 н. Документирование управленческой деятельности
",П,Леонова С.Л.,ауд. А-208 (В-78),,"кр. 17 н. Основы предпринимательской деятельности
",П,Чижанькова И.В.,ауд. А-111 (В-78),,ЧЕТВЕРГ,3,12-40,14-10,I,"кр. 17 н. Информационная инфраструктура предприятия
",П,Проворова И.П.,комп. А-329 (В-78),,"кр. 17 н. Бюджетная система Российской Федерации
",П,Захарова М.В.,ауд. А-327 (В-78),,ЧЕТВЕРГ,3,12-40,14-10,I,,,,,,,,,,,ЧЕТВЕРГ,3,12-40,14-10,I,,,,,,,,,,,ЧЕТВЕРГ,3,12-40,14-10,I,"кр. 17 н. Статистика населения
",Л,Золотарева О.А.,ауд. А-425 (В-78),,"кр. 17 н. Статистика населения
",Л,Золотарева О.А.,ауд. А-425 (В-78),,ЧЕТВЕРГ,3,12-40,14-10,I,,,,,,"кр. 17 н. Кредитование бизнес-проектов
",П,Никулина С.А.,ауд. А-113 (В-78),,ЧЕТВЕРГ,3,12-40,14-10,I,"кр. 17 н. Налоги и налогообложение
",П,Черненькая И.Г.,ауд. А-429 (В-78),,,,,,,ЧЕТВЕРГ
ЧЕТВЕРГ,3,12-40,14-10,II,"Правовые основы профессиональной деятельности
",П,Рагимова Н.К.,ауд. А-328 (В-78),,"Информационная инфраструктура предприятия
",П,Проворова И.П.,комп. А-329 (В-78),,ЧЕТВЕРГ,3,12-40,14-10,II,,,,,,"Документирование управленческой деятельности
",П,Леонова С.Л.,ауд. А-327 (В-78),,ЧЕТВЕРГ,3,12-40,14-10,II,,,,,,,,,,,ЧЕТВЕРГ,3,12-40,14-10,II,,,,,,,,,,,ЧЕТВЕРГ,3,12-40,14-10,II,,,,,,,,,,,ЧЕТВЕРГ,3,12-40,14-10,II,"Статистический анализ нечисловой информации
",Л,Демидова Л.Н.,ауд. А-425 (В-78),,"Статистический анализ нечисловой информации
",Л,Демидова Л.Н.,ауд. А-425 (В-78),,ЧЕТВЕРГ,3,12-40,14-10,II,,,,,,"Кредитование бизнес-проектов
",П,Никулина С.А.,ауд. А-113 (В-78),,ЧЕТВЕРГ,3,12-40,14-10,II,"Налоги и налогообложение
",П,Черненькая И.Г.,ауд. А-429 (В-78),,,,,,,ЧЕТВЕРГ
ЧЕТВЕРГ,4,14-20,15-50,I,"кр. 17 н. Технологии работы с технотронными документами
",Л,Горелова Л.И.,ауд. А-328 (В-78),,,,,,,ЧЕТВЕРГ,4,14-20,15-50,I,"кр. 17 н. Информационная инфраструктура предприятия
",П,Проворова И.П.,комп. А-329 (В-78),,"кр. 17 н. Рынки информационно-коммуникационных технологий
",П,Стариковская Н.А.,ауд. А-208 (В-78),,ЧЕТВЕРГ,4,14-20,15-50,I,"кр. 17 н. Основы предпринимательской деятельности
",П,Чижанькова И.В.,ауд. А-111 (В-78),,,,,,,ЧЕТВЕРГ,4,14-20,15-50,I,,,,,,,,,,,ЧЕТВЕРГ,4,14-20,15-50,I,,,,,,,,,,,ЧЕТВЕРГ,4,14-20,15-50,I,,,,,,"кр. 17 н. Статистика населения
",П,Золотарева О.А.,комп. И-212-д (В-78),,ЧЕТВЕРГ,4,14-20,15-50,I,,,,,,"кр. 17 н. Налоги и налогообложение
",П,Черненькая И.Г.,ауд. А-429 (В-78),,ЧЕТВЕРГ,4,14-20,15-50,I,,,,,,,,,,,ЧЕТВЕРГ
ЧЕТВЕРГ,4,14-20,15-50,II,"Технологии работы с технотронными документами
",Л,Горелова Л.И.,ауд. А-328 (В-78),,"Документирование управленческой деятельности
",П,Леонова С.Л.,ауд. А-208 (В-78),,ЧЕТВЕРГ,4,14-20,15-50,II,,,,,,"Информационная инфраструктура предприятия
",П,Проворова И.П.,комп. А-329 (В-78),,ЧЕТВЕРГ,4,14-20,15-50,II,,,,,,,,,,,ЧЕТВЕРГ,4,14-20,15-50,II,,,,,,,,,,,ЧЕТВЕРГ,4,14-20,15-50,II,,,,,,,,,,,ЧЕТВЕРГ,4,14-20,15-50,II,,,,,,"Статистика населения
",П,Золотарева О.А.,комп. И-212-д (В-78),,ЧЕТВЕРГ,4,14-20,15-50,II,,,,,,"Налоги и налогообложение
",П,Черненькая И.Г.,ауд. А-429 (В-78),,ЧЕТВЕРГ,4,14-20,15-50,II,,,,,,,,,,,ЧЕТВЕРГ
ЧЕТВЕРГ,5,16-20,17-50,I,"кр. 17 н. Технологии работы с технотронными документами
",П,Горелова Л.И.,комп. И-212-а (В-78),,,,,,,ЧЕТВЕРГ,5,16-20,17-50,I,"кр. 17 н. Анализ данных
",П,Трифонова О.А.,комп. ивц-118 (В-78),,"кр. 17 н. Моделирование бизнес-процессов
",П,Сиганьков А.А.,комп. И-204-в (В-78),,ЧЕТВЕРГ,5,16-20,17-50,I,"кр. 17 н. Архитектура предприятия
",П,Вартанян А.А.,комп. А-329 (В-78),,,,,,,ЧЕТВЕРГ,5,16-20,17-50,I,,,,,,,,,,,ЧЕТВЕРГ,5,16-20,17-50,I,,,,,,,,,,,ЧЕТВЕРГ,5,16-20,17-50,I,,,,,,"кр. 17 н. Математические моделирование в анализе данных
",П,Журавлева Е.В.,ауд. А-425 (В-78),,ЧЕТВЕРГ,5,16-20,17-50,I,,,,,,,,,,,ЧЕТВЕРГ,5,16-20,17-50,I,,,,,,,,,,,ЧЕТВЕРГ
ЧЕТВЕРГ,5,16-20,17-50,II,"Технологии работы с технотронными документами
",П,Горелова Л.И.,комп. И-212-а (В-78),,"Архитектура предприятия
",П,Вартанян А.А.,комп. А-329 (В-78),,ЧЕТВЕРГ,5,16-20,17-50,II,"Анализ данных
",П,Трифонова О.А.,комп. ивц-118 (В-78),,"Моделирование бизнес-процессов
",П,Сиганьков А.А.,комп. И-204-в (В-78),,ЧЕТВЕРГ,5,16-20,17-50,II,,,,,,,,,,,ЧЕТВЕРГ,5,16-20,17-50,II,,,,,,,,,,,ЧЕТВЕРГ,5,16-20,17-50,II,,,,,,,,,,,ЧЕТВЕРГ,5,16-20,17-50,II,,,,,,"Математические моделирование в анализе данных
",П,Журавлева Е.В.,ауд. А-425 (В-78),,ЧЕТВЕРГ,5,16-20,17-50,II,,,,,,,,,,,ЧЕТВЕРГ,5,16-20,17-50,II,,,,,,,,,,,ЧЕТВЕРГ
ЧЕТВЕРГ,6,18-00,19-30,I,,,,,,"кр. 17 н. Стратегический менеджмент
",П,Сиганьков А.А.,комп. ивц-118 (В-78),,ЧЕТВЕРГ,6,18-00,19-30,I,"кр. 17 н. Архитектура предприятия
",П,Вартанян А.А.,комп. А-329 (В-78),,,,,,,ЧЕТВЕРГ,6,18-00,19-30,I,,,,,,,,,,,ЧЕТВЕРГ,6,18-00,19-30,I,,,,,,,,,,,ЧЕТВЕРГ,6,18-00,19-30,I,,,,,,,,,,,ЧЕТВЕРГ,6,18-00,19-30,I,,,,,,,,,,,ЧЕТВЕРГ,6,18-00,19-30,I,,,,,,,,,,,ЧЕТВЕРГ,6,18-00,19-30,I,,,,,,,,,,,ЧЕТВЕРГ
ЧЕТВЕРГ,6,18-00,19-30,II,,,,,,"Стратегический менеджмент
",П,Сиганьков А.А.,комп. ивц-118 (В-78),,ЧЕТВЕРГ,6,18-00,19-30,II,,,,,,"Архитектура предприятия
",П,Вартанян А.А.,комп. А-329 (В-78),,ЧЕТВЕРГ,6,18-00,19-30,II,,,,,,,,,,,ЧЕТВЕРГ,6,18-00,19-30,II,,,,,,,,,,,ЧЕТВЕРГ,6,18-00,19-30,II,,,,,,,,,,,ЧЕТВЕРГ,6,18-00,19-30,II,,,,,,,,,,,ЧЕТВЕРГ,6,18-00,19-30,II,,,,,,,,,,,ЧЕТВЕРГ,6,18-00,19-30,II,,,,,,,,,,,ЧЕТВЕРГ
ЧЕТВЕРГ,7,19-40,21-10,I,,,,,,,,,,,ЧЕТВЕРГ,7,19-40,21-10,I,,,,,,,,,,,ЧЕТВЕРГ,7,19-40,21-10,I,,,,,,,,,,,ЧЕТВЕРГ,7,19-40,21-10,I,,,,,,,,,,,ЧЕТВЕРГ,7,19-40,21-10,I,,,,,,,,,,,ЧЕТВЕРГ,7,19-40,21-10,I,,,,,,,,,,,ЧЕТВЕРГ,7,19-40,21-10,I,,,,,,,,,,,ЧЕТВЕРГ,7,19-40,21-10,I,,,,,,,,,,,ЧЕТВЕРГ
ЧЕТВЕРГ,7,19-40,21-10,II,,,,,,,,,,,ЧЕТВЕРГ,7,19-40,21-10,II,,,,,,,,,,,ЧЕТВЕРГ,7,19-40,21-10,II,,,,,,,,,,,ЧЕТВЕРГ,7,19-40,21-10,II,,,,,,,,,,,ЧЕТВЕРГ,7,19-40,21-10,II,,,,,,,,,,,ЧЕТВЕРГ,7,19-40,21-10,II,,,,,,,,,,,ЧЕТВЕРГ,7,19-40,21-10,II,,,,,,,,,,,ЧЕТВЕРГ,7,19-40,21-10,II,,,,,,,,,,,ЧЕТВЕРГ
ПЯТНИЦА,1,09-00,10-30,I,"кр. 17 н. Кадровое делопроизводство
",П,Леонова С.Л.,комп. И-212-а (В-78),,"кр. 17 н. Основы предпринимательской деятельности
",Л,Чижанькова И.В.,ауд. А-7 (В-78),,ПЯТНИЦА,1,09-00,10-30,I,"кр. 17 н. Основы предпринимательской деятельности
",Л,Чижанькова И.В.,ауд. А-7 (В-78),,"кр. 17 н. Основы предпринимательской деятельности
",Л,Чижанькова И.В.,ауд. А-7 (В-78),,ПЯТНИЦА,1,09-00,10-30,I,"кр. 17 н. Основы предпринимательской деятельности
",Л,Чижанькова И.В.,ауд. А-7 (В-78),,"кр. 17 н. Деловой иностранный язык
",П,,ауд. И-311 (В-78),,ПЯТНИЦА,1,09-00,10-30,I,"кр. 17 н. Трудовое право
",П,Петрова Р.Е.,ауд. А-324 (В-78),,"кр. 17 н. Маркетинг персонала
",Л,Лобарева Н.В.,ауд. А-6 (В-78),,ПЯТНИЦА,1,09-00,10-30,I,"кр. 17 н. Маркетинг персонала
",Л,Лобарева Н.В.,ауд. А-6 (В-78),,"кр. 17 н. Маркетинг персонала
",Л,Лобарева Н.В.,ауд. А-6 (В-78),,ПЯТНИЦА,1,09-00,10-30,I,"кр. 17 н. Многомерные статистические методы
",П,Есенин М.А.,комп. И-212-д (В-78),,"кр. 17 н. Статистический анализ нечисловой информации
",П,Демидова Л.Н.,ауд. А-220 (В-78),,ПЯТНИЦА,1,09-00,10-30,I,"кр. 17 н. Коммерческое право
",Л,Рагимова Н.К.,ауд. А-182 (В-78),,"кр. 17 н. Коммерческое право
",Л,Рагимова Н.К.,ауд. А-182 (В-78),,ПЯТНИЦА,1,09-00,10-30,I,"кр. 17 н. Коммерческое право
",Л,Рагимова Н.К.,ауд. А-182 (В-78),,,,,,,ПЯТНИЦА
ПЯТНИЦА,1,09-00,10-30,II,"Кадровое делопроизводство
",П,Леонова С.Л.,комп. И-212-а (В-78),,"Стратегический менеджмент
",Л,Сиганьков А.А.,ауд. А-9 (В-78),,ПЯТНИЦА,1,09-00,10-30,II,"Стратегический менеджмент
",Л,Сиганьков А.А.,ауд. А-9 (В-78),,"Стратегический менеджмент
",Л,Сиганьков А.А.,ауд. А-9 (В-78),,ПЯТНИЦА,1,09-00,10-30,II,"Стратегический менеджмент
",Л,Сиганьков А.А.,ауд. А-9 (В-78),,"Деловой иностранный язык
",П,,ауд. И-311 (В-78),,ПЯТНИЦА,1,09-00,10-30,II,"Трудовое право
",П,Петрова Р.Е.,ауд. А-324 (В-78),,"Стратегический менеджмент
",Л,Сиганьков А.А.,ауд. А-9 (В-78),,ПЯТНИЦА,1,09-00,10-30,II,"Стратегический менеджмент
",Л,Сиганьков А.А.,ауд. А-9 (В-78),,"Стратегический менеджмент
",Л,Сиганьков А.А.,ауд. А-9 (В-78),,ПЯТНИЦА,1,09-00,10-30,II,"Многомерные статистические методы
",П,Есенин М.А.,комп. И-212-д (В-78),,"Статистический анализ нечисловой информации
",П,Демидова Л.Н.,ауд. А-220 (В-78),,ПЯТНИЦА,1,09-00,10-30,II,"Стратегический менеджмент
",Л,Никорук И.Ф.,ауд. А-427 (В-78),,"Стратегический менеджмент
",Л,Никорук И.Ф.,ауд. А-427 (В-78),,ПЯТНИЦА,1,09-00,10-30,II,"Стратегический менеджмент
",Л,Никорук И.Ф.,ауд. А-427 (В-78),,,,,,,ПЯТНИЦА
ПЯТНИЦА,2,10-40,12-10,I,"кр. 17 н. Организация и технология документационного обеспечения управления
",Л,Савка О.Г.,ауд. А-328 (В-78),,"кр. 17 н. Архитектура предприятия
",Л,Вартанян А.А.,ауд. А-7 (В-78),,ПЯТНИЦА,2,10-40,12-10,I,"кр. 17 н. Архитектура предприятия
",Л,Вартанян А.А.,ауд. А-7 (В-78),,"кр. 17 н. Архитектура предприятия
",Л,Вартанян А.А.,ауд. А-7 (В-78),,ПЯТНИЦА,2,10-40,12-10,I,"кр. 17 н. Архитектура предприятия
",Л,Вартанян А.А.,ауд. А-7 (В-78),,"кр. 17 н. Трудовое право
",П,Петрова Р.Е.,ауд. А-324 (В-78),,ПЯТНИЦА,2,10-40,12-10,I,"кр. 17 н. Деловой иностранный язык

кр. 17 н. Деловой иностранный язык
","П

П","

","ауд. И-330 (В-78)

ауд. И-317 (В-78)","

","кр. 17 н. Поведение потребителей
",Л,Лобарева Н.В.,ауд. А-6 (В-78),,ПЯТНИЦА,2,10-40,12-10,I,"кр. 17 н. Поведение потребителей
",Л,Лобарева Н.В.,ауд. А-6 (В-78),,"кр. 17 н. Поведение потребителей
",Л,Лобарева Н.В.,ауд. А-6 (В-78),,ПЯТНИЦА,2,10-40,12-10,I,"кр. 17 н. Статистический анализ нечисловой информации
",П,Демидова Л.Н.,ауд. А-220 (В-78),,"кр. 17 н. Многомерные статистические методы
",П,Есенин М.А.,комп. И-212-д (В-78),,ПЯТНИЦА,2,10-40,12-10,I,"кр. 17 н. Коммерческое право
",П,Рагимова Н.К.,ауд. А-325 (В-78),,"кр. 17 н. Экономика инноваций
",П,Чижанькова И.В.,ауд. А-327 (В-78),,ПЯТНИЦА,2,10-40,12-10,I,"кр. 17 н. Стратегический менеджмент
",П,Никорук И.Ф.,ауд. А-427 (В-78),,,,,,,ПЯТНИЦА
ПЯТНИЦА,2,10-40,12-10,II,"Организация и технология документационного обеспечения управления
",Л,Савка О.Г.,ауд. А-205 (В-78),,,,,,,ПЯТНИЦА,2,10-40,12-10,II,"Рынки информационно-коммуникационных технологий
",П,Стариковская Н.А.,ауд. А-204 (В-78),,,,,,,ПЯТНИЦА,2,10-40,12-10,II,"Анализ и диагностика финансовой деятельности предприятия
",П,Бекетова О.Н.,ауд. А-210 (В-78),,"Трудовое право
",П,Петрова Р.Е.,ауд. А-324 (В-78),,ПЯТНИЦА,2,10-40,12-10,II,"Деловой иностранный язык

Деловой иностранный язык
","П

П","

","ауд. И-330 (В-78)

ауд. И-317 (В-78)","

","Поведение потребителей
",Л,Лобарева Н.В.,ауд. А-6 (В-78),,ПЯТНИЦА,2,10-40,12-10,II,"Поведение потребителей
",Л,Лобарева Н.В.,ауд. А-6 (В-78),,"Поведение потребителей
",Л,Лобарева Н.В.,ауд. А-6 (В-78),,ПЯТНИЦА,2,10-40,12-10,II,"Статистический анализ нечисловой информации
",П,Демидова Л.Н.,ауд. А-220 (В-78),,"Многомерные статистические методы
",П,Есенин М.А.,комп. И-212-д (В-78),,ПЯТНИЦА,2,10-40,12-10,II,"Коммерческое право
",П,Рагимова Н.К.,ауд. А-325 (В-78),,"Экономика инноваций
",П,Чижанькова И.В.,ауд. А-327 (В-78),,ПЯТНИЦА,2,10-40,12-10,II,"Стратегический менеджмент
",П,Никорук И.Ф.,ауд. А-427 (В-78),,,,,,,ПЯТНИЦА
ПЯТНИЦА,3,12-40,14-10,I,"кр. 17 н. Управление проектами
",П,Мандыч И.А.,ауд. А-220 (В-78),,"кр. 17 н. Анализ и диагностика финансовой деятельности предприятия
",Л,Бекетова О.Н.,ауд. А-7 (В-78),,ПЯТНИЦА,3,12-40,14-10,I,"кр. 17 н. Анализ и диагностика финансовой деятельности предприятия
",Л,Бекетова О.Н.,ауд. А-7 (В-78),,"кр. 17 н. Анализ и диагностика финансовой деятельности предприятия
",Л,Бекетова О.Н.,ауд. А-7 (В-78),,ПЯТНИЦА,3,12-40,14-10,I,"кр. 17 н. Анализ и диагностика финансовой деятельности предприятия
",Л,Бекетова О.Н.,ауд. А-7 (В-78),,"кр. 17 н. Трудовое право
",Л,Петрова Р.Е.,ауд. А-181 (В-78),,ПЯТНИЦА,3,12-40,14-10,I,"кр. 17 н. Трудовое право
",Л,Петрова Р.Е.,ауд. А-181 (В-78),,"кр. 17 н. Маркетинговые исследования
",Л,Кондратьева М.Н.,ауд. А-6 (В-78),,ПЯТНИЦА,3,12-40,14-10,I,"кр. 17 н. Маркетинговые исследования
",Л,Кондратьева М.Н.,ауд. А-6 (В-78),,"кр. 17 н. Маркетинговые исследования
",Л,Кондратьева М.Н.,ауд. А-6 (В-78),,ПЯТНИЦА,3,12-40,14-10,I,,,,,,,,,,,ПЯТНИЦА,3,12-40,14-10,I,"кр. 17 н. Стратегический менеджмент
",П,Никорук И.Ф.,ауд. А-427 (В-78),,"кр. 17 н. Коммерческое право
",П,Рагимова Н.К.,ауд. А-325 (В-78),,ПЯТНИЦА,3,12-40,14-10,I,"кр. 17 н. Экономика инноваций
",П,Чижанькова И.В.,ауд. А-327 (В-78),,,,,,,ПЯТНИЦА
ПЯТНИЦА,3,12-40,14-10,II,"Управление проектами
",П,Мандыч И.А.,ауд. А-220 (В-78),,,,,,,ПЯТНИЦА,3,12-40,14-10,II,"Анализ и диагностика финансовой деятельности предприятия
",П,Бекетова О.Н.,ауд. А-204 (В-78),,,,,,,ПЯТНИЦА,3,12-40,14-10,II,,,,,,"Электронное правительство
",П,Стариковская Н.А.,ауд. А-217 (В-78),,ПЯТНИЦА,3,12-40,14-10,II,,,,,,,,,,,ПЯТНИЦА,3,12-40,14-10,II,"Стратегический менеджмент
",П,Сиганьков А.А.,ауд. Д-210 (В-78),,,,,,,ПЯТНИЦА,3,12-40,14-10,II,"Многомерные статистические методы
",Л,Есенин М.А.,ауд. А-214 (В-78),,"Многомерные статистические методы
",Л,Есенин М.А.,ауд. А-214 (В-78),,ПЯТНИЦА,3,12-40,14-10,II,"Стратегический менеджмент
",П,Никорук И.Ф.,ауд. А-427 (В-78),,"Коммерческое право
",П,Рагимова Н.К.,ауд. А-325 (В-78),,ПЯТНИЦА,3,12-40,14-10,II,"Экономика инноваций
",П,Чижанькова И.В.,ауд. А-327 (В-78),,,,,,,ПЯТНИЦА
ПЯТНИЦА,4,14-20,15-50,I,"кр. 17 н. Деловая переписка
",Л,Гриценко С.А.,ауд. А-328 (В-78),,"кр. 17 н. Анализ данных
",Л,Трифонова О.А.,ауд. А-5 (В-78),,ПЯТНИЦА,4,14-20,15-50,I,"кр. 17 н. Анализ данных
",Л,Трифонова О.А.,ауд. А-5 (В-78),,"кр. 17 н. Анализ данных
",Л,Трифонова О.А.,ауд. А-5 (В-78),,ПЯТНИЦА,4,14-20,15-50,I,"кр. 17 н. Анализ данных
",Л,Трифонова О.А.,ауд. А-5 (В-78),,,,,,,ПЯТНИЦА,4,14-20,15-50,I,,,,,,,,,,,ПЯТНИЦА,4,14-20,15-50,I,,,,,,,,,,,ПЯТНИЦА,4,14-20,15-50,I,,,,,,,,,,,ПЯТНИЦА,4,14-20,15-50,I,"кр. 17 н. Экономика инноваций
",П,Чижанькова И.В.,ауд. А-327 (В-78),,"кр. 17 н. Стратегический менеджмент
",П,Никорук И.Ф.,ауд. А-427 (В-78),,ПЯТНИЦА,4,14-20,15-50,I,"кр. 17 н. Коммерческое право
",П,Рагимова Н.К.,ауд. А-325 (В-78),,,,,,,ПЯТНИЦА
ПЯТНИЦА,4,14-20,15-50,II,"Деловая переписка
",Л,Гриценко С.А.,ауд. А-328 (В-78),,,,,,,ПЯТНИЦА,4,14-20,15-50,II,,,,,,,,,,,ПЯТНИЦА,4,14-20,15-50,II,"Рынки информационно-коммуникационных технологий
",П,Стариковская Н.А.,ауд. А-210 (В-78),,"Моделирование бизнес-процессов
",П,Горшкова Н.Е.,комп. ивц-105-1 (В-78),,ПЯТНИЦА,4,14-20,15-50,II,,,,,,,,,,,ПЯТНИЦА,4,14-20,15-50,II,"Стратегический менеджмент
",П,Сиганьков А.А.,ауд. Д-210 (В-78),,,,,,,ПЯТНИЦА,4,14-20,15-50,II,,,,,,,,,,,ПЯТНИЦА,4,14-20,15-50,II,"Экономика инноваций
",П,Чижанькова И.В.,ауд. А-327 (В-78),,"Стратегический менеджмент
",П,Никорук И.Ф.,ауд. А-427 (В-78),,ПЯТНИЦА,4,14-20,15-50,II,"Коммерческое право
",П,Рагимова Н.К.,ауд. А-325 (В-78),,,,,,,ПЯТНИЦА
ПЯТНИЦА,5,16-20,17-50,I,"кр. 17 н. Деловая переписка
",П,Гриценко С.А.,комп. И-212-а (В-78),,"кр. 17 н. Моделирование бизнес-процессов
",П,Горшкова Н.Е.,комп. И-204-в (В-78),,ПЯТНИЦА,5,16-20,17-50,I,"кр. 17 н. Стратегический менеджмент
",П,Сиганьков А.А.,комп. А-329 (В-78),,,,,,,ПЯТНИЦА,5,16-20,17-50,I,"кр. 17 н. Объектно-ориентированное программирование
",П,Зорина Н.В.,комп. И-203-б (В-78),,,,,,,ПЯТНИЦА,5,16-20,17-50,I,,,,,,,,,,,ПЯТНИЦА,5,16-20,17-50,I,,,,,,,,,,,ПЯТНИЦА,5,16-20,17-50,I,,,,,,,,,,,ПЯТНИЦА,5,16-20,17-50,I,"кр. 17 н. Кредитование бизнес-проектов
",Л,Никулина С.А.,ауд. А-6 (В-78),,"кр. 17 н. Кредитование бизнес-проектов
",Л,Никулина С.А.,ауд. А-6 (В-78),,ПЯТНИЦА,5,16-20,17-50,I,"кр. 17 н. Кредитование бизнес-проектов
",Л,Никулина С.А.,ауд. А-6 (В-78),,,,,,,ПЯТНИЦА
ПЯТНИЦА,5,16-20,17-50,II,"Деловая переписка
",П,Гриценко С.А.,комп. И-212-а (В-78),,"Моделирование бизнес-процессов
",П,Горшкова Н.Е.,комп. И-204-в (В-78),,ПЯТНИЦА,5,16-20,17-50,II,"Стратегический менеджмент
",П,Сиганьков А.А.,комп. А-329 (В-78),,,,,,,ПЯТНИЦА,5,16-20,17-50,II,"Объектно-ориентированное программирование
",П,Зорина Н.В.,комп. И-203-б (В-78),,,,,,,ПЯТНИЦА,5,16-20,17-50,II,,,,,,,,,,,ПЯТНИЦА,5,16-20,17-50,II,,,,,,,,,,,ПЯТНИЦА,5,16-20,17-50,II,,,,,,,,,,,ПЯТНИЦА,5,16-20,17-50,II,"Арендные и лизинговые отношения
",Л,Клишо С.А.,ауд. А-175 (В-78),,"Арендные и лизинговые отношения
",Л,Клишо С.А.,ауд. А-175 (В-78),,ПЯТНИЦА,5,16-20,17-50,II,"Арендные и лизинговые отношения
",Л,Клишо С.А.,ауд. А-175 (В-78),,,,,,,ПЯТНИЦА
ПЯТНИЦА,6,18-00,19-30,I,"кр. 17 н. Деловая переписка
",П,Гриценко С.А.,комп. И-212-а (В-78),,"кр. 17 н. Анализ данных
",П,Трифонова О.А.,комп. И-204-в (В-78),,ПЯТНИЦА,6,18-00,19-30,I,,,,,,,,,,,ПЯТНИЦА,6,18-00,19-30,I,,,,,,,,,,,ПЯТНИЦА,6,18-00,19-30,I,,,,,,,,,,,ПЯТНИЦА,6,18-00,19-30,I,,,,,,,,,,,ПЯТНИЦА,6,18-00,19-30,I,,,,,,,,,,,ПЯТНИЦА,6,18-00,19-30,I,,,,,,,,,,,ПЯТНИЦА,6,18-00,19-30,I,,,,,,,,,,,ПЯТНИЦА
ПЯТНИЦА,6,18-00,19-30,II,,,,,,"Анализ данных
",П,Трифонова О.А.,комп. И-204-в (В-78),,ПЯТНИЦА,6,18-00,19-30,II,,,,,,,,,,,ПЯТНИЦА,6,18-00,19-30,II,,,,,,,,,,,ПЯТНИЦА,6,18-00,19-30,II,,,,,,,,,,,ПЯТНИЦА,6,18-00,19-30,II,,,,,,,,,,,ПЯТНИЦА,6,18-00,19-30,II,,,,,,,,,,,ПЯТНИЦА,6,18-00,19-30,II,,,,,,,,,,,ПЯТНИЦА,6,18-00,19-30,II,,,,,,,,,,,ПЯТНИЦА
ПЯТНИЦА,7,19-40,21-10,I,,,,,,,,,,,ПЯТНИЦА,7,19-40,21-10,I,,,,,,,,,,,ПЯТНИЦА,7,19-40,21-10,I,,,,,,,,,,,ПЯТНИЦА,7,19-40,21-10,I,,,,,,,,,,,ПЯТНИЦА,7,19-40,21-10,I,,,,,,,,,,,ПЯТНИЦА,7,19-40,21-10,I,,,,,,,,,,,ПЯТНИЦА,7,19-40,21-10,I,,,,,,,,,,,ПЯТНИЦА,7,19-40,21-10,I,,,,,,,,,,,ПЯТНИЦА
ПЯТНИЦА,7,19-40,21-10,II,,,,,,,,,,,ПЯТНИЦА,7,19-40,21-10,II,,,,,,,,,,,ПЯТНИЦА,7,19-40,21-10,II,,,,,,,,,,,ПЯТНИЦА,7,19-40,21-10,II,,,,,,,,,,,ПЯТНИЦА,7,19-40,21-10,II,,,,,,,,,,,ПЯТНИЦА,7,19-40,21-10,II,,,,,,,,,,,ПЯТНИЦА,7,19-40,21-10,II,,,,,,,,,,,ПЯТНИЦА,7,19-40,21-10,II,,,,,,,,,,,ПЯТНИЦА
СУББОТА,1,09-00,10-30,I,"кр. 17 н. Базы данных
",П,Маличенко С.В.,комп. И-212-а (В-78),,"кр. 17 н. Объектно-ориентированное программирование
",П,Зорина Н.В.,комп. ивц-117 (В-78),,СУББОТА,1,09-00,10-30,I,,,,,,"кр. 17 н. Анализ данных
",П,Трифонова О.А.,комп. И-205-б (В-78),,СУББОТА,1,09-00,10-30,I,"кр. 17 н. Деловой иностранный язык

кр. 17 н. Деловой иностранный язык
","П

П","

","ауд. И-320 (В-78)

ауд. И-326 (В-78)","

","кр. 17 н. Теория управления
",Л,Бондалетов В.В.,ауд. А-174-б (В-78),,СУББОТА,1,09-00,10-30,I,"кр. 17 н. Теория управления
",Л,Бондалетов В.В.,ауд. А-174-б (В-78),,"кр. 17 н. Деловой иностранный язык

кр. 17 н. Деловой иностранный язык
","П

П","

","ауд. И-333 (В-78)

ауд. И-315 (В-78)","

",СУББОТА,1,09-00,10-30,I,"кр. 17 н. Маркетинговые исследования
",П,Кондратьева М.Н.,ауд. А-323 (В-78),,"кр. 17 н. Поведение потребителей
",П,Лобарева Н.В.,ауд. А-173 (В-78),,СУББОТА,1,09-00,10-30,I,,,,,,,,,,,СУББОТА,1,09-00,10-30,I,"кр. 17 н. Корпоративные финансы
",П,Кондратова С.В.,ауд. А-327 (В-78),,,,,,,СУББОТА,1,09-00,10-30,I,,,,,,,,,,,СУББОТА
СУББОТА,1,09-00,10-30,II,"Базы данных
",П,Маличенко С.В.,комп. И-212-а (В-78),,"Объектно-ориентированное программирование
",П,Зорина Н.В.,комп. ивц-117 (В-78),,СУББОТА,1,09-00,10-30,II,,,,,,"Анализ данных
",П,Трифонова О.А.,комп. И-205-б (В-78),,СУББОТА,1,09-00,10-30,II,"Деловой иностранный язык

Деловой иностранный язык
","П

П","

","ауд. И-320 (В-78)

ауд. И-326 (В-78)","

","Государственное и муниципальное управление
",Л,Дивина Л.Э.,ауд. А-174-б (В-78),,СУББОТА,1,09-00,10-30,II,"Государственное и муниципальное управление
",Л,Дивина Л.Э.,ауд. А-174-б (В-78),,"Деловой иностранный язык

Деловой иностранный язык
","П

П","

","ауд. И-333 (В-78)

ауд. И-315 (В-78)","

",СУББОТА,1,09-00,10-30,II,"Маркетинговые исследования
",П,Кондратьева М.Н.,ауд. А-323 (В-78),,"Поведение потребителей
",П,Лобарева Н.В.,ауд. А-173 (В-78),,СУББОТА,1,09-00,10-30,II,,,,,,,,,,,СУББОТА,1,09-00,10-30,II,"Корпоративные финансы
",П,Кондратова С.В.,ауд. А-327 (В-78),,,,,,,СУББОТА,1,09-00,10-30,II,,,,,,,,,,,СУББОТА
СУББОТА,2,10-40,12-10,I,"кр. 17 н. Базы данных
",П,Маличенко С.В.,комп. И-212-а (В-78),,"кр. 17 н. Деловой иностранный язык

кр. 17 н. Деловой иностранный язык
","П

П","

","ауд. И-323 (В-78)

ауд. И-318 (В-78)","

",СУББОТА,2,10-40,12-10,I,,,,,,"кр. 17 н. Деловой иностранный язык

кр. 17 н. Деловой иностранный язык
","П

П","

","ауд. И-309 (В-78)

ауд. И-300 (В-78)","

",СУББОТА,2,10-40,12-10,I,"кр. 17 н. Моделирование бизнес-процессов
",П,Горшкова Н.Е.,комп. И-204-в (В-78),,"кр. 17 н. Теория управления
",П,Бондалетов В.В.,ауд. А-221 (В-78),,СУББОТА,2,10-40,12-10,I,"кр. 17 н. Государственное и муниципальное управление
",П,Дивина Л.Э.,ауд. А-314 (В-78),,"кр. 17 н. Маркетинговые исследования
",П,Кондратьева М.Н.,ауд. А-324 (В-78),,СУББОТА,2,10-40,12-10,I,"кр. 17 н. Поведение потребителей
",П,Лобарева Н.В.,ауд. А-323 (В-78),,"кр. 17 н. Реклама и связи с общественностью
",П,Никорук И.Ф.,ауд. А-311 (В-78),,СУББОТА,2,10-40,12-10,I,"кр. 17 н. Деловой иностранный язык

кр. 17 н. Деловой иностранный язык
","П

П","

","ауд. И-317 (В-78)

ауд. И-311 (В-78)","

",,,,,,СУББОТА,2,10-40,12-10,I,"кр. 17 н. Арендные и лизинговые отношения
",П,Клишо С.А.,ауд. А-217 (В-78),,"кр. 17 н. Корпоративные финансы
",П,Кондратова С.В.,ауд. А-327 (В-78),,СУББОТА,2,10-40,12-10,I,,,,,,,,,,,СУББОТА
СУББОТА,2,10-40,12-10,II,"Базы данных
",П,Маличенко С.В.,комп. И-212-а (В-78),,"Деловой иностранный язык

Деловой иностранный язык
","П

П","

","ауд. И-323 (В-78)

ауд. И-318 (В-78)","

",СУББОТА,2,10-40,12-10,II,,,,,,"Деловой иностранный язык

Деловой иностранный язык
","П

П","

","ауд. И-309 (В-78)

ауд. И-300 (В-78)","

",СУББОТА,2,10-40,12-10,II,"Моделирование бизнес-процессов
",П,Горшкова Н.Е.,комп. И-204-в (В-78),,"Теория управления
",П,Бондалетов В.В.,ауд. А-222 (В-78),,СУББОТА,2,10-40,12-10,II,"Государственное и муниципальное управление
",П,Дивина Л.Э.,ауд. А-314 (В-78),,"Маркетинговые исследования
",П,Кондратьева М.Н.,ауд. А-324 (В-78),,СУББОТА,2,10-40,12-10,II,"Поведение потребителей
",П,Лобарева Н.В.,ауд. А-323 (В-78),,"Реклама и связи с общественностью
",П,Никорук И.Ф.,ауд. А-311 (В-78),,СУББОТА,2,10-40,12-10,II,"Деловой иностранный язык

Деловой иностранный язык
","П

П","

","ауд. И-317 (В-78)

ауд. И-311 (В-78)","

",,,,,,СУББОТА,2,10-40,12-10,II,"Арендные и лизинговые отношения
",П,Клишо С.А.,ауд. А-217 (В-78),,"Корпоративные финансы
",П,Кондратова С.В.,ауд. А-327 (В-78),,СУББОТА,2,10-40,12-10,II,,,,,,,,,,,СУББОТА
СУББОТА,3,12-40,14-10,I,"кр. 17 н. Базы данных
",Л,Матчин В.Т.,ауд. А-222 (В-78),,,,,,,СУББОТА,3,12-40,14-10,I,"кр. 17 н. Моделирование бизнес-процессов
",П,Горшкова Н.Е.,комп. И-212-г (В-78),,,,,,,СУББОТА,3,12-40,14-10,I,"кр. 17 н. Анализ данных
",П,Трифонова О.А.,комп. ивц-116 (В-78),,"кр. 17 н. Государственное и муниципальное управление
",П,Дивина Л.Э.,ауд. А-314 (В-78),,СУББОТА,3,12-40,14-10,I,"кр. 17 н. Теория управления
",П,Бондалетов В.В.,ауд. А-217 (В-78),,"кр. 17 н. Поведение потребителей
",П,Лобарева Н.В.,ауд. А-323 (В-78),,СУББОТА,3,12-40,14-10,I,"кр. 17 н. Деловой иностранный язык

кр. 17 н. Деловой иностранный язык
","П

П","

","ауд. И-312 (В-78)

ауд. И-329 (В-78)","

","кр. 17 н. Маркетинговые исследования
",П,Кондратьева М.Н.,ауд. А-311 (В-78),,СУББОТА,3,12-40,14-10,I,,,,,,,,,,,СУББОТА,3,12-40,14-10,I,"кр. 17 н. Налоги и налогообложение
",П,Черненькая И.Г.,ауд. А-215 (В-78),,"кр. 17 н. Арендные и лизинговые отношения
",П,Клишо С.А.,ауд. А-111 (В-78),,СУББОТА,3,12-40,14-10,I,"кр. 17 н. Корпоративные финансы
",П,Кондратова С.В.,ауд. А-327 (В-78),,,,,,,СУББОТА
СУББОТА,3,12-40,14-10,II,"Базы данных
",Л,Матчин В.Т.,ауд. А-222 (В-78),,,,,,,СУББОТА,3,12-40,14-10,II,"Моделирование бизнес-процессов
",П,Горшкова Н.Е.,комп. И-212-г (В-78),,,,,,,СУББОТА,3,12-40,14-10,II,,,,,,"Государственное и муниципальное управление
",П,Дивина Л.Э.,ауд. А-314 (В-78),,СУББОТА,3,12-40,14-10,II,"Теория управления
",П,Бондалетов В.В.,ауд. А-217 (В-78),,"Поведение потребителей
",П,Лобарева Н.В.,ауд. А-323 (В-78),,СУББОТА,3,12-40,14-10,II,"Деловой иностранный язык

Деловой иностранный язык
","П

П","

","ауд. И-312 (В-78)

ауд. И-329 (В-78)","

","Маркетинговые исследования
",П,Кондратьева М.Н.,ауд. А-311 (В-78),,СУББОТА,3,12-40,14-10,II,,,,,,,,,,,СУББОТА,3,12-40,14-10,II,"Налоги и налогообложение
",П,Черненькая И.Г.,ауд. А-215 (В-78),,"Арендные и лизинговые отношения
",П,Клишо С.А.,ауд. А-111 (В-78),,СУББОТА,3,12-40,14-10,II,"Корпоративные финансы
",П,Кондратова С.В.,ауд. А-327 (В-78),,,,,,,СУББОТА
СУББОТА,4,14-20,15-50,I,,,,,,,,,,,СУББОТА,4,14-20,15-50,I,"кр. 17 н. Объектно-ориентированное программирование
",П,Зорина Н.В.,комп. И-212-г (В-78),,"кр. 17 н. Анализ и диагностика финансовой деятельности предприятия
",П,Бекетова О.Н.,ауд. А-173 (В-78),,СУББОТА,4,14-20,15-50,I,"кр. 17 н. Анализ данных
",П,Трифонова О.А.,комп. ивц-116 (В-78),,,,,,,СУББОТА,4,14-20,15-50,I,,,,,,,,,,,СУББОТА,4,14-20,15-50,I,,,,,,"кр. 17 н. Деловой иностранный язык

кр. 17 н. Деловой иностранный язык
","П

П","

","ауд. И-325 (В-78)

ауд. И-319 (В-78)","

",СУББОТА,4,14-20,15-50,I,,,,,,,,,,,СУББОТА,4,14-20,15-50,I,"кр. 17 н. Экономика инноваций
",Л,Чижанькова И.В.,ауд. А-429 (В-78),,"кр. 17 н. Экономика инноваций
",Л,Чижанькова И.В.,ауд. А-429 (В-78),,СУББОТА,4,14-20,15-50,I,"кр. 17 н. Экономика инноваций
",Л,Чижанькова И.В.,ауд. А-429 (В-78),,,,,,,СУББОТА
СУББОТА,4,14-20,15-50,II,,,,,,,,,,,СУББОТА,4,14-20,15-50,II,"Объектно-ориентированное программирование
",П,Зорина Н.В.,комп. И-212-г (В-78),,,,,,,СУББОТА,4,14-20,15-50,II,,,,,,,,,,,СУББОТА,4,14-20,15-50,II,,,,,,,,,,,СУББОТА,4,14-20,15-50,II,,,,,,"Деловой иностранный язык

Деловой иностранный язык
","П

П","

","ауд. И-325 (В-78)

ауд. И-319 (В-78)","

",СУББОТА,4,14-20,15-50,II,,,,,,,,,,,СУББОТА,4,14-20,15-50,II,"Корпоративные финансы
",Л,Кондратова С.В.,ауд. А-429 (В-78),,"Корпоративные финансы
",Л,Кондратова С.В.,ауд. А-429 (В-78),,СУББОТА,4,14-20,15-50,II,"Корпоративные финансы
",Л,Кондратова С.В.,ауд. А-429 (В-78),,,,,,,СУББОТА
СУББОТА,5,16-20,17-50,I,,,,,,,,,,,СУББОТА,5,16-20,17-50,I,,,,,,"кр. 17 н. Объектно-ориентированное программирование
",П,Зорина Н.В.,комп. ивц-110 (В-78),,СУББОТА,5,16-20,17-50,I,,,,,,,,,,,СУББОТА,5,16-20,17-50,I,,,,,,,,,,,СУББОТА,5,16-20,17-50,I,,,,,,,,,,,СУББОТА,5,16-20,17-50,I,,,,,,,,,,,СУББОТА,5,16-20,17-50,I,,,,,,,,,,,СУББОТА,5,16-20,17-50,I,,,,,,,,,,,СУББОТА
СУББОТА,5,16-20,17-50,II,,,,,,,,,,,СУББОТА,5,16-20,17-50,II,,,,,,"Объектно-ориентированное программирование
",П,Зорина Н.В.,комп. ивц-110 (В-78),,СУББОТА,5,16-20,17-50,II,,,,,,,,,,,СУББОТА,5,16-20,17-50,II,,,,,,,,,,,СУББОТА,5,16-20,17-50,II,,,,,,,,,,,СУББОТА,5,16-20,17-50,II,,,,,,,,,,,СУББОТА,5,16-20,17-50,II,,,,,,"Предпринимательская этика
",П,Филаткина А.П.,ауд. А-429 (В-78),,СУББОТА,5,16-20,17-50,II,,,,,,,,,,,СУББОТА
СУББОТА,6,18-00,19-30,I,,,,,,,,,,,СУББОТА,6,18-00,19-30,I,,,,,,"кр. 17 н. Стратегический менеджмент
",П,Сиганьков А.А.,комп. ивц-110 (В-78),,СУББОТА,6,18-00,19-30,I,,,,,,,,,,,СУББОТА,6,18-00,19-30,I,,,,,,,,,,,СУББОТА,6,18-00,19-30,I,,,,,,,,,,,СУББОТА,6,18-00,19-30,I,,,,,,,,,,,СУББОТА,6,18-00,19-30,I,,,,,,,,,,,СУББОТА,6,18-00,19-30,I,,,,,,,,,,,СУББОТА
СУББОТА,6,18-00,19-30,II,,,,,,,,,,,СУББОТА,6,18-00,19-30,II,,,,,,"Стратегический менеджмент
",П,Сиганьков А.А.,комп. ивц-110 (В-78),,СУББОТА,6,18-00,19-30,II,,,,,,,,,,,СУББОТА,6,18-00,19-30,II,,,,,,,,,,,СУББОТА,6,18-00,19-30,II,,,,,,,,,,,СУББОТА,6,18-00,19-30,II,,,,,,,,,,,СУББОТА,6,18-00,19-30,II,,,,,,"Экономика цифровой организации
",П,Фролов А.Л.,ауд. А-429 (В-78),,СУББОТА,6,18-00,19-30,II,,,,,,,,,,,СУББОТА
СУББОТА,7,19-40,21-10,I,,,,,,,,,,,СУББОТА,7,19-40,21-10,I,,,,,,,,,,,СУББОТА,7,19-40,21-10,I,,,,,,,,,,,СУББОТА,7,19-40,21-10,I,,,,,,,,,,,СУББОТА,7,19-40,21-10,I,,,,,,,,,,,СУББОТА,7,19-40,21-10,I,,,,,,,,,,,СУББОТА,7,19-40,21-10,I,,,,,,,,,,,СУББОТА,7,19-40,21-10,I,,,,,,,,,,,СУББОТА
СУББОТА,7,19-40,21-10,II,,,,,,,,,,,СУББОТА,7,19-40,21-10,II,,,,,,,,,,,СУББОТА,7,19-40,21-10,II,,,,,,,,,,,СУББОТА,7,19-40,21-10,II,,,,,,,,,,,СУББОТА,7,19-40,21-10,II,,,,,,,,,,,СУББОТА,7,19-40,21-10,II,,,,,,,,,,,СУББОТА,7,19-40,21-10,II,,,,,,,,,,,СУББОТА,7,19-40,21-10,II,,,,,,,,,,,СУББОТА
