месяц,число,ИВБО-13-21,время,№                      ауд,Ссылка,ИВБО-01-21,время,№                      ауд,Ссылка,ИВБО-02-21,время,№                      ауд,Ссылка,ИВБО-03-21,время,№                      ауд,Ссылка,месяц,число,ИВБО-04-21,время,№                      ауд,Ссылка,ИВБО-05-21,время,№                      ауд,Ссылка,ИВБО-07-21,время,№                      ауд,Ссылка,ИВБО-06-21,время,№                      ауд,Ссылка,месяц,число,ИВБО-08-21,время,№                      ауд,Ссылка,ИКБО-04-21,время,№                      ауд,Ссылка,ИКБО-05-21,время,№                      ауд,Ссылка,ИКБО-14-21,время,№                      ауд,Ссылка,месяц,число,ИКБО-15-21,время,№                      ауд,Ссылка,ИКБО-22-21,время,№                      ауд,Ссылка,ИКБО-06-21,время,№                      ауд,Ссылка,ИКБО-07-21,время,№                      ауд,Ссылка,месяц,число,ИКБО-11-21,время,№                      ауд,Ссылка,ИКБО-12-21,время,№                      ауд,Ссылка,ИКБО-25-21,время,№                      ауд,Ссылка,ИКБО-26-21,время,№                      ауд,Ссылка,месяц,число,ИКБО-27-21,время,№                      ауд,Ссылка,ИКБО-28-21,время,№                      ауд,Ссылка,ИКБО-32-21,время,№                      ауд,Ссылка,ИКБО-08-21,время,№                      ауд,Ссылка,месяц,число,ИКБО-09-21,время,№                      ауд,Ссылка,ИКБО-17-21,время,№                      ауд,Ссылка,ИКБО-18-21,время,№                      ауд,Ссылка,ИКБО-19-21,время,№                      ауд,Ссылка,месяц,число,ИКБО-21-21,время,№                      ауд,Ссылка,ИКБО-23-21,время,№                      ауд,Ссылка,ИКБО-29-21,время,№                      ауд,Ссылка,ИКБО-30-21,время,№                      ауд,Ссылка,месяц,число,ИКБО-31-21,время,№                      ауд,Ссылка,ИКБО-01-21,время,№                      ауд,Ссылка,ИКБО-02-21,время,№                      ауд,Ссылка,ИКБО-10-21,время,№                      ауд,Ссылка,месяц,число,ИКБО-16-21,время,№                      ауд,Ссылка,ИКБО-20-21,время,№                      ауд,Ссылка,ИКБО-24-21,время,№                      ауд,Ссылка,ИКБО-03-21,время,№                      ауд,Ссылка,месяц,число,ИКБО-13-21,время,№                      ауд,Ссылка,ИКБО-33-21,время,№                      ауд,Ссылка,ИМБО-01-21,время,№                      ауд,Ссылка,ИМБО-02-21,время,№                      ауд,Ссылка,месяц,число,ИНБО-05-21,время,№                      ауд,Ссылка,ИНБО-06-21,время,№                      ауд,Ссылка,ИНБО-10-21,время,№                      ауд,Ссылка,ИНБО-13-21,время,№                      ауд,Ссылка,месяц,число,ИНБО-01-21,время,№                      ауд,Ссылка,ИНБО-02-21,время,№                      ауд,Ссылка,ИНБО-03-21,время,№                      ауд,Ссылка,ИНБО-04-21,время,№                      ауд,Ссылка,месяц,число,ИНБО-09-21,время,№                      ауд,Ссылка,ИНБО-11-21,время,№                      ауд,Ссылка,ИНБО-07-21,время,№                      ауд,Ссылка,ИНБО-08-21,время,№                      ауд,Ссылка,месяц,число,ИНБО-12-21,время,№                      ауд,Ссылка,,время,№                      ауд,Ссылка,,время,№                      ауд,Ссылка,,время,№                      ауд,Ссылка
,09 пн,,,,,Консультация,14-30,А-63 (МП-1),,Консультация,14-30,А-63 (МП-1),,Консультация,14-30,А-63 (МП-1),,,09 пн,Консультация,14-30,А-63 (МП-1),,Консультация,14-30,А-63 (МП-1),,Консультация,14-30,А-63 (МП-1),,Консультация,14-30,А-63 (МП-1),,,09 пн,Консультация,14-30,А-63 (МП-1),,Консультация,15-30,А-63 (МП-1),,Консультация,15-30,А-63 (МП-1),,Консультация,15-30,А-63 (МП-1),,,09 пн,Консультация,15-30,А-63 (МП-1),,Консультация,15-30,А-63 (МП-1),,Консультация,14-20,А-10,,Консультация,14-20,А-10,,,09 пн,Консультация,14-20,А-10,,Консультация,14-20,А-10,,Консультация,14-20,А-10,,Консультация,10-30,А-12,,,09 пн,Консультация,10-30,А-12,,Консультация,10-30,А-12,,Консультация,10-30,А-12,,Консультация,14-20,А-9,,,09 пн,Консультация,14-20,А-9,,Консультация,14-20,А-9,,Консультация,14-20,А-9,,Консультация,14-20,А-9,,,09 пн,Консультация,16-00,А-9,,Консультация,16-00,А-9,,Консультация,16-00,А-9,,Консультация,16-00,А-9,,,09 пн,Консультация,16-00,А-9,,Консультация,16-20,А-10,,Консультация,16-20,А-10,,Консультация,16-20,А-10,,,09 пн,Консультация,16-20,А-10,,Консультация,16-20,А-10,,,,,,,,,,,09 пн,,,,,,,,,,,,,,,,,,09 пн,,,,,Курсовая работа,,Г-413,,,,,,Консультация,15-30,А-63 (МП-1),,,09 пн,Консультация,9-00,А-12,,Консультация,9-00,А-12,,Консультация,9-00,А-12,,Консультация,9-00,А-12,,,09 пн,Консультация,9-00,А-12,,Консультация,9-00,А-12,,,,,,,,,,,09 пн,,,,,,,,,,,,,,,,
,,,,,,Философия,,,,Философия,,,,Философия,,,,,,Философия,,,,Философия,,,,Философия,,,,Философия,,,,,,Философия,,,,Философия,,,,Философия,,,,Философия,,,,,,Философия,,,,Философия,,,,Математический анализ,,,,Математический анализ,,,,,,Математический анализ,,,,Математический анализ,,,,Математический анализ,,,,Программирование на языке Джава,,,,,,Программирование на языке Джава,,,,Программирование на языке Джава,,,,Программирование на языке Джава,,,,Математический анализ,,,,,,Математический анализ,,,,Математический анализ,,,,Математический анализ,,,,Математический анализ,,,,,,Математический анализ,,,,Математический анализ,,,,Математический анализ,,,,Математический анализ,,,,,,Математический анализ,,,,Математический анализ,,,,Математический анализ,,,,Математический анализ,,,,,,Математический анализ,,,,Математический анализ,,,,,,,,,,,,,,,,,,,,,,,,,,,,,,,,,,,,Технологии организации обработки и хранения статистических данных,,,,,,,,Философия,,,,,,Программирование на языке Джава,,,,Программирование на языке Джава,,,,Программирование на языке Джава,,,,Программирование на языке Джава,,,,,,Программирование на языке Джава,,,,Программирование на языке Джава,,,,,,,,,,,,,,,,,,,,,,,,,,,,,
,,,,,,Тогузова Л.И.,,,,Тогузова Л.И.,,,,Тогузова Л.И.,,,,,,Тогузова Л.И.,,,,Тогузова Л.И.,,,,Тогузова Л.И.,,,,Тогузова Л.И.,,,,,,Тогузова Л.И.,,,,Тогузова Л.И.,,,,Тогузова Л.И.,,,,Тогузова Л.И.,,,,,,Тогузова Л.И.,,,,Тогузова Л.И.,,,,Шульман И.Л.,,,,Шульман И.Л.,,,,,,Шульман И.Л.,,,,Шульман И.Л.,,,,Шульман И.Л.,,,,Алпатов А.Н.,,,,,,Алпатов А.Н.,,,,Алпатов А.Н.,,,,Алпатов А.Н.,,,,Козлова О.Ю.,,,,,,Козлова О.Ю.,,,,Козлова О.Ю.,,,,Козлова О.Ю.,,,,Козлова О.Ю.,,,,,,Козлова О.Ю.,,,,Козлова О.Ю.,,,,Козлова О.Ю.,,,,Козлова О.Ю.,,,,,,Козлова О.Ю.,,,,Шульман И.Л.,,,,Шульман И.Л.,,,,Шульман И.Л.,,,,,,Шульман И.Л.,,,,Шульман И.Л.,,,,,,,,,,,,,,,,,,,,,,,,,,,,,,,,,,,,Митин М.П.,,,,,,,,Тогузова Л.И.,,,,,,Алпатов А.Н.,,,,Алпатов А.Н.,,,,Алпатов А.Н.,,,,Алпатов А.Н.,,,,,,Алпатов А.Н.,,,,Алпатов А.Н.,,,,,,,,,,,,,,,,,,,,,,,,,,,,,
,"10
вт",,,,,,,,,,,,,,,,,,"10
вт",Экзамен,15-00,А-344 (МП-1),,,,,,,,,,,,,,,"10
вт",,,,,,,,,Экзамен,12-00,А-400 (МП-1),,Экзамен,15-00,А-400 (МП-1),,,"10
вт",,,,,,,,,,,,,,,,,,"10
вт",,,,,,,,,,,,,Экзамен,9-00,ивц-103,,,"10
вт",Экзамен,10-40,ивц-103,,Экзамен,12-40,ивц-103,,Экзамен,14-20,ивц-103,,,,,,,"10
вт",,,,,,,,,,,,,,,,,,"10
вт",,,,,,,,,,,,,,,,,,"10
вт",,,,,,,,,,,,,,,,,,"10
вт",,,,,,,,,,,,,,,,,,"10
вт",,,,,,,,,,,,,,,,,,"10
вт",,,,,,,,,,,,,,,,,,"10
вт",Экзамен,16-20,ивц-103,,Экзамен,9-00,ивц-104,,Экзамен,10-40,ивц-104,,Экзамен,12-40,ивц-104,,,"10
вт",Экзамен,14-20,ивц-104,,Экзамен,16-20,ивц-104,,,,,,,,,,,"10
вт",,,,,,,,,,,,,,,,
,,,,,,,,,,,,,,,,,,,,Философия,,,,,,,,,,,,,,,,,,,,,,,,,,Философия,,,,Философия,,,,,,,,,,,,,,,,,,,,,,,,,,,,,,,,,,,,Программирование на языке Джава,,,,,,Программирование на языке Джава,,,,Программирование на языке Джава,,,,Программирование на языке Джава,,,,,,,,,,,,,,,,,,,,,,,,,,,,,,,,,,,,,,,,,,,,,,,,,,,,,,,,,,,,,,,,,,,,,,,,,,,,,,,,,,,,,,,,,,,,,,,,,,,,,,,,,,,,,,,,,,,,,,Программирование на языке Джава,,,,Программирование на языке Джава,,,,Программирование на языке Джава,,,,Программирование на языке Джава,,,,,,Программирование на языке Джава,,,,Программирование на языке Джава,,,,,,,,,,,,,,,,,,,,,,,,,,,,,
,,,,,,,,,,,,,,,,,,,,Тогузова Л.И.,,,,,,,,,,,,,,,,,,,,,,,,,,Цибизова Л.А.,,,,Цибизова Л.А.,,,,,,,,,,,,,,,,,,,,,,,,,,,,,,,,,,,,,,,,,,,,,,,,,,,,,,,,,,,,,,,,,,,,,,,,,,,,,,,,,,,,,,,,,,,,,,,,,,,,,,,,,,,,,,,,,,,,,,,,,,,,,,,,,,,,,,,,,,,,,,,,,,,,,,,,,,,,,,,,,,,,,,,,,,,,,,,,,,,,,,,,,,,,,,,,,,,,,,,,,,,,,,,,,,,,,,,,,,,
,"11
ср",,,,,,,,,,,,,Экзамен,12-00,А-344 (МП-1),,,"11
ср",,,,,Экзамен,15-00,А-343 (МП-1),,Экзамен,12-00,А-343 (МП-1),,,,,,,"11
ср",Экзамен,9-00,А-345 (МП-1),,,,,,,,,,,,,,,"11
ср",,,,,,,,,Экзамен,12-40,А-9,,Экзамен,12-40,А-9,,,"11
ср",Экзамен,14-20,А-9,,Экзамен,14-20,А-9,,Экзамен,14-20,А-9,,,,,,,"11
ср",,,,,,,,,,,,,Экзамен,10-40,А-10,,,"11
ср",Экзамен,10-40,А-10,,Экзамен,12-40,А-10,,Экзамен,12-40,А-10,,Экзамен,14-20,А-10,,,"11
ср",Экзамен,14-20,А-10,,Экзамен,16-20,А-10,,Экзамен,16-20,А-10,,Экзамен,16-20,А-9,,,"11
ср",Экзамен,16-20,А-9,,Экзамен,9-00,А-9,,Экзамен,9-00,А-9,,Экзамен,10-40,А-9,,,"11
ср",Экзамен,10-40,А-9,,Экзамен,10-40,А-9,,,,,,,,,,,"11
ср",,,,,,,,,,,,,,,,,,"11
ср",,,,,,,,,,,,,Экзамен,12-00,А-345 (МП-1),,,"11
ср",,,,,Зачёт,9-00,И-203-а,,,,,,,,,,,"11
ср",,,,,,,,,Зачёт,12-00,И-203-а,,,,,,,"11
ср",,,,,,,,,,,,,,,,
,,,,,,,,,,,,,,Философия,,,,,,,,,,Философия,,,,Философия,,,,,,,,,,Философия,,,,,,,,,,,,,,,,,,,,,,,,,,Математический анализ,,,,Математический анализ,,,,,,Математический анализ,,,,Математический анализ,,,,Математический анализ,,,,,,,,,,,,,,,,,,,,,,Математический анализ,,,,,,Математический анализ,,,,Математический анализ,,,,Математический анализ,,,,Математический анализ,,,,,,Математический анализ,,,,Математический анализ,,,,Математический анализ,,,,Математический анализ,,,,,,Математический анализ,,,,Математический анализ,,,,Математический анализ,,,,Математический анализ,,,,,,Математический анализ,,,,Математический анализ,,,,,,,,,,,,,,,,,,,,,,,,,,,,,,,,,,,,,,,,,,,,Философия,,,,,,,,,,Предметно-ориентированные информационные системы,,,,,,,,,,,,,,,,,,,,,,Предметно-ориентированные информационные системы,,,,,,,,,,,,,,,,,,,,,,,,,
,,,,,,,,,,,,,,Гладышева Е.В.,,,,,,,,,,Арапов О.Г.,,,,Арапов О.Г.,,,,,,,,,,Арапова Э.А.,,,,,,,,,,,,,,,,,,,,,,,,,,,,,,,,,,,,,,,,,,,,,,,,,,,,,,,,,,,,,,,,,,,,,,,,,,,,,,,,,,,,,,,,,,,,,,,,,,,,,,,,,,,,,,,,,,,,,,,,,,,,,,,,,,,,,,,,,,,,,,,,,,,,,,,,,,,,,,,,,,,,,,,,,,,,,,Арапова Э.А.,,,,,,,,,,Исаев Р.А.,,,,,,,,,,,,,,,,,,,,,,Исаев Р.А.,,,,,,,,,,,,,,,,,,,,,,,,,
,"12
чт",,,,,Экзамен,10-00,А-401 (МП-1),,Экзамен,13-00,А-401 (МП-1),,,,,,,"12
чт",,,,,,,,,,,,,Экзамен,16-00,А-401 (МП-1),,,"12
чт",,,,,Экзамен,9-00,А-225 (МП-1),,,,,,,,,,,"12
чт",Экзамен,12-00,А-225 (МП-1),,Экзамен,15-00,А-225 (МП-1),,,,,,,,,,,"12
чт",,,,,,,,,,,,,Консультация,13-30,А-12,,,"12
чт",Консультация,13-30,А-12,,Консультация,13-30,А-12,,Консультация,13-30,А-12,,Консультация,9-00,А-63 (МП-1),,,"12
чт",Консультация,9-00,А-63 (МП-1),,Консультация,9-00,А-63 (МП-1),,Консультация,9-00,А-63 (МП-1),,Консультация,9-00,А-63 (МП-1),,,"12
чт",Консультация,9-00,А-63 (МП-1),,Консультация,9-00,А-63 (МП-1),,Консультация,9-00,А-63 (МП-1),,Консультация,9-00,А-63 (МП-1),,,"12
чт",Консультация,9-00,А-63 (МП-1),,,,,,,,,,,,,,,"12
чт",,,,,,,,,,,,,,,,,,"12
чт",,,,,,,,,Консультация,10-30,А-12,,Консультация,10-30,А-12,,,"12
чт",Консультация,10-30,А-12,,Консультация,10-30,А-12,,Консультация,10-30,А-12,,Консультация,10-30,А-12,,,"12
чт",Консультация,12-00,А-12,,Консультация,12-00,А-12,,Консультация,12-00,А-12,,Консультация,12-00,А-12,,,"12
чт",Консультация,12-00,А-12,,Консультация,12-00,А-12,,,,,,Курсовая работа,11-00,И-203-а,,,"12
чт",,,,,,,,,,,,,,,,
,,,,,,Философия,,,,Философия,,,,,,,,,,,,,,,,,,,,,,Философия,,,,,,,,,,Философия,,,,,,,,,,,,,,Философия,,,,Философия,,,,,,,,,,,,,,,,,,,,,,,,,,Математический анализ,,,,,,Математический анализ,,,,Математический анализ,,,,Математический анализ,,,,Философия,,,,,,Философия,,,,Философия,,,,Философия,,,,Философия,,,,,,Философия,,,,Философия,,,,Философия,,,,Философия,,,,,,Философия,,,,,,,,,,,,,,,,,,,,,,,,,,,,,,,,,,,,,,,,,,,,Математический анализ,,,,Математический анализ,,,,,,Математический анализ,,,,Математический анализ,,,,Математический анализ,,,,Математический анализ,,,,,,Математический анализ,,,,Математический анализ,,,,Математический анализ,,,,Математический анализ,,,,,,Математический анализ,,,,Математический анализ,,,,,,,,Информационно-технологическая инфраструктура,,,,,,,,,,,,,,,,,,,,,
,,,,,,Арапова Э.А.,,,,Арапова Э.А.,,,,,,,,,,,,,,,,,,,,,,Арапова Э.А.,,,,,,,,,,Арапов О.Г.,,,,,,,,,,,,,,Арапов О.Г.,,,,Арапов О.Г.,,,,,,,,,,,,,,,,,,,,,,,,,,Кузнецова О.Ю.,,,,,,Кузнецова О.Ю.,,,,Кузнецова О.Ю.,,,,Кузнецова О.Ю.,,,,Арапова Э.А.,,,,,,Арапова Э.А.,,,,Арапова Э.А.,,,,Арапова Э.А.,,,,Арапова Э.А.,,,,,,Арапова Э.А.,,,,Арапова Э.А.,,,,Арапова Э.А.,,,,Арапова Э.А.,,,,,,Арапова Э.А.,,,,,,,,,,,,,,,,,,,,,,,,,,,,,,,,,,,,,,,,,,,,Чекалкин Н.С.,,,,Чекалкин Н.С.,,,,,,Чекалкин Н.С.,,,,Чекалкин Н.С.,,,,Чекалкин Н.С.,,,,Чекалкин Н.С.,,,,,,Кузнецова О.Ю.,,,,Кузнецова О.Ю.,,,,Кузнецова О.Ю.,,,,Кузнецова О.Ю.,,,,,,Кузнецова О.Ю.,,,,Кузнецова О.Ю.,,,,,,,,Исаев Р.А.,,,,,,,,,,,,,,,,,,,,,
,"13
пт",,,,,Консультация,10-30,А-16,,Консультация,10-30,А-16,,Консультация,10-30,А-16,,,"13
пт",Консультация,10-30,А-16,,Консультация,10-30,А-16,,Консультация,9-00,А-16,,Консультация,9-00,А-16,,,"13
пт",Консультация,9-00,А-16,,Консультация,12-00,А-16,,Консультация,12-00,А-16,,Консультация,12-00,А-16,,,"13
пт",Консультация,12-00,А-16,,Консультация,12-00,А-16,,,,,,,,,,,"13
пт",,,,,,,,,,,,,Экзамен,14-20,А-9,,,"13
пт",Экзамен,14-20,А-9,,Экзамен,14-20,А-10,,Экзамен,14-20,А-10,,,,,,,"13
пт",Экзамен,16-00,А-343 (МП-1),,,,,,,,,,,,,,,"13
пт",,,,,,,,,,,,,,,,,,"13
пт",,,,,Консультация,9-00,А-13,,Консультация,9-00,А-13,,Консультация,9-00,А-13,,,"13
пт",Консультация,9-00,А-13,,Консультация,9-00,А-13,,Консультация,13-00,А-5,,Консультация,13-00,А-5,,,"13
пт",Консультация,13-00,А-5,,Консультация,13-00,А-5,,Экзамен,9-00,А-9,,Экзамен,9-00,А-9,,,"13
пт",Экзамен,10-40,А-9,,Экзамен,10-40,А-9,,Экзамен,12-40,А-9,,Экзамен,12-40,А-9,,,"13
пт",Экзамен,9-00,А-10,,Экзамен,9-00,А-10,,Экзамен,10-40,А-10,,Экзамен,10-40,А-10,,,"13
пт",Экзамен,12-40,А-10,,Экзамен,12-40,А-10,,Консультация,9-00,А-16,,Консультация,9-00,А-16,,,"13
пт",Консультация,9-00,А-16,,,,,,,,,,,,,
,,,,,,Математический анализ,,,,Математический анализ,,,,Математический анализ,,,,,,Математический анализ,,,,Математический анализ,,,,Математический анализ,,,,Математический анализ,,,,,,Математический анализ,,,,Математический анализ,,,,Математический анализ,,,,Математический анализ,,,,,,Математический анализ,,,,Математический анализ,,,,,,,,,,,,,,,,,,,,,,,,,,Математический анализ,,,,,,Математический анализ,,,,Математический анализ,,,,Математический анализ,,,,,,,,,,Философия,,,,,,,,,,,,,,,,,,,,,,,,,,,,,,,,,,,,,,,,Структуры и алгоритмы обработки данных,,,,Структуры и алгоритмы обработки данных,,,,Структуры и алгоритмы обработки данных,,,,,,Структуры и алгоритмы обработки данных,,,,Структуры и алгоритмы обработки данных,,,,Математический анализ,,,,Математический анализ,,,,,,Математический анализ,,,,Математический анализ,,,,Математический анализ,,,,Математический анализ,,,,,,Математический анализ,,,,Математический анализ,,,,Математический анализ,,,,Математический анализ,,,,,,Математический анализ,,,,Математический анализ,,,,Математический анализ,,,,Математический анализ,,,,,,Математический анализ,,,,Математический анализ,,,,Математический анализ,,,,Математический анализ,,,,,,Математический анализ,,,,,,,,,,,,,,,
,,,,,,Кадымов В.А.,,,,Кадымов В.А.,,,,Кадымов В.А.,,,,,,Кадымов В.А.,,,,Кадымов В.А.,,,,Козлова О.Ю.,,,,Козлова О.Ю.,,,,,,Козлова О.Ю.,,,,Кадымов В.А.,,,,Кадымов В.А.,,,,Кадымов В.А.,,,,,,Кадымов В.А.,,,,Кадымов В.А.,,,,,,,,,,,,,,,,,,,,,,,,,,,,,,,,,,,,,,,,,,,,,,,,,,Солодухин Д.В.,,,,,,,,,,,,,,,,,,,,,,,,,,,,,,,,,,,,,,,,Туманова М.Б.,,,,Туманова М.Б.,,,,Туманова М.Б.,,,,,,Туманова М.Б.,,,,Туманова М.Б.,,,,Белова И.М.,,,,Белова И.М.,,,,,,Белова И.М.,,,,Белова И.М.,,,,,,,,,,,,,,,,,,,,,,,,,,,,,,,,,,,,,,,,,,,,,,,,,,,,,,,,,,Козлова О.Ю.,,,,Козлова О.Ю.,,,,,,Козлова О.Ю.,,,,,,,,,,,,,,,
,"14
сб",,,,,Экзамен,9-00,А-9,,Экзамен,9-00,А-9,,Экзамен,10-40,А-9,,,"14
сб",Экзамен,10-40,А-9,,Экзамен,12-40,А-9,,Экзамен,9-00,А-10,,Экзамен,9-00,А-10,,,"14
сб",Экзамен,10-40,А-10,,Экзамен,12-40,А-9,,Экзамен,14-20,А-9,,Экзамен,14-20,А-9,,,"14
сб",Экзамен,16-20,А-9,,Экзамен,16-20,А-9,,,,,,,,,,,"14
сб",,,,,,,,,,,,,,,,,,"14
сб",,,,,,,,,,,,,Экзамен,10-30,А-61 (МП-1),,,"14
сб",,,,,Экзамен,9-00,А-401 (МП-1),,Экзамен,12-00,А-401 (МП-1),,Экзамен,16-00,А-343 (МП-1),,,"14
сб",Экзамен,13-30,А-61 (МП-1),,Экзамен,9-00,А-225 (МП-1),,Экзамен,13-00,А-225 (МП-1),,Экзамен,12-00,А-342 (МП-1),,,"14
сб",,,,,Экзамен,9-00,ивц-106,,Экзамен,10-40,ивц-106,,Экзамен,12-40,ивц-106,,,"14
сб",Экзамен,14-20,ивц-106,,Экзамен,16-20,ивц-106,,Экзамен,14-20,А-10,,Экзамен,14-20,А-10,,,"14
сб",Экзамен,16-20,А-10,,Экзамен,16-20,А-10,,Консультация,11-00,А-63 (МП-1),,Консультация,11-00,А-63 (МП-1),,,"14
сб",Консультация,11-00,А-63 (МП-1),,Консультация,11-00,А-63 (МП-1),,Консультация,11-00,А-63 (МП-1),,,,,,,"14
сб",,,,,,,,,,,,,,,,,,"14
сб",Курсовая работа,9-00,И-203-а,,Курсовая работа,12-00,И-203-а,,Экзамен,10-40,А-10,,Экзамен,12-40,А-10,,,"14
сб",Экзамен,12-40,А-10,,,,,,,,,,,,,
,,,,,,Математический анализ,,,,Математический анализ,,,,Математический анализ,,,,,,Математический анализ,,,,Математический анализ,,,,Математический анализ,,,,Математический анализ,,,,,,Математический анализ,,,,Математический анализ,,,,Математический анализ,,,,Математический анализ,,,,,,Математический анализ,,,,Математический анализ,,,,,,,,,,,,,,,,,,,,,,,,,,,,,,,,,,,,,,,,,,,,Философия,,,,,,,,,,Философия,,,,Философия,,,,Философия,,,,,,Философия,,,,Философия,,,,Философия,,,,Философия,,,,,,,,,,Структуры и алгоритмы обработки данных,,,,Структуры и алгоритмы обработки данных,,,,Структуры и алгоритмы обработки данных,,,,,,Структуры и алгоритмы обработки данных,,,,Структуры и алгоритмы обработки данных,,,,Математический анализ,,,,Математический анализ,,,,,,Математический анализ,,,,Математический анализ,,,,Философия,,,,Философия,,,,,,Философия,,,,Философия,,,,Философия,,,,,,,,,,,,,,,,,,,,,,,,,,,,Информационно-технологическая инфраструктура,,,,Информационно-технологическая инфраструктура,,,,Математический анализ,,,,Математический анализ,,,,,,Математический анализ,,,,,,,,,,,,,,,
,,,,,,,,,,,,,,,,,,,,,,,,,,,,,,,,,,,,,,,,,,,,,,,,,,,,,,,,,,,,,,,,,,,,,,,,,,,,,,,,,,,,,,,,,,,,,,,,,,,,,,,,Арапов О.Г.,,,,,,,,,,Осипова А.М.,,,,Осипова А.М.,,,,Солодухин Д.В.,,,,,,Арапов О.Г.,,,,Цибизова Л.А.,,,,Калинин Д.В.,,,,Арапова Э.А.,,,,,,,,,,,,,,,,,,,,,,,,,,,,,,,,,,,,,,,,,,,,,,,,,,Тогузова Л.И.,,,,Тогузова Л.И.,,,,,,Тогузова Л.И.,,,,Тогузова Л.И.,,,,Тогузова Л.И.,,,,,,,,,,,,,,,,,,,,,,,,,,,,Исаев Р.А.,,,,Исаев Р.А.,,,,,,,,,,,,,,,,,,,,,,,,,,,,,
,15,,,,,,,,,,,,,,,,,,15,,,,,,,,,,,,,,,,,,15,,,,,,,,,,,,,,,,,,15,,,,,,,,,,,,,,,,,,15,,,,,,,,,,,,,,,,,,15,,,,,,,,,,,,,,,,,,15,,,,,,,,,,,,,,,,,,15,,,,,,,,,,,,,,,,,,15,,,,,,,,,,,,,,,,,,15,,,,,,,,,,,,,,,,,,15,,,,,,,,,,,,,,,,,,15,,,,,,,,,,,,,,,,,,15,,,,,,,,,,,,,,,,,,15,,,,,,,,,,,,,,,,,,15,,,,,,,,,,,,,,,,
,"16
пн",,,,,Консультация,9-00,А-16,,Консультация,9-00,А-16,,Консультация,9-00,А-16,,,"16
пн",Консультация,9-00,А-16,,Консультация,9-00,А-16,,Консультация,10-30,А-16,,Консультация,10-30,А-16,,,"16
пн",Консультация,10-30,А-16,,Консультация,10-30,А-16,,Консультация,10-30,А-16,,Консультация,10-30,А-16,,,"16
пн",,,,,,,,,Консультация,10-30,А-15,,Консультация,10-30,А-15,,,"16
пн",Консультация,10-30,А-15,,Консультация,10-30,А-15,,Консультация,10-30,А-15,,,,,,,"16
пн",,,,,,,,,,,,,,,,,,"16
пн",,,,,,,,,,,,,,,,,,"16
пн",,,,,,,,,,,,,,,,,,"16
пн",Экзамен,15-00,А-343 (МП-1),,Консультация,12-00,А-16,,Консультация,12-00,А-16,,Консультация,12-00,А-16,,,"16
пн",Консультация,12-00,А-16,,Консультация,12-00,А-16,,Консультация,13-30,А-16,,Консультация,13-30,А-16,,,"16
пн",Консультация,13-30,А-16,,Консультация,13-30,А-16,,,,,,,,,,,"16
пн",,,,,Экзамен,10-00,А-225 (МП-1),,Экзамен,15-00,А-342 (МП-1),,,,,,,"16
пн",Консультация,10-30,А-63 (МП-1),,Консультация,10-30,А-63 (МП-1),,Консультация,10-30,А-63 (МП-1),,Консультация,10-30,А-63 (МП-1),,,"16
пн",Консультация,10-30,А-63 (МП-1),,Консультация,10-30,А-63 (МП-1),,Консультация,10-30,А-63 (МП-1),,Консультация,10-30,А-63 (МП-1),,,"16
пн",Консультация,10-30,А-63 (МП-1),,,,,,,,,,,,,
,,,,,,Программирование на языке Джава,,,,Программирование на языке Джава,,,,Программирование на языке Джава,,,,,,Программирование на языке Джава,,,,Программирование на языке Джава,,,,Программирование на языке Джава,,,,Программирование на языке Джава,,,,,,Программирование на языке Джава,,,,Программирование на языке Джава,,,,Программирование на языке Джава,,,,Программирование на языке Джава,,,,,,,,,,,,,,Архитектура операционных систем мобильных устройств,,,,Архитектура операционных систем мобильных устройств,,,,,,Архитектура операционных систем мобильных устройств,,,,Архитектура операционных систем мобильных устройств,,,,Архитектура операционных систем мобильных устройств,,,,,,,,,,,,,,,,,,,,,,,,,,,,,,,,,,,,,,,,,,,,,,,,,,,,,,,,,,,,,,,,Философия,,,,Программирование на языке Джава,,,,Программирование на языке Джава,,,,Программирование на языке Джава,,,,,,Программирование на языке Джава,,,,Программирование на языке Джава,,,,Программирование на языке Джава,,,,Программирование на языке Джава,,,,,,Программирование на языке Джава,,,,Программирование на языке Джава,,,,,,,,,,,,,,,,,,Философия,,,,Философия,,,,,,,,,,Философия,,,,Философия,,,,Философия,,,,Философия,,,,,,Философия,,,,Философия,,,,Философия,,,,Философия,,,,,,Философия,,,,,,,,,,,,,,,
,,,,,,Зорина Н.В.,,,,Зорина Н.В.,,,,Зорина Н.В.,,,,,,Зорина Н.В.,,,,Зорина Н.В.,,,,Зорина Н.В.,,,,Зорина Н.В.,,,,,,Зорина Н.В.,,,,Зорина Н.В.,,,,Зорина Н.В.,,,,Зорина Н.В.,,,,,,,,,,,,,,Синицын И.В.,,,,Синицын И.В.,,,,,,Синицын И.В.,,,,Синицын И.В.,,,,Синицын И.В.,,,,,,,,,,,,,,,,,,,,,,,,,,,,,,,,,,,,,,,,,,,,,,,,,,,,,,,,,,,,,,,,Солодухин Д.В.,,,,Зорина Н.В.,,,,Зорина Н.В.,,,,Зорина Н.В.,,,,,,Зорина Н.В.,,,,Зорина Н.В.,,,,Зорина Н.В.,,,,Зорина Н.В.,,,,,,Зорина Н.В.,,,,Зорина Н.В.,,,,,,,,,,,,,,,,,,Зубков Н.А.,,,,Арапов О.Г.,,,,,,,,,,Солодухин Д.В.,,,,Солодухин Д.В.,,,,Солодухин Д.В.,,,,Солодухин Д.В.,,,,,,Солодухин Д.В.,,,,Солодухин Д.В.,,,,Солодухин Д.В.,,,,Солодухин Д.В.,,,,,,Солодухин Д.В.,,,,,,,,,,,,,,,
,"17
вт",,,,,Экзамен,9-00,ивц-101,,Экзамен,10-40,ивц-101,,Экзамен,12-40,ивц-101,,,"17
вт",Экзамен,14-20,ивц-101,,Экзамен,16-20,ивц-101,,Экзамен,9-00,ивц-102,,Экзамен,10-40,ивц-102,,,"17
вт",Экзамен,12-40,ивц-102,,Экзамен,14-20,ивц-102,,Экзамен,16-20,ивц-102,,,,,,,"17
вт",,,,,,,,,,,,,,,,,,"17
вт",Экзамен,9-00,Г-301-б,,Экзамен,12-00,Г-301-б,,,,,,Консультация,10-40,А-4,,,"17
вт",Консультация,10-40,А-4,,Консультация,10-40,А-4,,,,,,,,,,,"17
вт",,,,,,,,,,,,,,,,,,"17
вт",Консультация,9-00,А-18,,Консультация,9-00,А-18,,Консультация,9-00,А-18,,Консультация,9-00,А-18,,,"17
вт",Консультация,9-00,А-18,,,,,,,,,,,,,,,"17
вт",,,,,,,,,,,,,,,,,,"17
вт",,,,,,,,,Экзамен,10-30,А-343 (МП-1),,Экзамен,13-30,А-343 (МП-1),,,"17
вт",Экзамен,9-00,А-401 (МП-1),,,,,,,,,,,,,,,"17
вт",Экзамен,9-00,А-400 (МП-1),,Экзамен,12-00,А-401 (МП-1),,,,,,,,,,,"17
вт",,,,,,,,,Экзамен,13-00,А-400 (МП-1),,,,,,,"17
вт",Экзамен,15-00,А-342 (МП-1),,,,,,,,,,,,,
,,,,,,Программирование на языке Джава,,,,Программирование на языке Джава,,,,Программирование на языке Джава,,,,,,Программирование на языке Джава,,,,Программирование на языке Джава,,,,Программирование на языке Джава,,,,Программирование на языке Джава,,,,,,Программирование на языке Джава,,,,Программирование на языке Джава,,,,Программирование на языке Джава,,,,,,,,,,,,,,,,,,,,,,,,,,,,Архитектура операционных систем мобильных устройств,,,,Архитектура операционных систем мобильных устройств,,,,,,,,Архитектура операционных систем мобильных устройств,,,,,,Архитектура операционных систем мобильных устройств,,,,Архитектура операционных систем мобильных устройств,,,,,,,,,,,,,,,,,,,,,,,,,,,,,,,,Структуры и алгоритмы обработки данных,,,,Структуры и алгоритмы обработки данных,,,,Структуры и алгоритмы обработки данных,,,,Структуры и алгоритмы обработки данных,,,,,,Структуры и алгоритмы обработки данных,,,,,,,,,,,,,,,,,,,,,,,,,,,,,,,,,,,,,,,,,,,,Философия,,,,Философия,,,,,,Философия,,,,,,,,,,,,,,,,,,Философия,,,,Философия,,,,,,,,,,,,,,,,,,,,,,Философия,,,,,,,,,,Философия,,,,,,,,,,,,,,,
,,,,,,,,,,,,,,,,,,,,,,,,,,,,,,,,,,,,,,,,,,,,,,,,,,,,,,,,,,,,,,,,,,,,,,,,,,,,,,,,,,,,,,Гончаренко А.Н.,,,,,,Гончаренко А.Н.,,,,Гончаренко А.Н.,,,,,,,,,,,,,,,,,,,,,,,,,,,,,,,,Сартаков М.В.,,,,Сартаков М.В.,,,,Сартаков М.В.,,,,Сартаков М.В.,,,,,,Сартаков М.В.,,,,,,,,,,,,,,,,,,,,,,,,,,,,,,,,,,,,,,,,,,,,Солодухин Д.В.,,,,Солодухин Д.В.,,,,,,Гладышева Е.В.,,,,,,,,,,,,,,,,,,Тогузова Л.И.,,,,Гладышева Е.В.,,,,,,,,,,,,,,,,,,,,,,Калинин Д.В.,,,,,,,,,,Арапов О.Г.,,,,,,,,,,,,,,,
,"18
ср",,,,,,,,,,,,,,,,,,"18
ср",,,,,,,,,,,,,,,,,,"18
ср",,,,,,,,,,,,,Экзамен,16-20,ивц-102,,,"18
ср",,,,,,,,,,,,,Экзамен,12-00,Г-301-б,,,"18
ср",,,,,,,,,Экзамен,9-00,Г-301-б,,Экзамен,9-00,Г-301-в,,,"18
ср",Экзамен,12-00,Г-301-в,,,,,,,,,,,,,,,"18
ср",,,,,,,,,,,,,,,,,,"18
ср",Экзамен,9-00,ивц-106,,Экзамен,10-40,ивц-106,,Экзамен,12-40,ивц-106,,Экзамен,14-20,ивц-106,,,"18
ср",Экзамен,16-20,ивц-106,,Экзамен,9-00,ивц-101,,Экзамен,10-40,ивц-101,,Экзамен,12-40,ивц-101,,,"18
ср",Экзамен,14-20,ивц-101,,Экзамен,16-20,ивц-101,,Экзамен,9-00,ивц-102,,Экзамен,10-40,ивц-102,,,"18
ср",Экзамен,12-40,ивц-102,,Экзамен,14-20,ивц-102,,,,,,,,,,,"18
ср",,,,,,,,,,,,,,,,,,"18
ср",,,,,,,,,,,,,Экзамен,10-00,А-401 (МП-1),,,"18
ср",Экзамен,9-00,А-344 (МП-1),,,,,,,,,,Экзамен,12-00,А-344 (МП-1),,,"18
ср",,,,,,,,,,,,,,,,
,,,,,,,,,,,,,,,,,,,,,,,,,,,,,,,,,,,,,,,,,,,,,,,,,,Программирование на языке Джава,,,,,,,,,,,,,,,,,,Архитектура операционных систем мобильных устройств,,,,,,,,,,,,,,Архитектура операционных систем мобильных устройств,,,,Архитектура операционных систем мобильных устройств,,,,,,Архитектура операционных систем мобильных устройств,,,,,,,,,,,,,,,,,,,,,,,,,,,,,,,,,,,,Структуры и алгоритмы обработки данных,,,,Структуры и алгоритмы обработки данных,,,,Структуры и алгоритмы обработки данных,,,,Структуры и алгоритмы обработки данных,,,,,,Структуры и алгоритмы обработки данных,,,,Программирование на языке Джава,,,,Программирование на языке Джава,,,,Программирование на языке Джава,,,,,,Программирование на языке Джава,,,,Программирование на языке Джава,,,,Программирование на языке Джава,,,,Программирование на языке Джава,,,,,,Программирование на языке Джава,,,,Программирование на языке Джава,,,,,,,,,,,,,,,,,,,,,,,,,,,,,,,,,,,,,,,,,,,,Философия,,,,,,Философия,,,,,,,,,,,,Философия,,,,,,,,,,,,,,,,,,,,,
,,,,,,,,,,,,,,,,,,,,,,,,,,,,,,,,,,,,,,,,,,,,,,,,,,,,,,,,,,,,,,,,,,,,,,,,,,,,,,,,,,,,,,Гончаренко А.Н.,,,,,,Гончаренко А.Н.,,,,,,,,,,,,,,,,,,,,,,,,,,,,,,,,,,,,,,,,,,,,,,,,,,,,,,,,,,,,,,,,,,,,,,,,,,,,,,,,,,,,,,,,,,,,,,,,,,,,,,,,,,,,,,,,,,,,,,,,,,,,,,,,,,,,,,,,,,Гладышева Е.В.,,,,,,Солодухин Д.В.,,,,,,,,,,,,Солодухин Д.В.,,,,,,,,,,,,,,,,,,,,,
,"19
чт",,,,,,,,,,,,,,,,,,"19
чт",,,,,,,,,,,,,,,,,,"19
чт",,,,,Консультация,10-30,А-10,,Консультация,10-30,А-10,,Консультация,10-30,А-10,,,"19
чт",Консультация,10-30,А-10,,Консультация,10-30,А-10,,Экзамен,9-00,Г-301-б,,,,,,,"19
чт",Консультация,10-30,А-4,,,,,,,,,,,,,,,"19
чт",,,,,Экзамен,14-00,Г-301-б,,Консультация,12-00,А-11,,Консультация,9-00,А-9,,,"19
чт",Консультация,9-00,А-9,,Консультация,10-30,А-4,,Консультация,9-00,А-9,,Консультация,9-00,А-9,,,"19
чт",Консультация,9-00,А-9,,Консультация,9-00,А-9,,Консультация,9-00,А-9,,Консультация,12-00,А-11,,,"19
чт",Консультация,10-30,А-4,,Консультация,13-30,А-11,,Консультация,13-30,А-11,,Консультация,13-30,А-11,,,"19
чт",Консультация,13-30,А-11,,Консультация,13-30,А-11,,Консультация,12-00,А-11,,Консультация,12-00,А-11,,,"19
чт",Консультация,12-00,А-11,,Консультация,12-00,А-11,,Консультация,10-30,А-9,,Консультация,10-30,А-9,,,"19
чт",Консультация,10-30,А-9,,Консультация,10-30,А-9,,Консультация,10-30,А-9,,Консультация,10-30,А-9,,,"19
чт",Курсовая работа,9-00,И-203-а,,,,,,Экзамен,12-30,А-401 (МП-1),,Курсовая работа,12-00,И-203-а,,,"19
чт",,,,,Экзамен,15-00,А-401 (МП-1),,,,,,,,,,,"19
чт",,,,,,,,,,,,,,,,
,,,,,,,,,,,,,,,,,,,,,,,,,,,,,,,,,,,,,,,,,,Теория формальных языков,,,,Теория формальных языков,,,,Теория формальных языков,,,,,,Теория формальных языков,,,,Теория формальных языков,,,,Архитектура операционных систем мобильных устройств,,,,,,,,,,Информатизация организаций атомной отрасли,,,,,,,,,,,,,,,,,,,,,,Архитектура операционных систем мобильных устройств,,,,Разработка клиентских частей интернет ресурсов,,,,Разработка модулей систем управления ресурсами предприятий,,,,,,Разработка модулей систем управления ресурсами предприятий,,,,Информатизация организаций атомной отрасли,,,,Разработка модулей систем управления ресурсами предприятий,,,,Разработка модулей систем управления ресурсами предприятий,,,,,,Разработка модулей систем управления ресурсами предприятий,,,,Разработка модулей систем управления ресурсами предприятий,,,,Разработка модулей систем управления ресурсами предприятий,,,,Разработка клиентских частей интернет ресурсов,,,,,,Информатизация организаций атомной отрасли,,,,Разработка клиентских частей интернет ресурсов,,,,Разработка клиентских частей интернет ресурсов,,,,Разработка клиентских частей интернет ресурсов,,,,,,Разработка клиентских частей интернет ресурсов,,,,Разработка клиентских частей интернет ресурсов,,,,Разработка клиентских частей интернет ресурсов,,,,Разработка клиентских частей интернет ресурсов,,,,,,Разработка клиентских частей интернет ресурсов,,,,Разработка клиентских частей интернет ресурсов,,,,Технологии организации обработки и хранения статистических данных,,,,Технологии организации обработки и хранения статистических данных,,,,,,Технологии организации обработки и хранения статистических данных,,,,Технологии организации обработки и хранения статистических данных,,,,Технологии организации обработки и хранения статистических данных,,,,Технологии организации обработки и хранения статистических данных,,,,,,Информационно-технологическая инфраструктура,,,,,,,,Философия,,,,Информационно-технологическая инфраструктура,,,,,,,,,,Философия,,,,,,,,,,,,,,,,,,,,,,,,,,,,,
,,,,,,,,,,,,,,,,,,,,,,,,,,,,,,,,,,,,,,,,,,Унгер А.Ю.,,,,Унгер А.Ю.,,,,Унгер А.Ю.,,,,,,Унгер А.Ю.,,,,Унгер А.Ю.,,,,,,,,,,,,,,,,,,,,,,,,,,,,,,,,,,,,Гончаренко А.Н.,,,,Матчин В.Т.,,,,Даева С.Г.,,,,,,Даева С.Г.,,,,Миронов А.И.,,,,Даева С.Г.,,,,Даева С.Г.,,,,,,Даева С.Г.,,,,Даева С.Г.,,,,Даева С.Г.,,,,Матчин В.Т.,,,,,,Миронов А.И.,,,,Матчин В.Т.,,,,Матчин В.Т.,,,,Матчин В.Т.,,,,,,Матчин В.Т.,,,,Матчин В.Т.,,,,Матчин В.Т.,,,,Матчин В.Т.,,,,,,Матчин В.Т.,,,,Матчин В.Т.,,,,Моралева А.А.,,,,Моралева А.А.,,,,,,Моралева А.А.,,,,Моралева А.А.,,,,Моралева А.А.,,,,Моралева А.А.,,,,,,Исаев Р.А.,,,,,,,,Арапова Э.А.,,,,Исаев Р.А.,,,,,,,,,,Арапова Э.А.,,,,,,,,,,,,,,,,,,,,,,,,,,,,,
,"20
пт",,,,,,,,,,,,,,,,,,"20
пт",,,,,,,,,,,,,,,,,,"20
пт",,,,,Экзамен,9-00,Г-112,,Экзамен,12-00,Г-112,,,,,,,"20
пт",,,,,,,,,,,,,,,,,,"20
пт",Экзамен,9-00,Д-313,,,,,,Консультация,9-00,А-18,,,,,,,"20
пт",,,,,,,,,Экзамен,9-00,Г-226-2,,Экзамен,9-00,Г-101,,,"20
пт",Экзамен,10-40,Г-101,,Экзамен,12-00,Д-313,,Экзамен,12-40,Г-101,,Экзамен,14-20,Г-101,,,"20
пт",,,,,,,,,,,,,Экзамен,10-40,Г-226-2,,,"20
пт",,,,,,,,,,,,,,,,,,"20
пт",,,,,,,,,,,,,Экзамен,12-40,Г-226-2,,,"20
пт",Экзамен,14-20,Г-226-2,,Экзамен,16-20,Г-226-2,,Экзамен,9-00,Г-426,,Экзамен,12-00,Г-426,,,"20
пт",Экзамен,15-00,Г-426,,,,,,,,,,,,,,,"20
пт",,,,,,,,,,,,,,,,,,"20
пт",,,,,,,,,Консультация,9-00,А-18,,Консультация,9-00,А-18,,,"20
пт",Консультация,9-00,А-18,,,,,,,,,,,,,
,,,,,,,,,,,,,,,,,,,,,,,,,,,,,,,,,,,,,,,,,,Теория формальных языков,,,,Теория формальных языков,,,,,,,,,,,,,,,,,,,,,,,,,,,,Информатизация организаций атомной отрасли,,,,,,,,Структуры и алгоритмы обработки данных,,,,,,,,,,,,,,,,,,Разработка клиентских частей интернет ресурсов,,,,Разработка модулей систем управления ресурсами предприятий,,,,,,Разработка модулей систем управления ресурсами предприятий,,,,Информатизация организаций атомной отрасли,,,,Разработка модулей систем управления ресурсами предприятий,,,,Разработка модулей систем управления ресурсами предприятий,,,,,,,,,,,,,,,,,,Разработка клиентских частей интернет ресурсов,,,,,,,,,,,,,,,,,,,,,,,,,,,,,,,,,,,,Разработка клиентских частей интернет ресурсов,,,,,,Разработка клиентских частей интернет ресурсов,,,,Разработка клиентских частей интернет ресурсов,,,,Технологии организации обработки и хранения статистических данных,,,,Технологии организации обработки и хранения статистических данных,,,,,,Технологии организации обработки и хранения статистических данных,,,,,,,,,,,,,,,,,,,,,,,,,,,,,,,,,,,,,,,,,,,,Структуры и алгоритмы обработки данных,,,,Структуры и алгоритмы обработки данных,,,,,,Структуры и алгоритмы обработки данных,,,,,,,,,,,,,,,
,,,,,,,,,,,,,,,,,,,,,,,,,,,,,,,,,,,,,,,,,,Унгер А.Ю.,,,,Унгер А.Ю.,,,,,,,,,,,,,,,,,,,,,,,,,,,,Миронов А.И.,,,,,,,,Скворцова Л.А.,,,,,,,,,,,,,,,,,,Матчин В.Т.,,,,Даева С.Г.,,,,,,Даева С.Г.,,,,Миронов А.И.,,,,Даева С.Г.,,,,Даева С.Г.,,,,,,,,,,,,,,,,,,Матчин В.Т.,,,,,,,,,,,,,,,,,,,,,,,,,,,,,,,,,,,,Матчин В.Т.,,,,,,Матчин В.Т.,,,,Матчин В.Т.,,,,,,,,,,,,,,,,,,,,,,,,,,,,,,,,,,,,,,,,,,,,,,,,,,,,,,,,,,Скворцова Л.А.,,,,Скворцова Л.А.,,,,,,Скворцова Л.А.,,,,,,,,,,,,,,,
,"21
сб",,,,,Консультация,13-30,К-8 (В-86),,Консультация,13-30,К-8 (В-86),,Консультация,13-30,К-8 (В-86),,,"21
сб",Консультация,13-30,К-8 (В-86),,Консультация,13-30,К-8 (В-86),,Консультация,13-30,К-8 (В-86),,Консультация,13-30,К-8 (В-86),,,"21
сб",Консультация,13-30,К-8 (В-86),,,,,,,,,,,,,,,"21
сб",Экзамен,9-00,Г-112,,Экзамен,12-00,Г-112,,,,,,,,,,,"21
сб",,,,,,,,,Экзамен,9-00,ивц-106,,,,,,,"21
сб",,,,,,,,,,,,,Консультация,13-30,А-11,,,"21
сб",Консультация,13-30,А-11,,Консультация,13-30,А-11,,Консультация,13-30,А-11,,Консультация,13-30,А-11,,,"21
сб",Экзамен,9-00,Г-101,,Экзамен,10-40,Г-101,,Экзамен,12-40,Г-101,,,,,,,"21
сб",Экзамен,9-00,Д-313,,Экзамен,9-00,Г-226-1,,Экзамен,10-40,Г-226-1,,Экзамен,12-40,Г-226-1,,,"21
сб",Экзамен,14-20,Г-226-1,,Экзамен,9-00,Г-226-2,,Экзамен,10-40,Г-226-2,,,,,,,"21
сб",,,,,,,,,,,,,,,,,,"21
сб",,,,,Экзамен,9-00,Г-426,,Экзамен,12-00,Г-426,,Экзамен,15-00,Г-426,,,"21
сб",,,,,,,,,,,,,,,,,,"21
сб",,,,,,,,,Экзамен,10-40,ивц-106,,Экзамен,12-40,ивц-106,,,"21
сб",Экзамен,14-20,ивц-106,,,,,,,,,,,,,
,,,,,,Электротехника,,,,Электротехника,,,,Электротехника,,,,,,Электротехника,,,,Электротехника,,,,Электротехника,,,,Электротехника,,,,,,Электротехника,,,,,,,,,,,,,,,,,,Теория формальных языков,,,,Теория формальных языков,,,,,,,,,,,,,,,,,,,,,,Структуры и алгоритмы обработки данных,,,,,,,,,,,,,,,,,,,,,,Структуры и алгоритмы обработки данных,,,,,,Структуры и алгоритмы обработки данных,,,,Структуры и алгоритмы обработки данных,,,,Структуры и алгоритмы обработки данных,,,,Структуры и алгоритмы обработки данных,,,,,,Разработка модулей систем управления ресурсами предприятий,,,,Разработка модулей систем управления ресурсами предприятий,,,,Разработка модулей систем управления ресурсами предприятий,,,,,,,,,,Информатизация организаций атомной отрасли,,,,Разработка клиентских частей интернет ресурсов,,,,Разработка клиентских частей интернет ресурсов,,,,Разработка клиентских частей интернет ресурсов,,,,,,Разработка клиентских частей интернет ресурсов,,,,Разработка клиентских частей интернет ресурсов,,,,Разработка клиентских частей интернет ресурсов,,,,,,,,,,,,,,,,,,,,,,,,,,,,,,,,Технологии организации обработки и хранения статистических данных,,,,Технологии организации обработки и хранения статистических данных,,,,Технологии организации обработки и хранения статистических данных,,,,,,,,,,,,,,,,,,,,,,,,,,,,,,,,Структуры и алгоритмы обработки данных,,,,Структуры и алгоритмы обработки данных,,,,,,Структуры и алгоритмы обработки данных,,,,,,,,,,,,,,,
,,,,,,Родюков М.С.,,,,Родюков М.С.,,,,Родюков М.С.,,,,,,Родюков М.С.,,,,Родюков М.С.,,,,Родюков М.С.,,,,Родюков М.С.,,,,,,Родюков М.С.,,,,,,,,,,,,,,,,,,Унгер А.Ю.,,,,Унгер А.Ю.,,,,,,,,,,,,,,,,,,,,,,,,,,,,,,,,,,,,,,,,,,,,Макеева О.В.,,,,,,Макеева О.В.,,,,Макеева О.В.,,,,Макеева О.В.,,,,Макеева О.В.,,,,,,Даева С.Г.,,,,Даева С.Г.,,,,Даева С.Г.,,,,,,,,,,Миронов А.И.,,,,Матчин В.Т.,,,,Матчин В.Т.,,,,Матчин В.Т.,,,,,,Матчин В.Т.,,,,Матчин В.Т.,,,,Матчин В.Т.,,,,,,,,,,,,,,,,,,,,,,,,,,,,,,,,,,,,,,,,,,,,,,,,,,,,,,,,,,,,,,,,,,,,,,,,,,,,,,,,,,,,,,,,,,,,,,,,,
,22,,,,,,,,,,,,,,,,,,22,,,,,,,,,,,,,,,,,,22,,,,,,,,,,,,,,,,,,22,,,,,,,,,,,,,,,,,,22,,,,,,,,,,,,,,,,,,22,,,,,,,,,,,,,,,,,,22,,,,,,,,,,,,,,,,,,22,,,,,,,,,,,,,,,,,,22,,,,,,,,,,,,,,,,,,22,,,,,,,,,,,,,,,,,,22,,,,,,,,,,,,,,,,,,22,,,,,,,,,,,,,,,,,,22,,,,,,,,,,,,,,,,,,22,,,,,,,,,,,,,,,,,,22,,,,,,,,,,,,,,,,
,"23
пн",,,,,Экзамен,10-30,М-105 (В-86),,Экзамен,13-30,М-105 (В-86),,,,,,,"23
пн",,,,,,,,,,,,,,,,,,"23
пн",,,,,,,,,,,,,Экзамен,10-00,Г-112,,,"23
пн",Консультация,9-00,А-16,,Консультация,9-00,А-16,,Консультация,9-00,А-16,,Консультация,9-00,А-16,,,"23
пн",Консультация,9-00,А-16,,Консультация,10-30,А-16,,Консультация,10-30,А-16,,,,,,,"23
пн",,,,,,,,,,,,,Экзамен,9-00,ивц-106,,,"23
пн",Экзамен,10-40,ивц-106,,Экзамен,12-40,ивц-106,,Экзамен,14-20,ивц-106,,Экзамен,16-20,ивц-106,,,"23
пн",,,,,,,,,,,,,,,,,,"23
пн",,,,,Консультация,15-00,А-61 (МП-1),,Консультация,15-00,А-61 (МП-1),,Консультация,15-00,А-61 (МП-1),,,"23
пн",Консультация,15-00,А-61 (МП-1),,Консультация,15-00,А-61 (МП-1),,Консультация,15-00,А-61 (МП-1),,Консультация,15-00,А-61 (МП-1),,,"23
пн",Консультация,15-00,А-61 (МП-1),,Консультация,15-00,А-61 (МП-1),,,,,,,,,,,"23
пн",Консультация,,,,Консультация,,,,Консультация,,,,Консультация,,,,,"23
пн",Консультация,9-00,А-10,,Консультация,9-00,А-10,,Консультация,9-00,А-10,,Консультация,9-00,А-10,,,"23
пн",Консультация,9-00,А-10,,Консультация,9-00,А-10,,Консультация,10-30,А-16,,Консультация,10-30,А-16,,,"23
пн",Консультация,10-30,А-16,,,,,,,,,,,,,
,,,,,,Электротехника,,,,Электротехника,,,,,,,,,,,,,,,,,,,,,,,,,,,,,,,,,,,,,,,,Теория формальных языков,,,,,,Программирование на языке Джава,,,,Программирование на языке Джава,,,,Программирование на языке Джава,,,,Программирование на языке Джава,,,,,,Программирование на языке Джава,,,,Программирование на языке Джава,,,,Программирование на языке Джава,,,,,,,,,,,,,,,,,,,,,,Структуры и алгоритмы обработки данных,,,,,,Структуры и алгоритмы обработки данных,,,,Структуры и алгоритмы обработки данных,,,,Структуры и алгоритмы обработки данных,,,,Структуры и алгоритмы обработки данных,,,,,,,,,,,,,,,,,,,,,,,,,,,,Философия,,,,Философия,,,,Философия,,,,,,Философия,,,,Философия,,,,Философия,,,,Философия,,,,,,Философия,,,,Философия,,,,,,,,,,,,,,Структуры и алгоритмы обработки данных,,,,Структуры и алгоритмы обработки данных,,,,Структуры и алгоритмы обработки данных,,,,Структуры и алгоритмы обработки данных,,,,,,Структуры и алгоритмы обработки данных,,,,Структуры и алгоритмы обработки данных,,,,Структуры и алгоритмы обработки данных,,,,Структуры и алгоритмы обработки данных,,,,,,Структуры и алгоритмы обработки данных,,,,Структуры и алгоритмы обработки данных,,,,Программирование на языке Джава,,,,Программирование на языке Джава,,,,,,Программирование на языке Джава,,,,,,,,,,,,,,,
,,,,,,Родюков М.С.,,,,Родюков М.С.,,,,,,,,,,,,,,,,,,,,,,,,,,,,,,,,,,,,,,,,Унгер А.Ю.,,,,,,Зорина Н.В.,,,,Зорина Н.В.,,,,Зорина Н.В.,,,,Зорина Н.В.,,,,,,Зорина Н.В.,,,,Зорина Н.В.,,,,Зорина Н.В.,,,,,,,,,,,,,,,,,,,,,,,,,,,,,,,,,,,,,,,,,,,,,,,,,,,,,,,,,,,,,,,,,,,,Арапов О.Г.,,,,Арапов О.Г.,,,,Арапов О.Г.,,,,,,Арапов О.Г.,,,,Арапов О.Г.,,,,Арапов О.Г.,,,,Арапов О.Г.,,,,,,Арапов О.Г.,,,,Арапов О.Г.,,,,,,,,,,,,,,Скворцова Л.А.,,,,Скворцова Л.А.,,,,Скворцова Л.А.,,,,Скворцова Л.А.,,,,,,Рысин М.Л.,,,,Рысин М.Л.,,,,Рысин М.Л.,,,,Рысин М.Л.,,,,,,Рысин М.Л.,,,,Рысин М.Л.,,,,Зорина Н.В.,,,,Зорина Н.В.,,,,,,Зорина Н.В.,,,,,,,,,,,,,,,
,"24
вт",,,,,,,,,,,,,Экзамен,10-30,М-105 (В-86),,,"24
вт",Экзамен,13-30,М-105 (В-86),,,,,,,,,,,,,,,"24
вт",,,,,,,,,,,,,,,,,,"24
вт",Экзамен,9-00,ивц-101,,Экзамен,10-40,ивц-101,,Экзамен,12-40,ивц-101,,Экзамен,14-20,ивц-101,,,"24
вт",Экзамен,16-20,ивц-101,,Экзамен,9-00,ивц-102,,Экзамен,10-40,ивц-102,,Консультация,10-30,А-16,,,"24
вт",Консультация,10-30,А-16,,Консультация,10-30,А-16,,Консультация,10-30,А-16,,,,,,,"24
вт",,,,,,,,,,,,,,,,,,"24
вт",,,,,,,,,,,,,,,,,,"24
вт",,,,,Экзамен,12-00,А-401 (МП-1),,Экзамен,12-00,А-301 (МП-1),,Экзамен,15-00,А-401 (МП-1),,,"24
вт",,,,,,,,,,,,,,,,,,"24
вт",Экзамен,15-00,А-301 (МП-1),,,,,,,,,,,,,,,"24
вт",Экзамен,9-00,ивц-106,,Экзамен,10-40,ивц-106,,Экзамен,12-40,ивц-106,,Экзамен,14-20,ивц-106,,,"24
вт",Экзамен,9-00,ивц-107,,Экзамен,10-40,ивц-107,,Экзамен,12-40,ивц-107,,Экзамен,14-20,ивц-107,,,"24
вт",,,,,,,,,Экзамен,12-40,ивц-102,,Экзамен,14-20,ивц-102,,,"24
вт",Экзамен,16-20,ивц-102,,,,,,,,,,,,,
,,,,,,,,,,,,,,Электротехника,,,,,,Электротехника,,,,,,,,,,,,,,,,,,,,,,,,,,,,,,,,,,,,Программирование на языке Джава,,,,Программирование на языке Джава,,,,Программирование на языке Джава,,,,Программирование на языке Джава,,,,,,Программирование на языке Джава,,,,Программирование на языке Джава,,,,Программирование на языке Джава,,,,Структуры и алгоритмы обработки данных,,,,,,Структуры и алгоритмы обработки данных,,,,Структуры и алгоритмы обработки данных,,,,Структуры и алгоритмы обработки данных,,,,,,,,,,,,,,,,,,,,,,,,,,,,,,,,,,,,,,,,,,,,,,,,,,Философия,,,,Философия,,,,Философия,,,,,,,,,,,,,,,,,,,,,,,,Философия,,,,,,,,,,,,,,,,,,Структуры и алгоритмы обработки данных,,,,Структуры и алгоритмы обработки данных,,,,Структуры и алгоритмы обработки данных,,,,Структуры и алгоритмы обработки данных,,,,,,Структуры и алгоритмы обработки данных,,,,Структуры и алгоритмы обработки данных,,,,Структуры и алгоритмы обработки данных,,,,Структуры и алгоритмы обработки данных,,,,,,,,,,,,,,Программирование на языке Джава,,,,Программирование на языке Джава,,,,,,Программирование на языке Джава,,,,,,,,,,,,,,,
,,,,,,,,,,,,,,Родюков М.С.,,,,,,Родюков М.С.,,,,,,,,,,,,,,,,,,,,,,,,,,,,,,,,,,,,,,,,,,,,,,,,,,,,,,,,,,,,,,,,,,Туманова М.Б.,,,,,,Туманова М.Б.,,,,Туманова М.Б.,,,,Туманова М.Б.,,,,,,,,,,,,,,,,,,,,,,,,,,,,,,,,,,,,,,,,,,,,,,,,,,Арапов О.Г.,,,,Гладышева Е.В.,,,,Арапов О.Г.,,,,,,,,,,,,,,,,,,,,,,,,Гладышева Е.В.,,,,,,,,,,,,,,,,,,,,,,,,,,,,,,,,,,,,,,,,,,,,,,,,,,,,,,,,,,,,,,,,,,,,,,,,,,,,,,,,,,,,,,,
,"25
ср",,,,,,,,,,,,,,,,,,"25
ср",,,,,Экзамен,10-30,М-105 (В-86),,Экзамен,13-30,М-105 (В-86),,,,,,,"25
ср",,,,,,,,,,,,,,,,,,"25
ср",,,,,,,,,,,,,,,,,,"25
ср",,,,,,,,,,,,,Экзамен,9-00,ивц-106,,,"25
ср",Экзамен,10-40,ивц-106,,Экзамен,12-40,ивц-106,,Экзамен,14-20,ивц-106,,Консультация,9-00,А-9,,,"25
ср",Консультация,9-00,А-9,,Консультация,9-00,А-9,,Консультация,9-00,А-9,,Консультация,9-00,А-9,,,"25
ср",Консультация,10-40,А-9,,Консультация,10-40,А-9,,Консультация,10-40,А-9,,Консультация,10-40,А-9,,,"25
ср",Консультация,10-40,А-9,,,,,,,,,,,,,,,"25
ср",,,,,,,,,Экзамен,10-00,А-301 (МП-1),,,,,,,"25
ср",,,,,,,,,Консультация,13-00,А-9,,Консультация,13-00,А-9,,,"25
ср",Консультация,13-00,А-9,,Консультация,13-00,А-9,,Консультация,13-00,А-9,,Консультация,13-00,А-9,,,"25
ср",,,,,,,,,,,,,,,,,,"25
ср",Экзамен,9-00,ивц-107,,Экзамен,10-40,ивц-107,,,,,,,,,,,"25
ср",,,,,,,,,,,,,,,,
,,,,,,,,,,,,,,,,,,,,,,,,Электротехника,,,,Электротехника,,,,,,,,,,,,,,,,,,,,,,,,,,,,,,,,,,,,,,,,,,,,,,,,,,,,,,,,,,Структуры и алгоритмы обработки данных,,,,,,Структуры и алгоритмы обработки данных,,,,Структуры и алгоритмы обработки данных,,,,Структуры и алгоритмы обработки данных,,,,Программирование на языке Джава,,,,,,Программирование на языке Джава,,,,Программирование на языке Джава,,,,Программирование на языке Джава,,,,Программирование на языке Джава,,,,,,Программирование на языке Джава,,,,Программирование на языке Джава,,,,Программирование на языке Джава,,,,Программирование на языке Джава,,,,,,Программирование на языке Джава,,,,,,,,,,,,,,,,,,,,,,,,,,Философия,,,,,,,,,,,,,,,,,,Программирование на языке Джава,,,,Программирование на языке Джава,,,,,,Программирование на языке Джава,,,,Программирование на языке Джава,,,,Программирование на языке Джава,,,,Программирование на языке Джава,,,,,,,,,,,,,,,,,,,,,,,,Структуры и алгоритмы обработки данных,,,,Структуры и алгоритмы обработки данных,,,,,,,,,,,,,,,,,,,,,,,,,,,,,
,,,,,,,,,,,,,,,,,,,,,,,,Родюков М.С.,,,,Родюков М.С.,,,,,,,,,,,,,,,,,,,,,,,,,,,,,,,,,,,,,,,,,,,,,,,,,,,,,,,,,,,,,,,,,,,,,,,,,,,,Алпатов А.Н.,,,,,,Алпатов А.Н.,,,,Алпатов А.Н.,,,,Алпатов А.Н.,,,,Алпатов А.Н.,,,,,,Алпатов А.Н.,,,,Алпатов А.Н.,,,,Алпатов А.Н.,,,,Алпатов А.Н.,,,,,,Алпатов А.Н.,,,,,,,,,,,,,,,,,,,,,,,,,,Калинин Д.В.,,,,,,,,,,,,,,,,,,Алпатов А.Н.,,,,Алпатов А.Н.,,,,,,Алпатов А.Н.,,,,Алпатов А.Н.,,,,Алпатов А.Н.,,,,Алпатов А.Н.,,,,,,,,,,,,,,,,,,,,,,,,,,,,,,,,,,,,,,,,,,,,,,,,,,,,,,,,,
,"26
чт",,,,,,,,,,,,,,,,,,"26
чт",,,,,,,,,,,,,Экзамен,10-30,М-105 (В-86),,,"26
чт",Экзамен,13-30,М-105 (В-86),,Консультация,12-00,А-10,,Консультация,12-00,А-10,,Консультация,12-00,А-10,,,"26
чт",Консультация,12-00,А-10,,Консультация,12-00,А-10,,Консультация,9-00,А-16,,Консультация,9-00,А-16,,,"26
чт",Консультация,9-00,А-16,,Консультация,9-00,А-16,,,,,,,,,,,"26
чт",,,,,,,,,,,,,Экзамен,9-00,ивц-103,,,"26
чт",Экзамен,10-40,ивц-103,,Экзамен,12-40,ивц-103,,Экзамен,14-20,ивц-103,,Экзамен,9-00,ивц-104,,,"26
чт",Экзамен,10-40,ивц-104,,Экзамен,12-40,ивц-104,,Экзамен,14-20,ивц-104,,,,,,,"26
чт",,,,,,,,,,,,,,,,,,"26
чт",Экзамен,9-00,А-344 (МП-1),,Экзамен,13-00,А-345 (МП-1),,,,,,Экзамен,16-00,А-345 (МП-1),,,"26
чт",,,,,Экзамен,12-00,А-344 (МП-1),,,,,,,,,,,"26
чт",,,,,,,,,,,,,,,,,,"26
чт",Консультация,9-00,А-10,,Консультация,9-00,А-10,,Консультация,9-00,А-10,,Консультация,9-00,А-10,,,"26
чт",Консультация,9-00,А-10,,Консультация,9-00,А-10,,,,,,,,,,,"26
чт",,,,,,,,,,,,,,,,
,,,,,,,,,,,,,,,,,,,,,,,,,,,,,,,,Электротехника,,,,,,Электротехника,,,,Структуры и алгоритмы обработки данных,,,,Структуры и алгоритмы обработки данных,,,,Структуры и алгоритмы обработки данных,,,,,,Структуры и алгоритмы обработки данных,,,,Структуры и алгоритмы обработки данных,,,,Структуры и алгоритмы обработки данных,,,,Структуры и алгоритмы обработки данных,,,,,,Структуры и алгоритмы обработки данных,,,,Структуры и алгоритмы обработки данных,,,,,,,,,,,,,,,,,,,,,,,,,,Программирование на языке Джава,,,,,,Программирование на языке Джава,,,,Программирование на языке Джава,,,,Программирование на языке Джава,,,,Программирование на языке Джава,,,,,,Программирование на языке Джава,,,,Программирование на языке Джава,,,,Программирование на языке Джава,,,,,,,,,,,,,,,,,,,,,,,,,,,,Философия,,,,Философия,,,,,,,,Философия,,,,,,,,,,Философия,,,,,,,,,,,,,,,,,,,,,,,,,,,,,,,,Информационно-технологическая инфраструктура,,,,Информационно-технологическая инфраструктура,,,,Информационно-технологическая инфраструктура,,,,Информационно-технологическая инфраструктура,,,,,,Информационно-технологическая инфраструктура,,,,Информационно-технологическая инфраструктура,,,,,,,,,,,,,,,,,,,,,,,,,,,,,
,,,,,,,,,,,,,,,,,,,,,,,,,,,,,,,,Родюков М.С.,,,,,,Родюков М.С.,,,,Грушицын А.С.,,,,Грушицын А.С.,,,,Грушицын А.С.,,,,,,Грушицын А.С.,,,,Грушицын А.С.,,,,Скворцова Л.А.,,,,Скворцова Л.А.,,,,,,Скворцова Л.А.,,,,Скворцова Л.А.,,,,,,,,,,,,,,,,,,,,,,,,,,,,,,,,,,,,,,,,,,,,,,,,,,,,,,,,,,,,,,,,,,,,,,,,,,,,,,,,,,,,,,Арапова Э.А.,,,,Солодухин Д.В.,,,,,,,,Солодухин Д.В.,,,,,,,,,,Арапова Э.А.,,,,,,,,,,,,,,,,,,,,,,,,,,,,,,,,Миронов А.Н.,,,,Миронов А.Н.,,,,Миронов А.Н.,,,,Миронов А.Н.,,,,,,Миронов А.Н.,,,,Миронов А.Н.,,,,,,,,,,,,,,,,,,,,,,,,,,,,,
,"27
пт",,,,,Консультация,9-00,А-16,,Консультация,9-00,А-16,,Консультация,9-00,А-16,,,"27
пт",Консультация,9-00,А-16,,Консультация,9-00,А-16,,,,,,,,,,,"27
пт",,,,,,,,,,,,,,,,,,"27
пт",,,,,,,,,Экзамен,9-00,ивц-106,,Экзамен,10-40,ивц-106,,,"27
пт",Экзамен,12-40,ивц-106,,Экзамен,14-20,ивц-106,,,,,,,,,,,"27
пт",,,,,,,,,,,,,,,,,,"27
пт",,,,,,,,,,,,,,,,,,"27
пт",,,,,,,,,,,,,Экзамен,12-40,ивц-104,,,"27
пт",Экзамен,14-20,ивц-104,,,,,,,,,,,,,,,"27
пт",,,,,,,,,Консультация,12-00,А-16,,Консультация,12-00,А-16,,,"27
пт",Консультация,12-00,А-16,,Консультация,12-00,А-16,,Экзамен,9-00,ивц-103,,Экзамен,10-40,ивц-103,,,"27
пт",Экзамен,12-40,ивц-103,,Экзамен,14-20,ивц-103,,Экзамен,9-00,ивц-104,,Экзамен,10-40,ивц-104,,,"27
пт",Экзамен,12-00,И-203-а,,Экзамен,15-00,И-203-а,,Экзамен,9-00,И-203-а,,,,,,,"27
пт",,,,,,,,,,,,,,,,,,"27
пт",,,,,,,,,,,,,,,,
,,,,,,Теория автоматов,,,,Теория автоматов,,,,Теория автоматов,,,,,,Теория автоматов,,,,Теория автоматов,,,,,,,,,,,,,,,,,,,,,,,,,,,,,,,,,,,,,,,,Структуры и алгоритмы обработки данных,,,,Структуры и алгоритмы обработки данных,,,,,,Структуры и алгоритмы обработки данных,,,,Структуры и алгоритмы обработки данных,,,,,,,,,,,,,,,,,,,,,,,,,,,,,,,,,,,,,,,,,,,,,,,,,,,,,,,,,,,,,,Программирование на языке Джава,,,,,,Программирование на языке Джава,,,,,,,,,,,,,,,,,,,,,,,,,,Структуры и алгоритмы обработки данных,,,,Структуры и алгоритмы обработки данных,,,,,,Структуры и алгоритмы обработки данных,,,,Структуры и алгоритмы обработки данных,,,,Программирование на языке Джава,,,,Программирование на языке Джава,,,,,,Программирование на языке Джава,,,,Программирование на языке Джава,,,,Программирование на языке Джава,,,,Программирование на языке Джава,,,,,,Информационно-технологическая инфраструктура,,,,Информационно-технологическая инфраструктура,,,,Информационно-технологическая инфраструктура,,,,,,,,,,,,,,,,,,,,,,,,,,,,,,,,,,,,,,,,,,,
,,,,,,Лозовский В.В.,,,,Лозовский В.В.,,,,Лозовский В.В.,,,,,,Лозовский В.В.,,,,Лозовский В.В.,,,,,,,,,,,,,,,,,,,,,,,,,,,,,,,,,,,,,,,,,,,,,,,,,,,,,,,,,,,,,,,,,,,,,,,,,,,,,,,,,,,,,,,,,,,,,,,,,,,,,,,,,,,,,,,,,,,,,,,,,,,,,,,,,,,,,,,,,,,,,,,,,,,,Красников С.А.,,,,Красников С.А.,,,,,,Красников С.А.,,,,Красников С.А.,,,,,,,,,,,,,,,,,,,,,,,,,,,,,,,,,,,,,,,,,,,,,,,,,,,,,,,,,,,,,,,,,,,,,,,,,,,,,,,,,,,
,"28
сб",,,,,Экзамен,9-00,Г-112,,Экзамен,12-00,Г-112,,,,,,,"28
сб",,,,,,,,,Консультация,9-00,А-16,,Консультация,9-00,А-16,,,"28
сб",Консультация,9-00,А-16,,Экзамен,9-00,ивц-106,,Экзамен,9-00,ивц-106,,Экзамен,9-00,ивц-106,,,"28
сб",Экзамен,9-00,ивц-106,,Экзамен,9-00,ивц-106,,Консультация,10-00,А-63 (МП-1),,Консультация,10-00,А-63 (МП-1),,,"28
сб",Консультация,10-00,А-63 (МП-1),,Консультация,10-00,А-63 (МП-1),,Консультация,10-00,А-63 (МП-1),,Консультация,10-00,А-63 (МП-1),,,"28
сб",Консультация,10-00,А-63 (МП-1),,Консультация,10-00,А-63 (МП-1),,Консультация,10-00,А-63 (МП-1),,,,,,,"28
сб",,,,,,,,,,,,,,,,,,"28
сб",,,,,,,,,,,,,,,,,,"28
сб",,,,,,,,,,,,,,,,,,"28
сб",,,,,,,,,,,,,,,,,,"28
сб",,,,,,,,,,,,,,,,,,"28
сб",,,,,,,,,,,,,,,,,,"28
сб",,,,,,,,,,,,,Экзамен,10-00,И-203-а,,,"28
сб",Экзамен,13-00,И-203-а,,Экзамен,16-00,И-203-а,,Консультация,9-00,А-16,,Консультация,9-00,А-16,,,"28
сб",Консультация,9-00,А-16,,,,,,,,,,,,,
,,,,,,Теория автоматов,,,,Теория автоматов,,,,,,,,,,,,,,,,,,Информационно-технологическая инфраструктура,,,,Информационно-технологическая инфраструктура,,,,,,Информационно-технологическая инфраструктура,,,,Структуры и алгоритмы обработки данных,,,,Структуры и алгоритмы обработки данных,,,,Структуры и алгоритмы обработки данных,,,,,,Структуры и алгоритмы обработки данных,,,,Структуры и алгоритмы обработки данных,,,,Философия,,,,Философия,,,,,,Философия,,,,Философия,,,,Философия,,,,Философия,,,,,,Философия,,,,Философия,,,,Философия,,,,,,,,,,,,,,,,,,,,,,,,,,,,,,,,,,,,,,,,,,,,,,,,,,,,,,,,,,,,,,,,,,,,,,,,,,,,,,,,,,,,,,,,,,,,,,,,,,,,,,,,,,,,,,,,,,,,,,,,,,,,,,,,,,Информационно-технологическая инфраструктура,,,,,,Информационно-технологическая инфраструктура,,,,Информационно-технологическая инфраструктура,,,,Информационно-технологическая инфраструктура,,,,Информационно-технологическая инфраструктура,,,,,,Информационно-технологическая инфраструктура,,,,,,,,,,,,,,,
,,,,,,Лозовский В.В.,,,,Лозовский В.В.,,,,,,,,,,,,,,,,,,Миронов А.Н.,,,,Миронов А.Н.,,,,,,Миронов А.Н.,,,,,,,,,,,,,,,,,,,,,,,,,,Арапова Э.А.,,,,Арапова Э.А.,,,,,,Арапова Э.А.,,,,Арапова Э.А.,,,,Арапова Э.А.,,,,Арапова Э.А.,,,,,,Арапова Э.А.,,,,Арапова Э.А.,,,,Арапова Э.А.,,,,,,,,,,,,,,,,,,,,,,,,,,,,,,,,,,,,,,,,,,,,,,,,,,,,,,,,,,,,,,,,,,,,,,,,,,,,,,,,,,,,,,,,,,,,,,,,,,,,,,,,,,,,,,,,,,,,,,,,,,,,,,,,,,,,,,,,,,,,,,,,Миронов А.Н.,,,,Миронов А.Н.,,,,,,Миронов А.Н.,,,,,,,,,,,,,,,
,29,,,,,,,,,,,,,,,,,,29,,,,,,,,,,,,,,,,,,29,,,,,,,,,,,,,,,,,,29,,,,,,,,,,,,,,,,,,29,,,,,,,,,,,,,,,,,,29,,,,,,,,,,,,,,,,,,29,,,,,,,,,,,,,,,,,,29,,,,,,,,,,,,,,,,,,29,,,,,,,,,,,,,,,,,,29,,,,,,,,,,,,,,,,,,29,,,,,,,,,,,,,,,,,,29,,,,,,,,,,,,,,,,,,29,,,,,,,,,,,,,,,,,,29,,,,,,,,,,,,,,,,,,29,,,,,,,,,,,,,,,,
,"30
пн",,,,,,,,,,,,,,,,,,"30
пн",Экзамен,9-00,Г-112,,Экзамен,12-00,Г-112,,,,,,,,,,,"30
пн",,,,,,,,,,,,,,,,,,"30
пн",,,,,,,,,Экзамен,9-00,А-63 (МП-1),,,,,,,"30
пн",Экзамен,15-00,А-63 (МП-1),,,,,,Экзамен,12-00,А-61 (МП-1),,Экзамен,15-00,А-61 (МП-1),,,"30
пн",Экзамен,10-30,А-401 (МП-1),,Экзамен,9-00,А-61 (МП-1),,Экзамен,12-00,А-63 (МП-1),,,,,,,"30
пн",,,,,,,,,,,,,,,,,,"30
пн",,,,,,,,,,,,,,,,,,"30
пн",,,,,,,,,,,,,,,,,,"30
пн",,,,,,,,,Экзамен,9-00,ивц-106,,Экзамен,10-40,ивц-106,,,"30
пн",Экзамен,12-40,ивц-106,,Экзамен,14-20,ивц-106,,,,,,,,,,,"30
пн",,,,,,,,,,,,,,,,,,"30
пн",,,,,,,,,,,,,,,,,,"30
пн",,,,,,,,,Экзамен,9-00,И-203-а,,Экзамен,12-00,И-203-а,,,"30
пн",Экзамен,15-00,И-203-а,,,,,,,,,,,,,
,,,,,,,,,,,,,,,,,,,,Теория автоматов,,,,Теория автоматов,,,,,,,,,,,,,,,,,,,,,,,,,,,,,,,,,,,,,,,,Философия,,,,,,,,,,Философия,,,,,,,,Философия,,,,Философия,,,,,,Философия,,,,Философия,,,,Философия,,,,,,,,,,,,,,,,,,,,,,,,,,,,,,,,,,,,,,,,,,,,,,,,,,,,,,,,,,,,,,,,,,,,,,,,Структуры и алгоритмы обработки данных,,,,Структуры и алгоритмы обработки данных,,,,,,Структуры и алгоритмы обработки данных,,,,Структуры и алгоритмы обработки данных,,,,,,,,,,,,,,,,,,,,,,,,,,,,,,,,,,,,,,,,,,,,,,,,,,,,,,,,,,Информационно-технологическая инфраструктура,,,,Информационно-технологическая инфраструктура,,,,,,Информационно-технологическая инфраструктура,,,,,,,,,,,,,,,
,,,,,,,,,,,,,,,,,,,,Лозовский В.В.,,,,Лозовский В.В.,,,,,,,,,,,,,,,,,,,,,,,,,,,,,,,,,,,,,,,,Арапов О.Г.,,,,,,,,,,Цибизова Л.А.,,,,,,,,Солодухин Д.В.,,,,Солодухин Д.В.,,,,,,Осипова А.М.,,,,Арапова Э.А.,,,,Арапов О.Г.,,,,,,,,,,,,,,,,,,,,,,,,,,,,,,,,,,,,,,,,,,,,,,,,,,,,,,,,,,,,,,,,,,,,,,,,,,,,,,,,,,,,,,,,,,,,,,,,,,,,,,,,,,,,,,,,,,,,,,,,,,,,,,,,,,,,,,,,,,,,,,,,,,,,,,,,,,,,,,,,,,,,,,,,,
,"31
вт",,,,,,,,,,,,,Экзамен,10-00,Г-112,,,"31
вт",,,,,,,,,Экзамен,9-00,И-203-а,,Экзамен,12-00,И-203-а,,,"31
вт",Экзамен,15-00,И-203-а,,,,,,,,,,,,,,,"31
вт",,,,,,,,,,,,,Экзамен,12-00,А-61 (МП-1),,,"31
вт",,,,,Экзамен,15-00,А-61 (МП-1),,,,,,,,,,,"31
вт",,,,,,,,,,,,,,,,,,"31
вт",,,,,,,,,,,,,,,,,,"31
вт",,,,,,,,,,,,,,,,,,"31
вт",,,,,,,,,,,,,,,,,,"31
вт",,,,,,,,,,,,,,,,,,"31
вт",,,,,,,,,,,,,,,,,,"31
вт",,,,,,,,,,,,,,,,,,"31
вт",,,,,,,,,,,,,,,,,,"31
вт",,,,,,,,,,,,,,,,,,"31
вт",,,,,,,,,,,,,,,,
,,,,,,,,,,,,,,Теория автоматов,,,,,,,,,,,,,,Информационно-технологическая инфраструктура,,,,Информационно-технологическая инфраструктура,,,,,,Информационно-технологическая инфраструктура,,,,,,,,,,,,,,,,,,,,,,,,,,,,,,Философия,,,,,,,,,,Философия,,,,,,,,,,,,,,,,,,,,,,,,,,,,,,,,,,,,,,,,,,,,,,,,,,,,,,,,,,,,,,,,,,,,,,,,,,,,,,,,,,,,,,,,,,,,,,,,,,,,,,,,,,,,,,,,,,,,,,,,,,,,,,,,,,,,,,,,,,,,,,,,,,,,,,,,,,,,,,,,,,,,,,,,,,,,,,,,,,,,,,,,,,,,,,,
,,,,,,,,,,,,,,Лозовский В.В.,,,,,,,,,,,,,,,,,,,,,,,,,,,,,,,,,,,,,,,,,,,,,,,,,,,,,,Солодухин Д.В.,,,,,,,,,,Солодухин Д.В.,,,,,,,,,,,,,,,,,,,,,,,,,,,,,,,,,,,,,,,,,,,,,,,,,,,,,,,,,,,,,,,,,,,,,,,,,,,,,,,,,,,,,,,,,,,,,,,,,,,,,,,,,,,,,,,,,,,,,,,,,,,,,,,,,,,,,,,,,,,,,,,,,,,,,,,,,,,,,,,,,,,,,,,,,,,,,,,,,,,,,,,,,,,,,,,
февраль,"01
ср",Прием академических задолженностей,,,,,,,,,,,,,,,,февраль,"01
ср",Прием академических задолженностей,,,,,,,,,,,,,,,,февраль,"01
ср",Прием академических задолженностей,,,,,,,,,,,,,,,,февраль,"01
ср",Прием академических задолженностей,,,,,,,,,,,,,,,,февраль,"01
ср",Прием академических задолженностей,,,,,,,,,,,,,,,,февраль,"01
ср",Прием академических задолженностей,,,,,,,,,,,,,,,,февраль,"01
ср",Прием академических задолженностей,,,,,,,,,,,,,,,,февраль,"01
ср",Прием академических задолженностей,,,,,,,,,,,,,,,,февраль,"01
ср",Прием академических задолженностей,,,,,,,,,,,,,,,,февраль,"01
ср",Прием академических задолженностей,,,,,,,,,,,,,,,,февраль,"01
ср",Прием академических задолженностей,,,,,,,,,,,,,,,,февраль,"01
ср",Прием академических задолженностей,,,,,,,,,,,,,,,,февраль,"01
ср",Прием академических задолженностей,,,,,,,,,,,,,,,,февраль,"01
ср",Прием академических задолженностей,,,,,,,,,,,,,,,,февраль,"01
ср",Прием академических задолженностей,,,,,,,,,,,,,,,
,,,,,,,,,,,,,,,,,,,,,,,,,,,,,,,,,,,,,,,,,,,,,,,,,,,,,,,,,,,,,,,,,,,,,,,,,,,,,,,,,,,,,,,,,,,,,,,,,,,,,,,,,,,,,,,,,,,,,,,,,,,,,,,,,,,,,,,,,,,,,,,,,,,,,,,,,,,,,,,,,,,,,,,,,,,,,,,,,,,,,,,,,,,,,,,,,,,,,,,,,,,,,,,,,,,,,,,,,,,,,,,,,,,,,,,,,,,,,,,,,,,,,,,,,,,,,,,,,,,,,,,,,,,,,
,,,,,,,,,,,,,,,,,,,,,,,,,,,,,,,,,,,,,,,,,,,,,,,,,,,,,,,,,,,,,,,,,,,,,,,,,,,,,,,,,,,,,,,,,,,,,,,,,,,,,,,,,,,,,,,,,,,,,,,,,,,,,,,,,,,,,,,,,,,,,,,,,,,,,,,,,,,,,,,,,,,,,,,,,,,,,,,,,,,,,,,,,,,,,,,,,,,,,,,,,,,,,,,,,,,,,,,,,,,,,,,,,,,,,,,,,,,,,,,,,,,,,,,,,,,,,,,,,,,,,,,,,,,,,
,Начальник  УМУ,,,,,О.Г. Савка,,,,,,,,,,,,,Начальник  УМУ,,,,,О.Г. Савка,,,,,,,,,,,,,Начальник  УМУ,,,,,О.Г. Савка,,,,,,,,,,,,,Начальник  УМУ,,,,,О.Г. Савка,,,,,,,,,,,,,Начальник  УМУ,,,,,О.Г. Савка,,,,,,,,,,,,,Начальник  УМУ,,,,,О.Г. Савка,,,,,,,,,,,,,Начальник  УМУ,,,,,О.Г. Савка,,,,,,,,,,,,,Начальник  УМУ,,,,,О.Г. Савка,,,,,,,,,,,,,Начальник  УМУ,,,,,О.Г. Савка,,,,,,,,,,,,,Начальник  УМУ,,,,,О.Г. Савка,,,,,,,,,,,,,Начальник  УМУ,,,,,О.Г. Савка,,,,,,,,,,,,,Начальник  УМУ,,,,,О.Г. Савка,,,,,,,,,,,,,Начальник  УМУ,,,,,О.Г. Савка,,,,,,,,,,,,,Начальник  УМУ,,,,,О.Г. Савка,,,,,,,,,,,,,Начальник  УМУ,,,,,О.Г. Савка,,,,,,,,,,,
