День недели,Группа,Unnamed: 2,Unnamed: 3,Unnamed: 4,УДБО-01-22,ДИП,"46.03.02 
СТУД ",30,Unnamed: 9,УИБО-01-22,ИТГУ,"38.03.05 
АП",30.1,Unnamed: 14,День недели.1,Группа.1,Unnamed: 17,Unnamed: 18,Unnamed: 19,УИБО-02-22,ИТГУ.1,"38.03.05 
АП.1",30.2,Unnamed: 24,УИБО-03-22,ИТГУ.2,"38.03.05 
АП.2",30.3,Unnamed: 29,День недели.2,Группа.2,Unnamed: 32,Unnamed: 33,Unnamed: 34,УИБО-04-22,ИТГУ.3,"38.03.05 
АП.3",30.4,Unnamed: 39,УИБО-05-22,ИТГУ.4,"38.03.05 
АП.4",30.5,Unnamed: 44,День недели.3,Группа.3,Unnamed: 47,Unnamed: 48,Unnamed: 49,УИБО-06-22,ИТГУ.5,"38.03.05 
АП.5",30.6,Unnamed: 54,УИБО-07-22,ИТГУ.6,"38.03.05 
АП.6",30.7,Unnamed: 59,День недели.4,Группа.4,Unnamed: 62,Unnamed: 63,Unnamed: 64,УИБО-08-22,ИТГУ.7,"38.03.05 
АП.7",30.8,Unnamed: 69,УИБО-09-22,ИТГУ.8,"38.03.05 
АП.8",30.9,Unnamed: 74,День недели.5,Группа.5,Unnamed: 77,Unnamed: 78,Unnamed: 79,УСБО-01-22,СММУ,"01.03.05
БА",30.10,Unnamed: 84,УСБО-02-22,СММУ.1,"01.03.05
БА.1",30.11,Unnamed: 89,День недели.6,Группа.6,Unnamed: 92,Unnamed: 93,Unnamed: 94,УЭБО-01-22,СТУ,"38.03.01
УРЛД",30.12,Unnamed: 99,УЭБО-02-22,СТУ.1,"38.03.01
ФА",30.13,Unnamed: 104,День недели.7,Группа.7,Unnamed: 107,Unnamed: 108,Unnamed: 109,УЭБО-03-22,СТУ.2,"38.03.01
ФА.1",30.14,Unnamed: 114,УЭБО-04-22,СТУ.3,"38.03.01
ФА.2",20,Unnamed: 119,День недели.8
,№ пары,"Нач.
занятий","Оконч.
занятий",Неделя,Дисциплина,"Вид
занятий",ФИО преподавателя,"№ 
ауд.",Ссылка,Дисциплина,"Вид
занятий",ФИО преподавателя,"№ 
ауд.",Ссылка,,№ пары,"Нач.
занятий","Оконч.
занятий",Неделя,Дисциплина,"Вид
занятий",ФИО преподавателя,"№ 
ауд.",Ссылка,Дисциплина,"Вид
занятий",ФИО преподавателя,"№ 
ауд.",Ссылка,,№ пары,"Нач.
занятий","Оконч.
занятий",Неделя,Дисциплина,"Вид
занятий",ФИО преподавателя,"№ 
ауд.",Ссылка,Дисциплина,"Вид
занятий",ФИО преподавателя,"№ 
ауд.",Ссылка,,№ пары,"Нач.
занятий","Оконч.
занятий",Неделя,Дисциплина,"Вид
занятий",ФИО преподавателя,"№ 
ауд.",Ссылка,Дисциплина,"Вид
занятий",ФИО преподавателя,"№ 
ауд.",Ссылка,,№ пары,"Нач.
занятий","Оконч.
занятий",Неделя,Дисциплина,"Вид
занятий",ФИО преподавателя,"№ 
ауд.",Ссылка,Дисциплина,"Вид
занятий",ФИО преподавателя,"№ 
ауд.",Ссылка,,№ пары,"Нач.
занятий","Оконч.
занятий",Неделя,Дисциплина,"Вид
занятий",ФИО преподавателя,"№ 
ауд.",Ссылка,Дисциплина,"Вид
занятий",ФИО преподавателя,"№ 
ауд.",Ссылка,,№ пары,"Нач.
занятий","Оконч.
занятий",Неделя,Дисциплина,"Вид
занятий",ФИО преподавателя,"№ 
ауд.",Ссылка,Дисциплина,"Вид
занятий",ФИО преподавателя,"№ 
ауд.",Ссылка,,№ пары,"Нач.
занятий","Оконч.
занятий",Неделя,Дисциплина,"Вид
занятий",ФИО преподавателя,"№ 
ауд.",Ссылка,Дисциплина,"Вид
занятий",ФИО преподавателя,"№ 
ауд.",Ссылка,
ПОНЕДЕЛЬНИК,1,9-00,10-30,I,"кр. 1 н. История (история России, всеобщая история)
",Л,Климочкина А.Ю.,ауд. А-206 (В-78),,,,,,,ПОНЕДЕЛЬНИК,1,9-00,10-30,I,"кр. 1 н. Философия
",П,Калинин Д.В.,ауд. А-301 (МП-1),,,,,,,ПОНЕДЕЛЬНИК,1,9-00,10-30,I,,,,,,,,,,,ПОНЕДЕЛЬНИК,1,9-00,10-30,I,"кр. 1 н. Микроэкономика
",Л,Клишо С.А.,ауд. А-12 (В-78),,"кр. 1 н. Микроэкономика
",Л,Клишо С.А.,ауд. А-12 (В-78),,ПОНЕДЕЛЬНИК,1,9-00,10-30,I,"кр. 1 н. Микроэкономика
",Л,Клишо С.А.,ауд. А-12 (В-78),,"кр. 1 н. Микроэкономика
",Л,Клишо С.А.,ауд. А-12 (В-78),,ПОНЕДЕЛЬНИК,1,9-00,10-30,I,"кр. 1 н. Микроэкономика
",Л,Клишо С.А.,ауд. А-12 (В-78),,"кр. 1 н. Микроэкономика
",Л,Клишо С.А.,ауд. А-12 (В-78),,ПОНЕДЕЛЬНИК,1,9-00,10-30,I,"кр. 1 н. Информатика
",Л,Грошева П.Ю.,ауд. А-17 (В-78),,"кр. 1 н. Информатика
",Л,Грошева П.Ю.,ауд. А-17 (В-78),,ПОНЕДЕЛЬНИК,1,9-00,10-30,I,"кр. 1 н. Информатика
",Л,Грошева П.Ю.,ауд. А-17 (В-78),,"кр. 1 н. Информатика
",Л,Грошева П.Ю.,ауд. А-17 (В-78),,ПОНЕДЕЛЬНИК
ПОНЕДЕЛЬНИК,1,9-00,10-30,II,,,,,,,,,,,ПОНЕДЕЛЬНИК,1,9-00,10-30,II,,,,,,,,,,,ПОНЕДЕЛЬНИК,1,9-00,10-30,II,,,,,,,,,,,ПОНЕДЕЛЬНИК,1,9-00,10-30,II,"Микроэкономика
",Л,Клишо С.А.,ауд. А-12 (В-78),,"Микроэкономика
",Л,Клишо С.А.,ауд. А-12 (В-78),,ПОНЕДЕЛЬНИК,1,9-00,10-30,II,"Микроэкономика
",Л,Клишо С.А.,ауд. А-12 (В-78),,"Микроэкономика
",Л,Клишо С.А.,ауд. А-12 (В-78),,ПОНЕДЕЛЬНИК,1,9-00,10-30,II,"Микроэкономика
",Л,Клишо С.А.,ауд. А-12 (В-78),,"Микроэкономика
",Л,Клишо С.А.,ауд. А-12 (В-78),,ПОНЕДЕЛЬНИК,1,9-00,10-30,II,"Линейная алгебра
",Л,Студеникина Л.И.,ауд. А-11 (В-78),,"Линейная алгебра
",Л,Студеникина Л.И.,ауд. А-11 (В-78),,ПОНЕДЕЛЬНИК,1,9-00,10-30,II,"Линейная алгебра
",Л,Студеникина Л.И.,ауд. А-11 (В-78),,"Линейная алгебра
",Л,Студеникина Л.И.,ауд. А-11 (В-78),,ПОНЕДЕЛЬНИК
ПОНЕДЕЛЬНИК,2,10-40,12-10,I,"кр. 1 н. История (история России, всеобщая история)
",П,Климочкина А.Ю.,ауд. А-206 (В-78),,,,,,,ПОНЕДЕЛЬНИК,2,10-40,12-10,I,,,,,,,,,,,ПОНЕДЕЛЬНИК,2,10-40,12-10,I,,,,,,,,,,,ПОНЕДЕЛЬНИК,2,10-40,12-10,I,,,,,,"кр. 1 н. Общая теория систем
",П,Миронов А.А.,комп. И-202-б (В-78),,ПОНЕДЕЛЬНИК,2,10-40,12-10,I,"кр. 1 н. Информатика
",П,,комп. И-204-в (В-78),,"кр. 1 н. Линейная алгебра
",П,Тихомирова А.В.,ауд. А-325 (В-78),,ПОНЕДЕЛЬНИК,2,10-40,12-10,I,"кр. 1 н. Микроэкономика
",П,Клишо С.А.,ауд. А-177 (В-78),,"кр. 1 н. Математический анализ
",П,Михайлова О.Ю.,ауд. А-177-1 (В-78),,ПОНЕДЕЛЬНИК,2,10-40,12-10,I,"кр. 1 н. Экономическая теория
",П,Черноризова Н.В.,ауд. А-324 (В-78),,"кр. 1 н. Математический анализ
",П,Студеникина Л.И.,ауд. А-107 (В-78),,ПОНЕДЕЛЬНИК,2,10-40,12-10,I,"кр. 1 н. Физическая культура и спорт
",П,,физ. ФОК-11 (В-78),,"кр. 1 н. Экономическая теория
",П,Никулина С.А.,ауд. Д-208 (В-78),,ПОНЕДЕЛЬНИК
ПОНЕДЕЛЬНИК,2,10-40,12-10,II,,,,,,,,,,,ПОНЕДЕЛЬНИК,2,10-40,12-10,II,,,,,,,,,,,ПОНЕДЕЛЬНИК,2,10-40,12-10,II,,,,,,,,,,,ПОНЕДЕЛЬНИК,2,10-40,12-10,II,,,,,,"Правоведение
",П,Филаткина А.П.,ауд. А-206 (В-78),,ПОНЕДЕЛЬНИК,2,10-40,12-10,II,"Информатика
",П,,комп. И-204-в (В-78),,"Линейная алгебра
",П,Тихомирова А.В.,ауд. А-325 (В-78),,ПОНЕДЕЛЬНИК,2,10-40,12-10,II,"Микроэкономика
",П,Клишо С.А.,ауд. А-177 (В-78),,"Математический анализ
",П,Михайлова О.Ю.,ауд. А-177-1 (В-78),,ПОНЕДЕЛЬНИК,2,10-40,12-10,II,"Экономическая теория
",П,Черноризова Н.В.,ауд. А-324 (В-78),,"Математический анализ
",П,Студеникина Л.И.,ауд. А-107 (В-78),,ПОНЕДЕЛЬНИК,2,10-40,12-10,II,"Физическая культура и спорт
",П,,физ. ФОК-11 (В-78),,"Экономическая теория
",П,Никулина С.А.,ауд. Д-208 (В-78),,ПОНЕДЕЛЬНИК
ПОНЕДЕЛЬНИК,3,12-40,14-10,I,"кр. 1 н. История (история России, всеобщая история)
",П,Климочкина А.Ю.,ауд. А-220 (В-78),,"кр. 1 н. Информатика
",Л,Грошева П.Ю.,ауд. А-12 (В-78),,ПОНЕДЕЛЬНИК,3,12-40,14-10,I,"кр. 1 н. Информатика
",Л,Грошева П.Ю.,ауд. А-12 (В-78),,"кр. 1 н. Информатика
",Л,Грошева П.Ю.,ауд. А-12 (В-78),,ПОНЕДЕЛЬНИК,3,12-40,14-10,I,"кр. 1 н. Информатика
",Л,Грошева П.Ю.,ауд. А-12 (В-78),,"кр. 1 н. Информатика
",Л,Грошева П.Ю.,ауд. А-12 (В-78),,ПОНЕДЕЛЬНИК,3,12-40,14-10,I,,,,,,"кр. 1 н. Физическая культура и спорт
",П,,физ. ФОК-11 (В-78),,ПОНЕДЕЛЬНИК,3,12-40,14-10,I,,,,,,"кр. 1 н. Математический анализ
",П,Михайлова О.Ю.,ауд. А-182 (В-78),,ПОНЕДЕЛЬНИК,3,12-40,14-10,I,"кр. 1 н. Линейная алгебра
",П,Студеникина Л.И.,ауд. А-8 (В-78),,"кр. 1 н. Микроэкономика
",П,Клишо С.А.,ауд. А-429 (В-78),,ПОНЕДЕЛЬНИК,3,12-40,14-10,I,"кр. 1 н. Линейная алгебра
",П,Тихомирова А.В.,ауд. А-324 (В-78),,,,,,,ПОНЕДЕЛЬНИК,3,12-40,14-10,I,,,,,,"кр. 1 н. Правоведение
",П,Милкина Е.В.,ауд. А-221 (В-78),,ПОНЕДЕЛЬНИК
ПОНЕДЕЛЬНИК,3,12-40,14-10,II,,,,,,,,,,,ПОНЕДЕЛЬНИК,3,12-40,14-10,II,,,,,,,,,,,ПОНЕДЕЛЬНИК,3,12-40,14-10,II,,,,,,,,,,,ПОНЕДЕЛЬНИК,3,12-40,14-10,II,,,,,,"Физическая культура и спорт
",П,,физ. ФОК-11 (В-78),,ПОНЕДЕЛЬНИК,3,12-40,14-10,II,,,,,,"Математический анализ
",П,Михайлова О.Ю.,ауд. А-182 (В-78),,ПОНЕДЕЛЬНИК,3,12-40,14-10,II,"Линейная алгебра
",П,Студеникина Л.И.,ауд. А-8 (В-78),,"Микроэкономика
",П,Клишо С.А.,ауд. А-429 (В-78),,ПОНЕДЕЛЬНИК,3,12-40,14-10,II,"Линейная алгебра
",П,Тихомирова А.В.,ауд. А-324 (В-78),,"История экономических учений
",П,Черноризова Н.В.,ауд. А-181 (В-78),,ПОНЕДЕЛЬНИК,3,12-40,14-10,II,,,,,,,,,,,ПОНЕДЕЛЬНИК
ПОНЕДЕЛЬНИК,4,14-20,15-50,I,"кр. 1 н. Документная лингвистика
",П,,ауд. А-325 (В-78),,,,,,,ПОНЕДЕЛЬНИК,4,14-20,15-50,I,,,,,,"кр. 1 н. Микроэкономика
",П,Майоров И.Г.,ауд. А-328 (В-78),,ПОНЕДЕЛЬНИК,4,14-20,15-50,I,,,,,,,,,,,ПОНЕДЕЛЬНИК,4,14-20,15-50,I,,,,,,"кр. 1 н. Математический анализ
",П,Михайлова О.Ю.,ауд. А-177-1 (В-78),,ПОНЕДЕЛЬНИК,4,14-20,15-50,I,,,,,,"кр. 1 н. Микроэкономика
",П,Казанская И.В.,ауд. А-316 (В-78),,ПОНЕДЕЛЬНИК,4,14-20,15-50,I,,,,,,"кр. 1 н. Физическая культура и спорт
",П,,физ. ФОК-11 (В-78),,ПОНЕДЕЛЬНИК,4,14-20,15-50,I,"кр. 1 н. Математический анализ
",П,Студеникина Л.И.,ауд. А-324 (В-78),,,,,,,ПОНЕДЕЛЬНИК,4,14-20,15-50,I,,,,,,,,,,,ПОНЕДЕЛЬНИК
ПОНЕДЕЛЬНИК,4,14-20,15-50,II,,,,,,,,,,,ПОНЕДЕЛЬНИК,4,14-20,15-50,II,,,,,,"Микроэкономика
",П,Майоров И.Г.,ауд. А-328 (В-78),,ПОНЕДЕЛЬНИК,4,14-20,15-50,II,,,,,,"Правоведение
",П,Мазеин А.В.,ауд. А-205 (В-78),,ПОНЕДЕЛЬНИК,4,14-20,15-50,II,,,,,,"Математический анализ
",П,Михайлова О.Ю.,ауд. А-181 (В-78),,ПОНЕДЕЛЬНИК,4,14-20,15-50,II,,,,,,"Микроэкономика
",П,Казанская И.В.,ауд. А-316 (В-78),,ПОНЕДЕЛЬНИК,4,14-20,15-50,II,,,,,,"Физическая культура и спорт
",П,,физ. ФОК-11 (В-78),,ПОНЕДЕЛЬНИК,4,14-20,15-50,II,"Математический анализ
",П,Студеникина Л.И.,ауд. А-324 (В-78),,,,,,,ПОНЕДЕЛЬНИК,4,14-20,15-50,II,,,,,,,,,,,ПОНЕДЕЛЬНИК
ПОНЕДЕЛЬНИК,5,16-20,17-50,I,"кр. 1 н. Документная лингвистика
",П,,ауд. А-325 (В-78),,,,,,,ПОНЕДЕЛЬНИК,5,16-20,17-50,I,,,,,,,,,,,ПОНЕДЕЛЬНИК,5,16-20,17-50,I,,,,,,,,,,,ПОНЕДЕЛЬНИК,5,16-20,17-50,I,,,,,,"кр. 1 н. Микроэкономика
",П,Майоров И.Г.,ауд. А-321 (В-78),,ПОНЕДЕЛЬНИК,5,16-20,17-50,I,,,,,,"кр. 1 н. Иностранный язык

кр. 1 н. Иностранный язык
","П

П","

","ауд. И-318 (В-78)

ауд. И-330 (В-78)","

",ПОНЕДЕЛЬНИК,5,16-20,17-50,I,,,,,,"кр. 1 н. Линейная алгебра
",П,Студеникина Л.И.,ауд. А-324 (В-78),,ПОНЕДЕЛЬНИК,5,16-20,17-50,I,"кр. 1 н. Иностранный язык
",П,Катахова Н.В.,ауд. И-302 (В-78),,,,,,,ПОНЕДЕЛЬНИК,5,16-20,17-50,I,,,,,,,,,,,ПОНЕДЕЛЬНИК
ПОНЕДЕЛЬНИК,5,16-20,17-50,II,,,,,,"Общая теория систем
",Л,Миронов А.А.,ауд. А-9 (В-78),,ПОНЕДЕЛЬНИК,5,16-20,17-50,II,"Общая теория систем
",Л,Миронов А.А.,ауд. А-9 (В-78),,"Общая теория систем
",Л,Миронов А.А.,ауд. А-9 (В-78),,ПОНЕДЕЛЬНИК,5,16-20,17-50,II,"Общая теория систем
",Л,Миронов А.А.,ауд. А-9 (В-78),,"Общая теория систем
",Л,Миронов А.А.,ауд. А-9 (В-78),,ПОНЕДЕЛЬНИК,5,16-20,17-50,II,,,,,,"Микроэкономика
",П,Майоров И.Г.,ауд. А-321 (В-78),,ПОНЕДЕЛЬНИК,5,16-20,17-50,II,,,,,,"Иностранный язык

Иностранный язык
","П

П","

","ауд. И-318 (В-78)

ауд. И-330 (В-78)","

",ПОНЕДЕЛЬНИК,5,16-20,17-50,II,,,,,,"Линейная алгебра
",П,Студеникина Л.И.,ауд. А-324 (В-78),,ПОНЕДЕЛЬНИК,5,16-20,17-50,II,"Иностранный язык
",П,Катахова Н.В.,ауд. И-302 (В-78),,,,,,,ПОНЕДЕЛЬНИК,5,16-20,17-50,II,,,,,,,,,,,ПОНЕДЕЛЬНИК
ПОНЕДЕЛЬНИК,6,18-00,19-30,I,,,,,,,,,,,ПОНЕДЕЛЬНИК,6,18-00,19-30,I,,,,,,,,,,,ПОНЕДЕЛЬНИК,6,18-00,19-30,I,,,,,,,,,,,ПОНЕДЕЛЬНИК,6,18-00,19-30,I,,,,,,,,,,,ПОНЕДЕЛЬНИК,6,18-00,19-30,I,,,,,,,,,,,ПОНЕДЕЛЬНИК,6,18-00,19-30,I,,,,,,,,,,,ПОНЕДЕЛЬНИК,6,18-00,19-30,I,,,,,,,,,,,ПОНЕДЕЛЬНИК,6,18-00,19-30,I,,,,,,,,,,,ПОНЕДЕЛЬНИК
ПОНЕДЕЛЬНИК,6,18-00,19-30,II,,,,,,,,,,,ПОНЕДЕЛЬНИК,6,18-00,19-30,II,,,,,,,,,,,ПОНЕДЕЛЬНИК,6,18-00,19-30,II,,,,,,,,,,,ПОНЕДЕЛЬНИК,6,18-00,19-30,II,,,,,,,,,,,ПОНЕДЕЛЬНИК,6,18-00,19-30,II,,,,,,,,,,,ПОНЕДЕЛЬНИК,6,18-00,19-30,II,,,,,,,,,,,ПОНЕДЕЛЬНИК,6,18-00,19-30,II,,,,,,,,,,,ПОНЕДЕЛЬНИК,6,18-00,19-30,II,,,,,,,,,,,ПОНЕДЕЛЬНИК
ПОНЕДЕЛЬНИК,7,19-40,21-10,I,,,,,,,,,,,ПОНЕДЕЛЬНИК,7,19-40,21-10,I,,,,,,,,,,,ПОНЕДЕЛЬНИК,7,19-40,21-10,I,,,,,,,,,,,ПОНЕДЕЛЬНИК,7,19-40,21-10,I,,,,,,,,,,,ПОНЕДЕЛЬНИК,7,19-40,21-10,I,,,,,,,,,,,ПОНЕДЕЛЬНИК,7,19-40,21-10,I,,,,,,,,,,,ПОНЕДЕЛЬНИК,7,19-40,21-10,I,,,,,,,,,,,ПОНЕДЕЛЬНИК,7,19-40,21-10,I,,,,,,,,,,,ПОНЕДЕЛЬНИК
ПОНЕДЕЛЬНИК,7,19-40,21-10,II,,,,,,,,,,,ПОНЕДЕЛЬНИК,7,19-40,21-10,II,,,,,,,,,,,ПОНЕДЕЛЬНИК,7,19-40,21-10,II,,,,,,,,,,,ПОНЕДЕЛЬНИК,7,19-40,21-10,II,,,,,,,,,,,ПОНЕДЕЛЬНИК,7,19-40,21-10,II,,,,,,,,,,,ПОНЕДЕЛЬНИК,7,19-40,21-10,II,,,,,,,,,,,ПОНЕДЕЛЬНИК,7,19-40,21-10,II,,,,,,,,,,,ПОНЕДЕЛЬНИК,7,19-40,21-10,II,,,,,,,,,,,ПОНЕДЕЛЬНИК
ВТОРНИК,1,9-00,10-30,I,,,,,,,,,,,ВТОРНИК,1,9-00,10-30,I,,,,,,,,,,,ВТОРНИК,1,9-00,10-30,I,,,,,,,,,,,ВТОРНИК,1,9-00,10-30,I,,,,,,,,,,,ВТОРНИК,1,9-00,10-30,I,,,,,,,,,,,ВТОРНИК,1,9-00,10-30,I,,,,,,"кр. 1 н. Информатика
",П,,комп. И-204-б (В-78),,ВТОРНИК,1,9-00,10-30,I,,,,,,,,,,,ВТОРНИК,1,9-00,10-30,I,,,,,,,,,,,ВТОРНИК
ВТОРНИК,1,9-00,10-30,II,,,,,,,,,,,ВТОРНИК,1,9-00,10-30,II,"Социология
",П,Тихонова С.В.,ауд. А-225 (МП-1),,,,,,,ВТОРНИК,1,9-00,10-30,II,"2 н. Правоведение
",П,Мазеин А.В.,ауд. А-219 (В-78),,,,,,,ВТОРНИК,1,9-00,10-30,II,,,,,,,,,,,ВТОРНИК,1,9-00,10-30,II,,,,,,,,,,,ВТОРНИК,1,9-00,10-30,II,,,,,,,,,,,ВТОРНИК,1,9-00,10-30,II,,,,,,"Информатика
",П,,комп. И-204-б (В-78),,ВТОРНИК,1,9-00,10-30,II,,,,,,,,,,,ВТОРНИК
ВТОРНИК,2,10-40,12-10,I,,,,,,,,,,,ВТОРНИК,2,10-40,12-10,I,,,,,,,,,,,ВТОРНИК,2,10-40,12-10,I,,,,,,,,,,,ВТОРНИК,2,10-40,12-10,I,,,,,,,,,,,ВТОРНИК,2,10-40,12-10,I,"кр. 1 н. Социология
",П,Тихонова С.В.,ауд. А-346 (МП-1),,,,,,,ВТОРНИК,2,10-40,12-10,I,,,,,,"кр. 1 н. Информатика
",П,,комп. И-204-б (В-78),,ВТОРНИК,2,10-40,12-10,I,,,,,,,,,,,ВТОРНИК,2,10-40,12-10,I,,,,,,,,,,,ВТОРНИК
ВТОРНИК,2,10-40,12-10,II,,,,,,"Социология
",П,Тихонова С.В.,ауд. А-344 (МП-1),,ВТОРНИК,2,10-40,12-10,II,,,,,,,,,,,ВТОРНИК,2,10-40,12-10,II,,,,,,,,,,,ВТОРНИК,2,10-40,12-10,II,,,,,,,,,,,ВТОРНИК,2,10-40,12-10,II,,,,,,,,,,,ВТОРНИК,2,10-40,12-10,II,,,,,,,,,,,ВТОРНИК,2,10-40,12-10,II,,,,,,"Информатика
",П,,комп. И-204-б (В-78),,ВТОРНИК,2,10-40,12-10,II,,,,,,,,,,,ВТОРНИК
ВТОРНИК,3,12-40,14-10,I,,,,,,"кр. 1 н. Философия
",П,Солодухин Д.В.,ауд. А-343 (МП-1),,ВТОРНИК,3,12-40,14-10,I,,,,,,,,,,,ВТОРНИК,3,12-40,14-10,I,"кр. 1 н. Социология
",П,Тихонова С.В.,ауд. А-344 (МП-1),,"кр. 1 н. Философия
",П,Калинин Д.В.,ауд. А-342 (МП-1),,ВТОРНИК,3,12-40,14-10,I,,,,,,,,,,,ВТОРНИК,3,12-40,14-10,I,,,,,,,,,,,ВТОРНИК,3,12-40,14-10,I,,,,,,,,,,,ВТОРНИК,3,12-40,14-10,I,,,,,,,,,,,ВТОРНИК,3,12-40,14-10,I,,,,,,,,,,,ВТОРНИК
ВТОРНИК,3,12-40,14-10,II,,,,,,,,,,,ВТОРНИК,3,12-40,14-10,II,,,,,,"Социология
",П,Тихонова С.В.,ауд. А-344 (МП-1),,ВТОРНИК,3,12-40,14-10,II,,,,,,,,,,,ВТОРНИК,3,12-40,14-10,II,,,,,,,,,,,ВТОРНИК,3,12-40,14-10,II,,,,,,,,,,,ВТОРНИК,3,12-40,14-10,II,,,,,,,,,,,ВТОРНИК,3,12-40,14-10,II,,,,,,,,,,,ВТОРНИК,3,12-40,14-10,II,,,,,,,,,,,ВТОРНИК
ВТОРНИК,4,14-20,15-50,I,,,,,,"кр. 1 н. Философия
",Л,Солодухин Д.В.,ауд. А-63 (МП-1),,ВТОРНИК,4,14-20,15-50,I,"кр. 1 н. Философия
",Л,Солодухин Д.В.,ауд. А-63 (МП-1),,"кр. 1 н. Философия
",Л,Солодухин Д.В.,ауд. А-63 (МП-1),,ВТОРНИК,4,14-20,15-50,I,"кр. 1 н. Философия
",Л,Солодухин Д.В.,ауд. А-63 (МП-1),,"кр. 1 н. Философия
",Л,Солодухин Д.В.,ауд. А-63 (МП-1),,ВТОРНИК,4,14-20,15-50,I,"кр. 1 н. Социология
",П,Тихонова С.В.,ауд. А-344 (МП-1),,,,,,,ВТОРНИК,4,14-20,15-50,I,"кр. 1 н. Философия
",П,Цибизова Л.А.,ауд. А-345 (МП-1),,,,,,,ВТОРНИК,4,14-20,15-50,I,,,,,,,,,,,ВТОРНИК,4,14-20,15-50,I,,,,,,,,,,,ВТОРНИК,4,14-20,15-50,I,,,,,,,,,,,ВТОРНИК
ВТОРНИК,4,14-20,15-50,II,,,,,,,,,,,ВТОРНИК,4,14-20,15-50,II,,,,,,,,,,,ВТОРНИК,4,14-20,15-50,II,,,,,,,,,,,ВТОРНИК,4,14-20,15-50,II,"Социология
",Л,Тихонова С.В.,ауд. А-61 (МП-1),,"Социология
",Л,Тихонова С.В.,ауд. А-61 (МП-1),,ВТОРНИК,4,14-20,15-50,II,"Социология
",Л,Тихонова С.В.,ауд. А-61 (МП-1),,"Социология
",Л,Тихонова С.В.,ауд. А-61 (МП-1),,ВТОРНИК,4,14-20,15-50,II,"Социология
",Л,Тихонова С.В.,ауд. А-61 (МП-1),,"Социология
",Л,Тихонова С.В.,ауд. А-61 (МП-1),,ВТОРНИК,4,14-20,15-50,II,,,,,,,,,,,ВТОРНИК,4,14-20,15-50,II,,,,,,,,,,,ВТОРНИК
ВТОРНИК,5,16-20,17-50,I,"кр. 1 н. Философия
",Л,Солодухин Д.В.,ауд. А-61 (МП-1),,"кр. 1 н. Социология
",Л,Тихонова С.В.,ауд. А-63 (МП-1),,ВТОРНИК,5,16-20,17-50,I,"кр. 1 н. Социология
",Л,Тихонова С.В.,ауд. А-63 (МП-1),,"кр. 1 н. Социология
",Л,Тихонова С.В.,ауд. А-63 (МП-1),,ВТОРНИК,5,16-20,17-50,I,"кр. 1 н. Социология
",Л,Тихонова С.В.,ауд. А-63 (МП-1),,"кр. 1 н. Социология
",Л,Тихонова С.В.,ауд. А-63 (МП-1),,ВТОРНИК,5,16-20,17-50,I,"кр. 1 н. Философия
",Л,Солодухин Д.В.,ауд. А-61 (МП-1),,"кр. 1 н. Философия
",Л,Солодухин Д.В.,ауд. А-61 (МП-1),,ВТОРНИК,5,16-20,17-50,I,"кр. 1 н. Философия
",Л,Солодухин Д.В.,ауд. А-61 (МП-1),,"кр. 1 н. Философия
",Л,Солодухин Д.В.,ауд. А-61 (МП-1),,ВТОРНИК,5,16-20,17-50,I,,,,,,,,,,,ВТОРНИК,5,16-20,17-50,I,"кр. 1 н. Философия
",П,Цибизова Л.А.,ауд. А-225 (МП-1),,"кр. 1 н. Философия
",П,,ауд. А-344 (МП-1),,ВТОРНИК,5,16-20,17-50,I,,,,,,"кр. 1 н. Философия
",П,,ауд. А-345 (МП-1),,ВТОРНИК
ВТОРНИК,5,16-20,17-50,II,,,,,,,,,,,ВТОРНИК,5,16-20,17-50,II,,,,,,,,,,,ВТОРНИК,5,16-20,17-50,II,,,,,,,,,,,ВТОРНИК,5,16-20,17-50,II,,,,,,,,,,,ВТОРНИК,5,16-20,17-50,II,,,,,,"Социология
",П,Тихонова С.В.,ауд. А-345 (МП-1),,ВТОРНИК,5,16-20,17-50,II,,,,,,,,,,,ВТОРНИК,5,16-20,17-50,II,,,,,,,,,,,ВТОРНИК,5,16-20,17-50,II,,,,,,,,,,,ВТОРНИК
ВТОРНИК,6,18-00,19-30,I,,,,,,,,,,,ВТОРНИК,6,18-00,19-30,I,,,,,,"кр. 1 н. Философия
",П,Калинин Д.В.,ауд. А-401 (МП-1),,ВТОРНИК,6,18-00,19-30,I,,,,,,,,,,,ВТОРНИК,6,18-00,19-30,I,,,,,,"кр. 1 н. Социология
",П,Тихонова С.В.,ауд. А-225 (МП-1),,ВТОРНИК,6,18-00,19-30,I,,,,,,"кр. 1 н. Философия
",П,Цибизова Л.А.,ауд. А-301 (МП-1),,ВТОРНИК,6,18-00,19-30,I,,,,,,,,,,,ВТОРНИК,6,18-00,19-30,I,"кр. 1 н. Философия
",Л,Солодухин Д.В.,ауд. А-61 (МП-1),,"кр. 1 н. Философия
",Л,Солодухин Д.В.,ауд. А-61 (МП-1),,ВТОРНИК,6,18-00,19-30,I,"кр. 1 н. Философия
",Л,Солодухин Д.В.,ауд. А-61 (МП-1),,"кр. 1 н. Философия
",Л,Солодухин Д.В.,ауд. А-61 (МП-1),,ВТОРНИК
ВТОРНИК,6,18-00,19-30,II,,,,,,,,,,,ВТОРНИК,6,18-00,19-30,II,,,,,,,,,,,ВТОРНИК,6,18-00,19-30,II,,,,,,"Социология
",П,Тихонова С.В.,ауд. А-345 (МП-1),,ВТОРНИК,6,18-00,19-30,II,"Философия
",П,Тогузова Л.И.,ауд. А-301 (МП-1),,,,,,,ВТОРНИК,6,18-00,19-30,II,,,,,,,,,,,ВТОРНИК,6,18-00,19-30,II,,,,,,,,,,,ВТОРНИК,6,18-00,19-30,II,,,,,,,,,,,ВТОРНИК,6,18-00,19-30,II,"Философия
",П,Цибизова Л.А.,ауд. А-401 (МП-1),,,,,,,ВТОРНИК
ВТОРНИК,7,19-40,21-10,I,,,,,,,,,,,ВТОРНИК,7,19-40,21-10,I,,,,,,,,,,,ВТОРНИК,7,19-40,21-10,I,,,,,,,,,,,ВТОРНИК,7,19-40,21-10,I,,,,,,,,,,,ВТОРНИК,7,19-40,21-10,I,,,,,,,,,,,ВТОРНИК,7,19-40,21-10,I,,,,,,,,,,,ВТОРНИК,7,19-40,21-10,I,,,,,,,,,,,ВТОРНИК,7,19-40,21-10,I,,,,,,,,,,,ВТОРНИК
ВТОРНИК,7,19-40,21-10,II,,,,,,,,,,,ВТОРНИК,7,19-40,21-10,II,,,,,,,,,,,ВТОРНИК,7,19-40,21-10,II,,,,,,,,,,,ВТОРНИК,7,19-40,21-10,II,,,,,,,,,,,ВТОРНИК,7,19-40,21-10,II,,,,,,,,,,,ВТОРНИК,7,19-40,21-10,II,,,,,,,,,,,ВТОРНИК,7,19-40,21-10,II,,,,,,,,,,,ВТОРНИК,7,19-40,21-10,II,,,,,,,,,,,ВТОРНИК
СРЕДА,1,9-00,10-30,I,"кр. 1 н. История (история России, всеобщая история)
",П,Климочкина А.Ю.,ауд. А-213-м (В-78),,,,,,,СРЕДА,1,9-00,10-30,I,"кр. 1 н. Иностранный язык

кр. 1 н. Иностранный язык
","П

П","

","ауд. И-317 (В-78)

ауд. И-330 (В-78)","

",,,,,,СРЕДА,1,9-00,10-30,I,,,,,,,,,,,СРЕДА,1,9-00,10-30,I,"кр. 1 н. Математический анализ
",Л,Журавлева Е.В.,ауд. А-16 (В-78),,"кр. 1 н. Математический анализ
",Л,Журавлева Е.В.,ауд. А-16 (В-78),,СРЕДА,1,9-00,10-30,I,"кр. 1 н. Математический анализ
",Л,Журавлева Е.В.,ауд. А-16 (В-78),,"кр. 1 н. Математический анализ
",Л,Журавлева Е.В.,ауд. А-16 (В-78),,СРЕДА,1,9-00,10-30,I,,,,,,,,,,,СРЕДА,1,9-00,10-30,I,,,,,,"кр. 1 н. Иностранный язык
",П,Катахова Н.В.,ауд. И-310 (В-78),,СРЕДА,1,9-00,10-30,I,,,,,,,,,,,СРЕДА
СРЕДА,1,9-00,10-30,II,"История (история России, всеобщая история)
",Л,Климочкина А.Ю.,ауд. А-213-м (В-78),,,,,,,СРЕДА,1,9-00,10-30,II,"Иностранный язык

Иностранный язык
","П

П","

","ауд. И-317 (В-78)

ауд. И-330 (В-78)","

",,,,,,СРЕДА,1,9-00,10-30,II,,,,,,,,,,,СРЕДА,1,9-00,10-30,II,,,,,,,,,,,СРЕДА,1,9-00,10-30,II,,,,,,,,,,,СРЕДА,1,9-00,10-30,II,,,,,,,,,,,СРЕДА,1,9-00,10-30,II,,,,,,"Иностранный язык
",П,Катахова Н.В.,ауд. И-310 (В-78),,СРЕДА,1,9-00,10-30,II,,,,,,,,,,,СРЕДА
СРЕДА,2,10-40,12-10,I,"кр. 1 н. Документирование исторических источников
",Л,Клейтман А.Л.,ауд. А-206 (В-78),,,,,,,СРЕДА,2,10-40,12-10,I,"кр. 1 н. Микроэкономика
",П,Майоров И.Г.,ауд. А-177-1 (В-78),,"кр. 1 н. Правоведение
",П,Мазеин А.В.,ауд. А-222 (В-78),,СРЕДА,2,10-40,12-10,I,"кр. 1 н. Линейная алгебра
",П,Тихомирова А.В.,ауд. А-177 (В-78),,,,,,,СРЕДА,2,10-40,12-10,I,"кр. 1 н. Математический анализ
",П,Михайлова О.Ю.,ауд. А-325 (В-78),,,,,,,СРЕДА,2,10-40,12-10,I,"кр. 1 н. Правоведение
",П,Филаткина А.П.,ауд. А-205 (В-78),,,,,,,СРЕДА,2,10-40,12-10,I,,,,,,,,,,,СРЕДА,2,10-40,12-10,I,,,,,,"кр. 1 н. Физическая культура и спорт
",П,,физ. ФОК-11 (В-78),,СРЕДА,2,10-40,12-10,I,,,,,,,,,,,СРЕДА
СРЕДА,2,10-40,12-10,II,"Документирование исторических источников
",Л,Клейтман А.Л.,ауд. А-206 (В-78),,,,,,,СРЕДА,2,10-40,12-10,II,"Микроэкономика
",П,Майоров И.Г.,ауд. А-177-1 (В-78),,,,,,,СРЕДА,2,10-40,12-10,II,"Линейная алгебра
",П,Тихомирова А.В.,ауд. А-177 (В-78),,,,,,,СРЕДА,2,10-40,12-10,II,,,,,,,,,,,СРЕДА,2,10-40,12-10,II,,,,,,,,,,,СРЕДА,2,10-40,12-10,II,,,,,,,,,,,СРЕДА,2,10-40,12-10,II,,,,,,"Физическая культура и спорт
",П,,физ. ФОК-11 (В-78),,СРЕДА,2,10-40,12-10,II,"История экономических учений
",П,Черноризова Н.В.,ауд. А-222 (В-78),,,,,,,СРЕДА
СРЕДА,3,12-40,14-10,I,"кр. 1 н. Введение в профессиональную деятельность
",Л,Мальцева И.Ф.,ауд. А-328 (В-78),,"кр. 1 н. Микроэкономика
",Л,Майоров И.Г.,ауд. А-17 (В-78),,СРЕДА,3,12-40,14-10,I,"кр. 1 н. Микроэкономика
",Л,Майоров И.Г.,ауд. А-17 (В-78),,"кр. 1 н. Микроэкономика
",Л,Майоров И.Г.,ауд. А-17 (В-78),,СРЕДА,3,12-40,14-10,I,"кр. 1 н. Микроэкономика
",Л,Майоров И.Г.,ауд. А-17 (В-78),,"кр. 1 н. Микроэкономика
",Л,Майоров И.Г.,ауд. А-17 (В-78),,СРЕДА,3,12-40,14-10,I,"кр. 1 н. Математический анализ
",П,Михайлова О.Ю.,ауд. А-425 (В-78),,"кр. 1 н. Философия
",П,Цибизова Л.А.,ауд. А-343 (МП-1),,СРЕДА,3,12-40,14-10,I,"кр. 1 н. Общая теория систем
",П,Миронов А.А.,комп. ивц-116 (В-78),,,,,,,СРЕДА,3,12-40,14-10,I,,,,,,"кр. 1 н. История экономических учений
",П,Черноризова Н.В.,ауд. Д-210 (В-78),,СРЕДА,3,12-40,14-10,I,,,,,,"кр. 1 н. Правоведение
",П,Милкина Е.В.,ауд. А-220 (В-78),,СРЕДА,3,12-40,14-10,I,,,,,,,,,,,СРЕДА
СРЕДА,3,12-40,14-10,II,,,,,,"Микроэкономика
",Л,Майоров И.Г.,ауд. А-17 (В-78),,СРЕДА,3,12-40,14-10,II,"Микроэкономика
",Л,Майоров И.Г.,ауд. А-17 (В-78),,"Микроэкономика
",Л,Майоров И.Г.,ауд. А-17 (В-78),,СРЕДА,3,12-40,14-10,II,"Микроэкономика
",Л,Майоров И.Г.,ауд. А-17 (В-78),,"Микроэкономика
",Л,Майоров И.Г.,ауд. А-17 (В-78),,СРЕДА,3,12-40,14-10,II,,,,,,,,,,,СРЕДА,3,12-40,14-10,II,,,,,,,,,,,СРЕДА,3,12-40,14-10,II,,,,,,"Правоведение
",П,Милкина Е.В.,ауд. А-328 (В-78),,СРЕДА,3,12-40,14-10,II,"Русский язык и культура речи
",Л,Ульянова Э.Ф.,ауд. А-12 (В-78),,"Русский язык и культура речи
",Л,Ульянова Э.Ф.,ауд. А-12 (В-78),,СРЕДА,3,12-40,14-10,II,"Русский язык и культура речи
",Л,Ульянова Э.Ф.,ауд. А-12 (В-78),,"Русский язык и культура речи
",Л,Ульянова Э.Ф.,ауд. А-12 (В-78),,СРЕДА
СРЕДА,4,14-20,15-50,I,,,,,,,,,,,СРЕДА,4,14-20,15-50,I,,,,,,"кр. 1 н. Общая теория систем
",П,Миронов А.А.,комп. И-212-б (В-78),,СРЕДА,4,14-20,15-50,I,,,,,,,,,,,СРЕДА,4,14-20,15-50,I,,,,,,,,,,,СРЕДА,4,14-20,15-50,I,"кр. 1 н. Физическая культура и спорт
",П,,физ. ФОК-11 (В-78),,,,,,,СРЕДА,4,14-20,15-50,I,,,,,,"кр. 1 н. Иностранный язык

кр. 1 н. Иностранный язык
","П

П","

","ауд. И-326 (В-78)

ауд. И-320 (В-78)","

",СРЕДА,4,14-20,15-50,I,"кр. 1 н. Экономическая теория
",Л,Черноризова Н.В.,ауд. А-12 (В-78),,"кр. 1 н. Экономическая теория
",Л,Черноризова Н.В.,ауд. А-12 (В-78),,СРЕДА,4,14-20,15-50,I,"кр. 1 н. Экономическая теория
",Л,Черноризова Н.В.,ауд. А-12 (В-78),,"кр. 1 н. Экономическая теория
",Л,Черноризова Н.В.,ауд. А-12 (В-78),,СРЕДА
СРЕДА,4,14-20,15-50,II,,,,,,"Математический анализ
",Л,Журавлева Е.В.,ауд. А-17 (В-78),,СРЕДА,4,14-20,15-50,II,"Математический анализ
",Л,Журавлева Е.В.,ауд. А-17 (В-78),,"Математический анализ
",Л,Журавлева Е.В.,ауд. А-17 (В-78),,СРЕДА,4,14-20,15-50,II,"Математический анализ
",Л,Журавлева Е.В.,ауд. А-17 (В-78),,"Математический анализ
",Л,Журавлева Е.В.,ауд. А-17 (В-78),,СРЕДА,4,14-20,15-50,II,,,,,,,,,,,СРЕДА,4,14-20,15-50,II,"Физическая культура и спорт
",П,,физ. ФОК-11 (В-78),,,,,,,СРЕДА,4,14-20,15-50,II,,,,,,"Иностранный язык

Иностранный язык
","П

П","

","ауд. И-326 (В-78)

ауд. И-320 (В-78)","

",СРЕДА,4,14-20,15-50,II,"Экономическая теория
",Л,Черноризова Н.В.,ауд. А-12 (В-78),,"Экономическая теория
",Л,Черноризова Н.В.,ауд. А-12 (В-78),,СРЕДА,4,14-20,15-50,II,"Экономическая теория
",Л,Черноризова Н.В.,ауд. А-12 (В-78),,"Экономическая теория
",Л,Черноризова Н.В.,ауд. А-12 (В-78),,СРЕДА
СРЕДА,5,16-20,17-50,I,,,,,,"кр. 1 н. Физическая культура и спорт
",П,,физ. ФОК-9 (В-78),,СРЕДА,5,16-20,17-50,I,,,,,,"кр. 1 н. Физическая культура и спорт
",П,,физ. ФОК-1 (В-78),,СРЕДА,5,16-20,17-50,I,"кр. 1 н. Философия
",П,Калинин Д.В.,ауд. А-401 (МП-1),,"кр. 1 н. Информатика
",П,,комп. И-212-г (В-78),,СРЕДА,5,16-20,17-50,I,,,,,,,,,,,СРЕДА,5,16-20,17-50,I,,,,,,,,,,,СРЕДА,5,16-20,17-50,I,,,,,,,,,,,СРЕДА,5,16-20,17-50,I,"кр. 1 н. Математический анализ
",Л,Журавлева Е.В.,ауд. А-12 (В-78),,"кр. 1 н. Математический анализ
",Л,Журавлева Е.В.,ауд. А-12 (В-78),,СРЕДА,5,16-20,17-50,I,"кр. 1 н. Математический анализ
",Л,Журавлева Е.В.,ауд. А-12 (В-78),,"кр. 1 н. Математический анализ
",Л,Журавлева Е.В.,ауд. А-12 (В-78),,СРЕДА
СРЕДА,5,16-20,17-50,II,,,,,,"Физическая культура и спорт
",П,,физ. ФОК-9 (В-78),,СРЕДА,5,16-20,17-50,II,"Общая теория систем
",П,Миронов А.А.,комп. И-202-а (В-78),,"Физическая культура и спорт
",П,,физ. ФОК-1 (В-78),,СРЕДА,5,16-20,17-50,II,,,,,,"Информатика
",П,,комп. И-212-г (В-78),,СРЕДА,5,16-20,17-50,II,"Информатика
",Л,Грошева П.Ю.,ауд. А-12 (В-78),,"Информатика
",Л,Грошева П.Ю.,ауд. А-12 (В-78),,СРЕДА,5,16-20,17-50,II,"Информатика
",Л,Грошева П.Ю.,ауд. А-12 (В-78),,"Информатика
",Л,Грошева П.Ю.,ауд. А-12 (В-78),,СРЕДА,5,16-20,17-50,II,"Информатика
",Л,Грошева П.Ю.,ауд. А-12 (В-78),,"Информатика
",Л,Грошева П.Ю.,ауд. А-12 (В-78),,СРЕДА,5,16-20,17-50,II,"История экономических учений
",П,Черноризова Н.В.,ауд. А-213м (В-78),,,,,,,СРЕДА,5,16-20,17-50,II,"Правоведение
",П,Милкина Е.В.,ауд. А-204 (В-78),,"Русский язык и культура речи
",П,Сиденкова Л.А.,ауд. А-111 (В-78),,СРЕДА
СРЕДА,6,18-00,19-30,I,,,,,,"кр. 1 н. Математический анализ
",П,Журавлева Е.В.,ауд. А-107 (В-78),,СРЕДА,6,18-00,19-30,I,,,,,,"кр. 1 н. Иностранный язык

кр. 1 н. Иностранный язык
","П

П","

","ауд. И-318 (В-78)

ауд. И-324 (В-78)","

",СРЕДА,6,18-00,19-30,I,,,,,,,,,,,СРЕДА,6,18-00,19-30,I,,,,,,,,,,,СРЕДА,6,18-00,19-30,I,,,,,,,,,,,СРЕДА,6,18-00,19-30,I,,,,,,,,,,,СРЕДА,6,18-00,19-30,I,,,,,,,,,,,СРЕДА,6,18-00,19-30,I,,,,,,,,,,,СРЕДА
СРЕДА,6,18-00,19-30,II,,,,,,"Математический анализ
",П,Журавлева Е.В.,ауд. А-107 (В-78),,СРЕДА,6,18-00,19-30,II,,,,,,"Иностранный язык

Иностранный язык
","П

П","

","ауд. И-318 (В-78)

ауд. И-324 (В-78)","

",СРЕДА,6,18-00,19-30,II,,,,,,,,,,,СРЕДА,6,18-00,19-30,II,,,,,,,,,,,СРЕДА,6,18-00,19-30,II,,,,,,,,,,,СРЕДА,6,18-00,19-30,II,"История статистики
",Л,Дарда Е.С.,ауд. А-4 (В-78),,"История статистики
",Л,Дарда Е.С.,ауд. А-4 (В-78),,СРЕДА,6,18-00,19-30,II,,,,,,,,,,,СРЕДА,6,18-00,19-30,II,"Экономическая теория
",П,Никулина С.А.,ауд. А-204 (В-78),,,,,,,СРЕДА
СРЕДА,7,19-40,21-10,I,,,,,,,,,,,СРЕДА,7,19-40,21-10,I,,,,,,,,,,,СРЕДА,7,19-40,21-10,I,,,,,,,,,,,СРЕДА,7,19-40,21-10,I,,,,,,,,,,,СРЕДА,7,19-40,21-10,I,,,,,,,,,,,СРЕДА,7,19-40,21-10,I,,,,,,,,,,,СРЕДА,7,19-40,21-10,I,,,,,,,,,,,СРЕДА,7,19-40,21-10,I,,,,,,,,,,,СРЕДА
СРЕДА,7,19-40,21-10,II,,,,,,,,,,,СРЕДА,7,19-40,21-10,II,,,,,,,,,,,СРЕДА,7,19-40,21-10,II,,,,,,,,,,,СРЕДА,7,19-40,21-10,II,,,,,,,,,,,СРЕДА,7,19-40,21-10,II,,,,,,,,,,,СРЕДА,7,19-40,21-10,II,,,,,,,,,,,СРЕДА,7,19-40,21-10,II,,,,,,,,,,,СРЕДА,7,19-40,21-10,II,,,,,,,,,,,СРЕДА
ЧЕТВЕРГ,1,9-00,10-30,I,,,,,,"кр. 17 н. Информатика
",П,,комп. ивц-110 (В-78),,ЧЕТВЕРГ,1,9-00,10-30,I,,,,,,,,,,,ЧЕТВЕРГ,1,9-00,10-30,I,,,,,,,,,,,ЧЕТВЕРГ,1,9-00,10-30,I,,,,,,,,,,,ЧЕТВЕРГ,1,9-00,10-30,I,,,,,,,,,,,ЧЕТВЕРГ,1,9-00,10-30,I,"кр. 17 н. Математический анализ
",Л,Журавлева Е.В.,ауд. А-425 (В-78),,"кр. 17 н. Математический анализ
",Л,Журавлева Е.В.,ауд. А-425 (В-78),,ЧЕТВЕРГ,1,9-00,10-30,I,"кр. 17 н. Физическая культура и спорт
",П,,физ. ФОК-11 (В-78),,,,,,,ЧЕТВЕРГ,1,9-00,10-30,I,,,,,,,,,,,ЧЕТВЕРГ
ЧЕТВЕРГ,1,9-00,10-30,II,,,,,,"Информатика
",П,,комп. ивц-110 (В-78),,ЧЕТВЕРГ,1,9-00,10-30,II,,,,,,,,,,,ЧЕТВЕРГ,1,9-00,10-30,II,,,,,,,,,,,ЧЕТВЕРГ,1,9-00,10-30,II,,,,,,,,,,,ЧЕТВЕРГ,1,9-00,10-30,II,,,,,,,,,,,ЧЕТВЕРГ,1,9-00,10-30,II,,,,,,,,,,,ЧЕТВЕРГ,1,9-00,10-30,II,"Физическая культура и спорт
",П,,физ. ФОК-11 (В-78),,,,,,,ЧЕТВЕРГ,1,9-00,10-30,II,"Русский язык и культура речи
",П,Калинина А.А.,ауд. А-111 (В-78),,"История экономических учений
",П,Черноризова Н.В.,ауд. А-203 (В-78),,ЧЕТВЕРГ
ЧЕТВЕРГ,2,10-40,12-10,I,,,,,,"кр. 17 н. Иностранный язык

кр. 17 н. Иностранный язык
","П

П","

","ауд. И-303 (В-78)

ауд. И-329 (В-78)","

",ЧЕТВЕРГ,2,10-40,12-10,I,,,,,,"кр. 17 н. Информатика
",П,,комп. ивц-110 (В-78),,ЧЕТВЕРГ,2,10-40,12-10,I,,,,,,"кр. 17 н. Математический анализ
",П,Журавлева Е.В.,ауд. А-425 (В-78),,ЧЕТВЕРГ,2,10-40,12-10,I,"кр. 17 н. Физическая культура и спорт
",П,,физ. ФОК-11 (В-78),,,,,,,ЧЕТВЕРГ,2,10-40,12-10,I,,,,,,,,,,,ЧЕТВЕРГ,2,10-40,12-10,I,"кр. 17 н. Правоведение
",П,Милкина Е.В.,ауд. А-6 (В-78),,"кр. 17 н. История статистики
",П,Маркович Е.Д.,ауд. А-222 (В-78),,ЧЕТВЕРГ,2,10-40,12-10,I,"кр. 17 н. Правоведение
",П,Милкина Е.В.,ауд. А-6 (В-78),,,,,,,ЧЕТВЕРГ,2,10-40,12-10,I,,,,,,,,,,,ЧЕТВЕРГ
ЧЕТВЕРГ,2,10-40,12-10,II,"Философия
",П,Солодухин Д.В.,ауд. А-400 (МП-1),,"Иностранный язык

Иностранный язык
","П

П","

","ауд. И-303 (В-78)

ауд. И-329 (В-78)","

",ЧЕТВЕРГ,2,10-40,12-10,II,,,,,,"Информатика
",П,,комп. ивц-110 (В-78),,ЧЕТВЕРГ,2,10-40,12-10,II,,,,,,"Математический анализ
",П,Журавлева Е.В.,ауд. А-425 (В-78),,ЧЕТВЕРГ,2,10-40,12-10,II,"Физическая культура и спорт
",П,,физ. ФОК-11 (В-78),,,,,,,ЧЕТВЕРГ,2,10-40,12-10,II,,,,,,,,,,,ЧЕТВЕРГ,2,10-40,12-10,II,"История экономических учений
",Л,Черноризова Н.В.,ауд. А-16 (В-78),,"История экономических учений
",Л,Черноризова Н.В.,ауд. А-16 (В-78),,ЧЕТВЕРГ,2,10-40,12-10,II,"История экономических учений
",Л,Черноризова Н.В.,ауд. А-16 (В-78),,"История экономических учений
",Л,Черноризова Н.В.,ауд. А-16 (В-78),,ЧЕТВЕРГ,2,10-40,12-10,II,"История экономических учений
",Л,Черноризова Н.В.,ауд. А-16 (В-78),,"История экономических учений
",Л,Черноризова Н.В.,ауд. А-16 (В-78),,ЧЕТВЕРГ
ЧЕТВЕРГ,3,12-40,14-10,I,,,,,,"кр. 17 н. Линейная алгебра
",П,Никольский И.М.,ауд. А-318 (В-78),,ЧЕТВЕРГ,3,12-40,14-10,I,,,,,,"кр. 17 н. Линейная алгебра
",П,Тихомирова А.В.,ауд. А-323 (В-78),,ЧЕТВЕРГ,3,12-40,14-10,I,"кр. 7,17 н. Правоведение
",П,Мазеин А.В.,ауд. А-219 (В-78),,"кр. 17 н. Микроэкономика
",П,Клишо С.А.,ауд. А-316 (В-78),,ЧЕТВЕРГ,3,12-40,14-10,I,"кр. 17 н. Общая теория систем
",П,Миронов А.А.,комп. И-212-в (В-78),,"кр. 17 н. Информатика
",П,,комп. И-203-а (В-78),,ЧЕТВЕРГ,3,12-40,14-10,I,,,,,,,,,,,ЧЕТВЕРГ,3,12-40,14-10,I,"кр. 17 н. История статистики
",П,Маркович Е.Д.,ауд. А-220 (В-78),,,,,,,ЧЕТВЕРГ,3,12-40,14-10,I,"кр. 17 н. Введение в профессиональную деятельность
",Л,Бекаева А.В.,ауд. A-1 (В-78),,"кр. 17 н. Введение в профессиональную деятельность
",Л,Бекаева А.В.,ауд. A-1 (В-78),,ЧЕТВЕРГ,3,12-40,14-10,I,"кр. 17 н. Введение в профессиональную деятельность
",Л,Бекаева А.В.,ауд. A-1 (В-78),,"кр. 17 н. Введение в профессиональную деятельность
",Л,Бекаева А.В.,ауд. A-1 (В-78),,ЧЕТВЕРГ
ЧЕТВЕРГ,3,12-40,14-10,II,,,,,,"Линейная алгебра
",П,Никольский И.М.,ауд. А-318 (В-78),,ЧЕТВЕРГ,3,12-40,14-10,II,,,,,,"Линейная алгебра
",П,Тихомирова А.В.,ауд. А-323 (В-78),,ЧЕТВЕРГ,3,12-40,14-10,II,"Микроэкономика
",П,Казанская И.В.,ауд. Д-208 (В-78),,"Микроэкономика
",П,Клишо С.А.,ауд. А-316 (В-78),,ЧЕТВЕРГ,3,12-40,14-10,II,,,,,,"Информатика
",П,,комп. И-203-а (В-78),,ЧЕТВЕРГ,3,12-40,14-10,II,,,,,,"Общая теория систем
",П,Миронов А.А.,комп. И-202-а (В-78),,ЧЕТВЕРГ,3,12-40,14-10,II,"История экономических учений
",П,Черноризова Н.В.,ауд. А-222 (В-78),,,,,,,ЧЕТВЕРГ,3,12-40,14-10,II,"Русский язык и культура речи
",П,Калинина А.А.,ауд. А-220 (В-78),,,,,,,ЧЕТВЕРГ,3,12-40,14-10,II,,,,,,,,,,,ЧЕТВЕРГ
ЧЕТВЕРГ,4,14-20,15-50,I,"кр. 17 н. Физическая культура и спорт
",П,,физ. ФОК-5 (В-78),,,,,,,ЧЕТВЕРГ,4,14-20,15-50,I,,,,,,,,,,,ЧЕТВЕРГ,4,14-20,15-50,I,,,,,,"кр. 17 н. Общая теория систем
",П,Миронов А.А.,комп. И-202-а (В-78),,ЧЕТВЕРГ,4,14-20,15-50,I,,,,,,"кр. 17 н. Линейная алгебра
",П,Тихомирова А.В.,ауд. А-323 (В-78),,ЧЕТВЕРГ,4,14-20,15-50,I,"кр. 17 н. Микроэкономика
",П,Казанская И.В.,ауд. А-204 (В-78),,"кр. 17 н. Физическая культура и спорт
",П,,физ. ФОК-11 (В-78),,ЧЕТВЕРГ,4,14-20,15-50,I,"кр. 17 н. Математический анализ
",П,Журавлева Е.В.,ауд. А-425 (В-78),,,,,,,ЧЕТВЕРГ,4,14-20,15-50,I,,,,,,,,,,,ЧЕТВЕРГ,4,14-20,15-50,I,,,,,,"кр. 17 н. Информатика
",П,,комп. И-212-б (В-78),,ЧЕТВЕРГ
ЧЕТВЕРГ,4,14-20,15-50,II,"Физическая культура и спорт
",П,,физ. ФОК-5 (В-78),,"Линейная алгебра
",Л,Никольский И.М.,ауд. А-15 (В-78),,ЧЕТВЕРГ,4,14-20,15-50,II,"Линейная алгебра
",Л,Никольский И.М.,ауд. А-15 (В-78),,"Линейная алгебра
",Л,Никольский И.М.,ауд. А-15 (В-78),,ЧЕТВЕРГ,4,14-20,15-50,II,"Линейная алгебра
",Л,Никольский И.М.,ауд. А-15 (В-78),,"Линейная алгебра
",Л,Никольский И.М.,ауд. А-15 (В-78),,ЧЕТВЕРГ,4,14-20,15-50,II,"Правоведение
",П,Филаткина А.П.,ауд. А-205 (В-78),,"Линейная алгебра
",П,Тихомирова А.В.,ауд. А-323 (В-78),,ЧЕТВЕРГ,4,14-20,15-50,II,"Микроэкономика
",П,Казанская И.В.,ауд. А-204 (В-78),,"Физическая культура и спорт
",П,,физ. ФОК-11 (В-78),,ЧЕТВЕРГ,4,14-20,15-50,II,"Математический анализ
",П,Журавлева Е.В.,ауд. А-425 (В-78),,,,,,,ЧЕТВЕРГ,4,14-20,15-50,II,,,,,,,,,,,ЧЕТВЕРГ,4,14-20,15-50,II,,,,,,,,,,,ЧЕТВЕРГ
ЧЕТВЕРГ,5,16-20,17-50,I,"кр. 17 н. Информационно-коммуникационные технологии
",Л,Жигалов О.С.,комп. И-204-б (В-78),,,,,,,ЧЕТВЕРГ,5,16-20,17-50,I,"кр. 17 н. Линейная алгебра
",П,Никольский И.М.,ауд. А-321 (В-78),,,,,,,ЧЕТВЕРГ,5,16-20,17-50,I,"кр. 17 н. Общая теория систем
",П,Миронов А.А.,комп. ивц-109 (В-78),,"кр. 17 н. Линейная алгебра
",П,Тихомирова А.В.,ауд. А-324 (В-78),,ЧЕТВЕРГ,5,16-20,17-50,I,,,,,,,,,,,ЧЕТВЕРГ,5,16-20,17-50,I,,,,,,"кр. 17 н. Информатика
",П,,комп. ивц-110 (В-78),,ЧЕТВЕРГ,5,16-20,17-50,I,"кр. 17 н. Физическая культура и спорт
",П,,физ. ФОК-11 (В-78),,,,,,,ЧЕТВЕРГ,5,16-20,17-50,I,,,,,,,,,,,ЧЕТВЕРГ,5,16-20,17-50,I,,,,,,"кр. 17 н. Информатика
",П,,комп. И-212-б (В-78),,ЧЕТВЕРГ
ЧЕТВЕРГ,5,16-20,17-50,II,"Информационно-коммуникационные технологии
",Л,Жигалов О.С.,комп. И-204-б (В-78),,,,,,,ЧЕТВЕРГ,5,16-20,17-50,II,"Линейная алгебра
",П,Никольский И.М.,ауд. А-321 (В-78),,,,,,,ЧЕТВЕРГ,5,16-20,17-50,II,"Микроэкономика
",П,Казанская И.В.,ауд. А-204 (В-78),,"Линейная алгебра
",П,Тихомирова А.В.,ауд. А-324 (В-78),,ЧЕТВЕРГ,5,16-20,17-50,II,"Общая теория систем
",Л,Миронов А.А.,ауд. А-17 (В-78),,"Общая теория систем
",Л,Миронов А.А.,ауд. А-17 (В-78),,ЧЕТВЕРГ,5,16-20,17-50,II,"Общая теория систем
",Л,Миронов А.А.,ауд. А-17 (В-78),,"Общая теория систем
",Л,Миронов А.А.,ауд. А-17 (В-78),,ЧЕТВЕРГ,5,16-20,17-50,II,"Физическая культура и спорт
",П,,физ. ФОК-11 (В-78),,,,,,,ЧЕТВЕРГ,5,16-20,17-50,II,,,,,,,,,,,ЧЕТВЕРГ,5,16-20,17-50,II,,,,,,,,,,,ЧЕТВЕРГ
ЧЕТВЕРГ,6,18-00,19-30,I,"кр. 17 н. Информационно-коммуникационные технологии
",П,Жигалов О.С.,комп. И-204-б (В-78),,,,,,,ЧЕТВЕРГ,6,18-00,19-30,I,"кр. 17 н. Математический анализ
",П,Журавлева Е.В.,ауд. А-321 (В-78),,,,,,,ЧЕТВЕРГ,6,18-00,19-30,I,,,,,,,,,,,ЧЕТВЕРГ,6,18-00,19-30,I,,,,,,,,,,,ЧЕТВЕРГ,6,18-00,19-30,I,,,,,,"кр. 17 н. Информатика
",П,,комп. ивц-110 (В-78),,ЧЕТВЕРГ,6,18-00,19-30,I,,,,,,,,,,,ЧЕТВЕРГ,6,18-00,19-30,I,,,,,,,,,,,ЧЕТВЕРГ,6,18-00,19-30,I,,,,,,,,,,,ЧЕТВЕРГ
ЧЕТВЕРГ,6,18-00,19-30,II,"Информационно-коммуникационные технологии
",П,Жигалов О.С.,комп. И-204-б (В-78),,,,,,,ЧЕТВЕРГ,6,18-00,19-30,II,"Математический анализ
",П,Журавлева Е.В.,ауд. А-321 (В-78),,,,,,,ЧЕТВЕРГ,6,18-00,19-30,II,,,,,,,,,,,ЧЕТВЕРГ,6,18-00,19-30,II,,,,,,,,,,,ЧЕТВЕРГ,6,18-00,19-30,II,,,,,,,,,,,ЧЕТВЕРГ,6,18-00,19-30,II,,,,,,,,,,,ЧЕТВЕРГ,6,18-00,19-30,II,,,,,,,,,,,ЧЕТВЕРГ,6,18-00,19-30,II,,,,,,,,,,,ЧЕТВЕРГ
ЧЕТВЕРГ,7,19-40,21-10,I,,,,,,,,,,,ЧЕТВЕРГ,7,19-40,21-10,I,,,,,,,,,,,ЧЕТВЕРГ,7,19-40,21-10,I,,,,,,,,,,,ЧЕТВЕРГ,7,19-40,21-10,I,,,,,,,,,,,ЧЕТВЕРГ,7,19-40,21-10,I,,,,,,,,,,,ЧЕТВЕРГ,7,19-40,21-10,I,,,,,,,,,,,ЧЕТВЕРГ,7,19-40,21-10,I,,,,,,,,,,,ЧЕТВЕРГ,7,19-40,21-10,I,,,,,,,,,,,ЧЕТВЕРГ
ЧЕТВЕРГ,7,19-40,21-10,II,,,,,,,,,,,ЧЕТВЕРГ,7,19-40,21-10,II,,,,,,,,,,,ЧЕТВЕРГ,7,19-40,21-10,II,,,,,,,,,,,ЧЕТВЕРГ,7,19-40,21-10,II,,,,,,,,,,,ЧЕТВЕРГ,7,19-40,21-10,II,,,,,,,,,,,ЧЕТВЕРГ,7,19-40,21-10,II,,,,,,,,,,,ЧЕТВЕРГ,7,19-40,21-10,II,,,,,,,,,,,ЧЕТВЕРГ,7,19-40,21-10,II,,,,,,,,,,,ЧЕТВЕРГ
ПЯТНИЦА,1,9-00,10-30,I,,,,,,,,,,,ПЯТНИЦА,1,9-00,10-30,I,"кр. 17 н. Физическая культура и спорт
",П,,физ. ФОК-11 (В-78),,,,,,,ПЯТНИЦА,1,9-00,10-30,I,"кр. 17 н. Информатика
",П,,комп. И-204-в (В-78),,,,,,,ПЯТНИЦА,1,9-00,10-30,I,"кр. 17 н. Линейная алгебра
",Л,Студеникина Л.И.,ауд. Б-115 (В-78),,"кр. 17 н. Линейная алгебра
",Л,Студеникина Л.И.,ауд. Б-115 (В-78),,ПЯТНИЦА,1,9-00,10-30,I,"кр. 17 н. Линейная алгебра
",Л,Студеникина Л.И.,ауд. Б-115 (В-78),,"кр. 17 н. Линейная алгебра
",Л,Студеникина Л.И.,ауд. Б-115 (В-78),,ПЯТНИЦА,1,9-00,10-30,I,,,,,,,,,,,ПЯТНИЦА,1,9-00,10-30,I,,,,,,,,,,,ПЯТНИЦА,1,9-00,10-30,I,,,,,,"кр. 17 н. Математический анализ
",П,Тихомирова А.В.,ауд. А-177-1 (В-78),,ПЯТНИЦА
ПЯТНИЦА,1,9-00,10-30,II,,,,,,,,,,,ПЯТНИЦА,1,9-00,10-30,II,"Физическая культура и спорт
",П,,физ. ФОК-11 (В-78),,,,,,,ПЯТНИЦА,1,9-00,10-30,II,"Информатика
",П,,комп. И-204-в (В-78),,,,,,,ПЯТНИЦА,1,9-00,10-30,II,,,,,,,,,,,ПЯТНИЦА,1,9-00,10-30,II,,,,,,,,,,,ПЯТНИЦА,1,9-00,10-30,II,"Линейная алгебра
",Л,Студеникина Л.И.,ауд. А-182 (В-78),,"Линейная алгебра
",Л,Студеникина Л.И.,ауд. А-182 (В-78),,ПЯТНИЦА,1,9-00,10-30,II,,,,,,,,,,,ПЯТНИЦА,1,9-00,10-30,II,,,,,,"Математический анализ
",П,Тихомирова А.В.,ауд. А-177-1 (В-78),,ПЯТНИЦА
ПЯТНИЦА,2,10-40,12-10,I,,,,,,"кр. 17 н. Общая теория систем
",П,Миронов А.А.,комп. И-202-б (В-78),,ПЯТНИЦА,2,10-40,12-10,I,"кр. 17 н. Правоведение
",П,Мазеин А.В.,ауд. А-204 (В-78),,"кр. 17 н. Математический анализ
",П,Журавлева Е.В.,ауд. А-182 (В-78),,ПЯТНИЦА,2,10-40,12-10,I,"кр. 17 н. Математический анализ
",П,Михайлова О.Ю.,ауд. А-177 (В-78),,,,,,,ПЯТНИЦА,2,10-40,12-10,I,"кр. 17 н. Линейная алгебра
",П,Тихомирова А.В.,ауд. А-107 (В-78),,"кр. 17 н. Иностранный язык

кр. 17 н. Иностранный язык
","П

П","

","ауд. И-305 (В-78)

ауд. И-323 (В-78)","

",ПЯТНИЦА,2,10-40,12-10,I,"кр. 17 н. Иностранный язык

кр. 17 н. Иностранный язык
","П

П","

","ауд. И-320 (В-78)

ауд. И-321 (В-78)","

",,,,,,ПЯТНИЦА,2,10-40,12-10,I,,,,,,,,,,,ПЯТНИЦА,2,10-40,12-10,I,,,,,,"кр. 17 н. Русский язык и культура речи
",П,Калинина А.А.,ауд. А-219 (В-78),,ПЯТНИЦА,2,10-40,12-10,I,"кр. 17 н. Математический анализ
",П,Студеникина Л.И.,ауд. А-177-1 (В-78),,"кр. 17 н. Физическая культура и спорт
",П,,физ. ФОК-11 (В-78),,ПЯТНИЦА
ПЯТНИЦА,2,10-40,12-10,II,,,,,,,,,,,ПЯТНИЦА,2,10-40,12-10,II,,,,,,"Математический анализ
",П,Журавлева Е.В.,ауд. А-182 (В-78),,ПЯТНИЦА,2,10-40,12-10,II,"Математический анализ
",П,Михайлова О.Ю.,ауд. А-177 (В-78),,,,,,,ПЯТНИЦА,2,10-40,12-10,II,"Линейная алгебра
",П,Тихомирова А.В.,ауд. А-107 (В-78),,"Иностранный язык

Иностранный язык
","П

П","

","ауд. И-305 (В-78)

ауд. И-323 (В-78)","

",ПЯТНИЦА,2,10-40,12-10,II,"Иностранный язык

Иностранный язык
","П

П","

","ауд. И-320 (В-78)

ауд. И-321 (В-78)","

","Правоведение
",П,Филаткина А.П.,ауд. А-208 (В-78),,ПЯТНИЦА,2,10-40,12-10,II,,,,,,"Социология
",П,Селиванов Л.И.,ауд. А-222 (В-78),,ПЯТНИЦА,2,10-40,12-10,II,,,,,,,,,,,ПЯТНИЦА,2,10-40,12-10,II,"Математический анализ
",П,Студеникина Л.И.,ауд. А-177-1 (В-78),,"Физическая культура и спорт
",П,,физ. ФОК-11 (В-78),,ПЯТНИЦА
ПЯТНИЦА,3,12-40,14-10,I,,,,,,,,,,,ПЯТНИЦА,3,12-40,14-10,I,,,,,,,,,,,ПЯТНИЦА,3,12-40,14-10,I,"кр. 17 н. Физическая культура и спорт
",П,,физ. ФОК-11 (В-78),,,,,,,ПЯТНИЦА,3,12-40,14-10,I,"кр. 17 н. Микроэкономика
",П,Казанская И.В.,ауд. А-222 (В-78),,,,,,,ПЯТНИЦА,3,12-40,14-10,I,"кр. 17 н. Математический анализ
",П,Михайлова О.Ю.,ауд. А-177 (В-78),,,,,,,ПЯТНИЦА,3,12-40,14-10,I,,,,,,,,,,,ПЯТНИЦА,3,12-40,14-10,I,,,,,,"3-9 н. Экономическая теория
",П,Черноризова Н.В.,ауд. А-173 (В-78),,ПЯТНИЦА,3,12-40,14-10,I,"кр. 17 н. Линейная алгебра
",П,Студеникина Л.И.,ауд. А-177-1 (В-78),,"кр. 17 н. Линейная алгебра
",П,Тихомирова А.В.,ауд. А-180 (В-78),,ПЯТНИЦА
ПЯТНИЦА,3,12-40,14-10,II,,,,,,"Микроэкономика
",П,Клишо С.А.,ауд. А-314 (В-78),,ПЯТНИЦА,3,12-40,14-10,II,,,,,,,,,,,ПЯТНИЦА,3,12-40,14-10,II,"Физическая культура и спорт
",П,,физ. ФОК-11 (В-78),,,,,,,ПЯТНИЦА,3,12-40,14-10,II,"Микроэкономика
",П,Казанская И.В.,ауд. А-222 (В-78),,,,,,,ПЯТНИЦА,3,12-40,14-10,II,"Математический анализ
",П,Михайлова О.Ю.,ауд. А-177 (В-78),,,,,,,ПЯТНИЦА,3,12-40,14-10,II,"Социология
",П,Селиванов Л.И.,ауд. А-7 (В-78),,,,,,,ПЯТНИЦА,3,12-40,14-10,II,,,,,,"2-8 н. Экономическая теория
",П,Черноризова Н.В.,ауд. А-173 (В-78),,ПЯТНИЦА,3,12-40,14-10,II,"Линейная алгебра
",П,Студеникина Л.И.,ауд. А-177-1 (В-78),,"Линейная алгебра
",П,Тихомирова А.В.,ауд. А-180 (В-78),,ПЯТНИЦА
ПЯТНИЦА,4,14-20,15-50,I,"кр. 17 н. Документирование исторических источников
",П,Клейтман А.Л.,ауд. А-205 (В-78),,,,,,,ПЯТНИЦА,4,14-20,15-50,I,,,,,,,,,,,ПЯТНИЦА,4,14-20,15-50,I,"кр. 17 н. Иностранный язык

кр. 17 н. Иностранный язык
","П

П","

","ауд. И-315 (В-78)

ауд. И-329 (В-78)","

","кр. 17 н. Иностранный язык

кр. 17 н. Иностранный язык
","П

П","

","ауд. И-300 (В-78)

ауд. И-330 (В-78)","

",ПЯТНИЦА,4,14-20,15-50,I,"кр. 17 н. Иностранный язык

кр. 17 н. Иностранный язык
","П

П","

","ауд. И-324 (В-78)

ауд. И-313 (В-78)","

",,,,,,ПЯТНИЦА,4,14-20,15-50,I,"кр. 17 н. Линейная алгебра
",П,Тихомирова А.В.,ауд. А-323 (В-78),,,,,,,ПЯТНИЦА,4,14-20,15-50,I,,,,,,,,,,,ПЯТНИЦА,4,14-20,15-50,I,,,,,,"кр. 17 н. Экономическая теория
",П,Черноризова Н.В.,ауд. А-217 (В-78),,ПЯТНИЦА,4,14-20,15-50,I,"кр. 17 н. Экономическая теория
",П,Никулина С.А.,ауд. А-324 (В-78),,"кр. 17 н. Иностранный язык

кр. 17 н. Иностранный язык
","П

П","

","ауд. И-326 (В-78)

ауд. И-302 (В-78)","

",ПЯТНИЦА
ПЯТНИЦА,4,14-20,15-50,II,"Документирование исторических источников
",П,Клейтман А.Л.,ауд. А-205 (В-78),,"Микроэкономика
",П,Клишо С.А.,ауд. А-314 (В-78),,ПЯТНИЦА,4,14-20,15-50,II,,,,,,,,,,,ПЯТНИЦА,4,14-20,15-50,II,"Иностранный язык

Иностранный язык
","П

П","

","ауд. И-315 (В-78)

ауд. И-329 (В-78)","

","Иностранный язык

Иностранный язык
","П

П","

","ауд. И-300 (В-78)

ауд. И-330 (В-78)","

",ПЯТНИЦА,4,14-20,15-50,II,"Иностранный язык

Иностранный язык
","П

П","

","ауд. И-324 (В-78)

ауд. И-313 (В-78)","

",,,,,,ПЯТНИЦА,4,14-20,15-50,II,"Линейная алгебра
",П,Тихомирова А.В.,ауд. А-323 (В-78),,,,,,,ПЯТНИЦА,4,14-20,15-50,II,,,,,,,,,,,ПЯТНИЦА,4,14-20,15-50,II,,,,,,"Экономическая теория
",П,Черноризова Н.В.,ауд. А-217 (В-78),,ПЯТНИЦА,4,14-20,15-50,II,"Экономическая теория
",П,Никулина С.А.,ауд. А-324 (В-78),,"Иностранный язык

Иностранный язык
","П

П","

","ауд. И-326 (В-78)

ауд. И-302 (В-78)","

",ПЯТНИЦА
ПЯТНИЦА,5,16-20,17-50,I,"кр. 17 н. Документная лингвистика
",Л,,ауд. А-213м (В-78),,,,,,,ПЯТНИЦА,5,16-20,17-50,I,,,,,,,,,,,ПЯТНИЦА,5,16-20,17-50,I,,,,,,"кр. 17 н. Физическая культура и спорт
",П,,физ. ФОК-11 (В-78),,ПЯТНИЦА,5,16-20,17-50,I,"кр. 17 н. Информатика
",П,,комп. И-212-в (В-78),,,,,,,ПЯТНИЦА,5,16-20,17-50,I,,,,,,,,,,,ПЯТНИЦА,5,16-20,17-50,I,,,,,,,,,,,ПЯТНИЦА,5,16-20,17-50,I,,,,,,"кр. 17 н. Линейная алгебра
",П,Тихомирова А.В.,ауд. А-323 (В-78),,ПЯТНИЦА,5,16-20,17-50,I,"кр. 17 н. Иностранный язык
",П,Катахова Н.В.,ауд. Б-402 (В-78),,,,,,,ПЯТНИЦА
ПЯТНИЦА,5,16-20,17-50,II,"Документная лингвистика
",Л,,ауд. А-213м (В-78),,,,,,,ПЯТНИЦА,5,16-20,17-50,II,,,,,,,,,,,ПЯТНИЦА,5,16-20,17-50,II,,,,,,"Физическая культура и спорт
",П,,физ. ФОК-11 (В-78),,ПЯТНИЦА,5,16-20,17-50,II,"Информатика
",П,,комп. И-212-в (В-78),,,,,,,ПЯТНИЦА,5,16-20,17-50,II,,,,,,,,,,,ПЯТНИЦА,5,16-20,17-50,II,,,,,,,,,,,ПЯТНИЦА,5,16-20,17-50,II,,,,,,"Линейная алгебра
",П,Тихомирова А.В.,ауд. А-323 (В-78),,ПЯТНИЦА,5,16-20,17-50,II,"Иностранный язык
",П,Катахова Н.В.,ауд. Б-402 (В-78),,"Экономическая теория
",П,Никулина С.А.,ауд. А-204 (В-78),,ПЯТНИЦА
ПЯТНИЦА,6,18-00,19-30,I,,,,,,,,,,,ПЯТНИЦА,6,18-00,19-30,I,,,,,,,,,,,ПЯТНИЦА,6,18-00,19-30,I,,,,,,,,,,,ПЯТНИЦА,6,18-00,19-30,I,,,,,,,,,,,ПЯТНИЦА,6,18-00,19-30,I,,,,,,,,,,,ПЯТНИЦА,6,18-00,19-30,I,,,,,,,,,,,ПЯТНИЦА,6,18-00,19-30,I,,,,,,"кр. 17 н. Иностранный язык
",П,Катахова Н.В.,ауд. Б-402 (В-78),,ПЯТНИЦА,6,18-00,19-30,I,"кр. 17 н. Информатика
",П,,комп. И-203-а (В-78),,,,,,,ПЯТНИЦА
ПЯТНИЦА,6,18-00,19-30,II,,,,,,,,,,,ПЯТНИЦА,6,18-00,19-30,II,,,,,,,,,,,ПЯТНИЦА,6,18-00,19-30,II,,,,,,,,,,,ПЯТНИЦА,6,18-00,19-30,II,,,,,,,,,,,ПЯТНИЦА,6,18-00,19-30,II,,,,,,,,,,,ПЯТНИЦА,6,18-00,19-30,II,,,,,,,,,,,ПЯТНИЦА,6,18-00,19-30,II,,,,,,"Иностранный язык
",П,Катахова Н.В.,ауд. Б-402 (В-78),,ПЯТНИЦА,6,18-00,19-30,II,"Информатика
",П,,комп. И-203-а (В-78),,,,,,,ПЯТНИЦА
ПЯТНИЦА,7,19-40,21-10,I,,,,,,,,,,,ПЯТНИЦА,7,19-40,21-10,I,,,,,,,,,,,ПЯТНИЦА,7,19-40,21-10,I,,,,,,,,,,,ПЯТНИЦА,7,19-40,21-10,I,,,,,,,,,,,ПЯТНИЦА,7,19-40,21-10,I,,,,,,,,,,,ПЯТНИЦА,7,19-40,21-10,I,,,,,,,,,,,ПЯТНИЦА,7,19-40,21-10,I,,,,,,,,,,,ПЯТНИЦА,7,19-40,21-10,I,,,,,,,,,,,ПЯТНИЦА
ПЯТНИЦА,7,19-40,21-10,II,,,,,,,,,,,ПЯТНИЦА,7,19-40,21-10,II,,,,,,,,,,,ПЯТНИЦА,7,19-40,21-10,II,,,,,,,,,,,ПЯТНИЦА,7,19-40,21-10,II,,,,,,,,,,,ПЯТНИЦА,7,19-40,21-10,II,,,,,,,,,,,ПЯТНИЦА,7,19-40,21-10,II,,,,,,,,,,,ПЯТНИЦА,7,19-40,21-10,II,,,,,,,,,,,ПЯТНИЦА,7,19-40,21-10,II,,,,,,,,,,,ПЯТНИЦА
СУББОТА,1,9-00,10-30,I,,,,,,"1,5,9,13 н. Правоведение
",П,,ауд. А-206 (В-78),,СУББОТА,1,9-00,10-30,I,,,,,,,,,,,СУББОТА,1,9-00,10-30,I,,,,,,,,,,,СУББОТА,1,9-00,10-30,I,,,,,,,,,,,СУББОТА,1,9-00,10-30,I,,,,,,,,,,,СУББОТА,1,9-00,10-30,I,,,,,,,,,,,СУББОТА,1,9-00,10-30,I,"кр. 17 н. Информатика
",П,,комп. ивц-118 (В-78),,,,,,,СУББОТА,1,9-00,10-30,I,,,,,,,,,,,СУББОТА
СУББОТА,1,9-00,10-30,II,,,,,,,,,,,СУББОТА,1,9-00,10-30,II,,,,,,,,,,,СУББОТА,1,9-00,10-30,II,,,,,,,,,,,СУББОТА,1,9-00,10-30,II,,,,,,,,,,,СУББОТА,1,9-00,10-30,II,,,,,,,,,,,СУББОТА,1,9-00,10-30,II,,,,,,,,,,,СУББОТА,1,9-00,10-30,II,"Информатика
",П,,комп. ивц-118 (В-78),,,,,,,СУББОТА,1,9-00,10-30,II,,,,,,,,,,,СУББОТА
СУББОТА,2,10-40,12-10,I,"кр. 17 н. Иностранный язык

кр. 17 н. Иностранный язык
","П

П","

","ауд. И-327 (В-78)

ауд. И-333 (В-78)","

","1,5,9,13 н. Правоведение
",П,,ауд. А-206 (В-78),,СУББОТА,2,10-40,12-10,I,,,,,,,,,,,СУББОТА,2,10-40,12-10,I,,,,,,,,,,,СУББОТА,2,10-40,12-10,I,,,,,,,,,,,СУББОТА,2,10-40,12-10,I,,,,,,,,,,,СУББОТА,2,10-40,12-10,I,"кр. 17 н. Информатика
",П,,комп. ивц-118 (В-78),,,,,,,СУББОТА,2,10-40,12-10,I,"1-7 н. Экономическая теория
",П,Черноризова Н.В.,ауд. А-177-1 (В-78),,,,,,,СУББОТА,2,10-40,12-10,I,,,,,,,,,,,СУББОТА
СУББОТА,2,10-40,12-10,II,"Иностранный язык

Иностранный язык
","П

П","

","ауд. И-327 (В-78)

ауд. И-333 (В-78)","

",,,,,,СУББОТА,2,10-40,12-10,II,,,,,,,,,,,СУББОТА,2,10-40,12-10,II,,,,,,,,,,,СУББОТА,2,10-40,12-10,II,,,,,,,,,,,СУББОТА,2,10-40,12-10,II,,,,,,,,,,,СУББОТА,2,10-40,12-10,II,"Информатика
",П,,комп. ивц-118 (В-78),,,,,,,СУББОТА,2,10-40,12-10,II,"2-8 н. Экономическая теория
",П,Черноризова Н.В.,ауд. А-177-1 (В-78),,,,,,,СУББОТА,2,10-40,12-10,II,,,,,,,,,,,СУББОТА
СУББОТА,3,12-40,14-10,I,,,,,,,,,,,СУББОТА,3,12-40,14-10,I,"кр. 17 н. Информатика
",П,,комп. ивц-109 (В-78),,,,,,,СУББОТА,3,12-40,14-10,I,,,,,,,,,,,СУББОТА,3,12-40,14-10,I,,,,,,,,,,,СУББОТА,3,12-40,14-10,I,,,,,,,,,,,СУББОТА,3,12-40,14-10,I,"кр. 17 н. Иностранный язык

кр. 17 н. Иностранный язык
","П

П","

","ауд. И-313 (В-78)

ауд. И-319 (В-78)","

",,,,,,СУББОТА,3,12-40,14-10,I,,,,,,,,,,,СУББОТА,3,12-40,14-10,I,,,,,,,,,,,СУББОТА
СУББОТА,3,12-40,14-10,II,,,,,,,,,,,СУББОТА,3,12-40,14-10,II,,,,,,,,,,,СУББОТА,3,12-40,14-10,II,,,,,,,,,,,СУББОТА,3,12-40,14-10,II,,,,,,,,,,,СУББОТА,3,12-40,14-10,II,,,,,,,,,,,СУББОТА,3,12-40,14-10,II,"Иностранный язык

Иностранный язык
","П

П","

","ауд. И-313 (В-78)

ауд. И-319 (В-78)","

",,,,,,СУББОТА,3,12-40,14-10,II,,,,,,,,,,,СУББОТА,3,12-40,14-10,II,,,,,,,,,,,СУББОТА
СУББОТА,4,14-20,15-50,I,,,,,,,,,,,СУББОТА,4,14-20,15-50,I,"кр. 17 н. Информатика
",П,,комп. ивц-109 (В-78),,,,,,,СУББОТА,4,14-20,15-50,I,,,,,,,,,,,СУББОТА,4,14-20,15-50,I,,,,,,,,,,,СУББОТА,4,14-20,15-50,I,,,,,,,,,,,СУББОТА,4,14-20,15-50,I,,,,,,,,,,,СУББОТА,4,14-20,15-50,I,,,,,,,,,,,СУББОТА,4,14-20,15-50,I,,,,,,,,,,,СУББОТА
СУББОТА,4,14-20,15-50,II,,,,,,,,,,,СУББОТА,4,14-20,15-50,II,,,,,,,,,,,СУББОТА,4,14-20,15-50,II,,,,,,,,,,,СУББОТА,4,14-20,15-50,II,,,,,,,,,,,СУББОТА,4,14-20,15-50,II,,,,,,,,,,,СУББОТА,4,14-20,15-50,II,,,,,,,,,,,СУББОТА,4,14-20,15-50,II,,,,,,,,,,,СУББОТА,4,14-20,15-50,II,,,,,,,,,,,СУББОТА
СУББОТА,5,16-20,17-50,I,,,,,,,,,,,СУББОТА,5,16-20,17-50,I,,,,,,,,,,,СУББОТА,5,16-20,17-50,I,,,,,,,,,,,СУББОТА,5,16-20,17-50,I,,,,,,,,,,,СУББОТА,5,16-20,17-50,I,,,,,,,,,,,СУББОТА,5,16-20,17-50,I,,,,,,,,,,,СУББОТА,5,16-20,17-50,I,,,,,,,,,,,СУББОТА,5,16-20,17-50,I,,,,,,,,,,,СУББОТА
СУББОТА,5,16-20,17-50,II,,,,,,"Правоведение
",Л,Свечникова В.В.,ауд. Дистанционно (СДО),,СУББОТА,5,16-20,17-50,II,"Правоведение
",Л,Свечникова В.В.,ауд. Дистанционно (СДО),,"Правоведение
",Л,Свечникова В.В.,ауд. Дистанционно (СДО),,СУББОТА,5,16-20,17-50,II,"Правоведение
",Л,Свечникова В.В.,ауд. Дистанционно (СДО),,"Правоведение
",Л,Свечникова В.В.,ауд. Дистанционно (СДО),,СУББОТА,5,16-20,17-50,II,"Правоведение
",Л,Свечникова В.В.,ауд. Дистанционно (СДО),,"Правоведение
",Л,Свечникова В.В.,ауд. Дистанционно (СДО),,СУББОТА,5,16-20,17-50,II,"Правоведение
",Л,Свечникова В.В.,ауд. Дистанционно (СДО),,"Правоведение
",Л,Свечникова В.В.,ауд. Дистанционно (СДО),,СУББОТА,5,16-20,17-50,II,"Правоведение
",Л,Свечникова В.В.,ауд. Дистанционно (СДО),,"Правоведение
",Л,Свечникова В.В.,ауд. Дистанционно (СДО),,СУББОТА,5,16-20,17-50,II,"Правоведение
",Л,Свечникова В.В.,ауд. Дистанционно (СДО),,"Правоведение
",Л,Свечникова В.В.,ауд. Дистанционно (СДО),,СУББОТА,5,16-20,17-50,II,"Правоведение
",Л,Свечникова В.В.,ауд. Дистанционно (СДО),,"Правоведение
",Л,Свечникова В.В.,ауд. Дистанционно (СДО),,СУББОТА
СУББОТА,6,18-00,19-30,I,,,,,,,,,,,СУББОТА,6,18-00,19-30,I,,,,,,,,,,,СУББОТА,6,18-00,19-30,I,,,,,,,,,,,СУББОТА,6,18-00,19-30,I,,,,,,,,,,,СУББОТА,6,18-00,19-30,I,,,,,,,,,,,СУББОТА,6,18-00,19-30,I,,,,,,,,,,,СУББОТА,6,18-00,19-30,I,,,,,,,,,,,СУББОТА,6,18-00,19-30,I,,,,,,,,,,,СУББОТА
СУББОТА,6,18-00,19-30,II,,,,,,,,,,,СУББОТА,6,18-00,19-30,II,,,,,,,,,,,СУББОТА,6,18-00,19-30,II,,,,,,,,,,,СУББОТА,6,18-00,19-30,II,,,,,,,,,,,СУББОТА,6,18-00,19-30,II,,,,,,,,,,,СУББОТА,6,18-00,19-30,II,,,,,,,,,,,СУББОТА,6,18-00,19-30,II,,,,,,,,,,,СУББОТА,6,18-00,19-30,II,,,,,,,,,,,СУББОТА
СУББОТА,7,19-40,21-10,I,,,,,,,,,,,СУББОТА,7,19-40,21-10,I,,,,,,,,,,,СУББОТА,7,19-40,21-10,I,,,,,,,,,,,СУББОТА,7,19-40,21-10,I,,,,,,,,,,,СУББОТА,7,19-40,21-10,I,,,,,,,,,,,СУББОТА,7,19-40,21-10,I,,,,,,,,,,,СУББОТА,7,19-40,21-10,I,,,,,,,,,,,СУББОТА,7,19-40,21-10,I,,,,,,,,,,,СУББОТА
СУББОТА,7,19-40,21-10,II,,,,,,,,,,,СУББОТА,7,19-40,21-10,II,,,,,,,,,,,СУББОТА,7,19-40,21-10,II,,,,,,,,,,,СУББОТА,7,19-40,21-10,II,,,,,,,,,,,СУББОТА,7,19-40,21-10,II,,,,,,,,,,,СУББОТА,7,19-40,21-10,II,,,,,,,,,,,СУББОТА,7,19-40,21-10,II,,,,,,,,,,,СУББОТА,7,19-40,21-10,II,,,,,,,,,,,СУББОТА
